ID,Title,Original Title,Release Date,Popularity,Vote Average,Vote Count,Original Language,Adult,Overview,clean_overview,original_word_count,clean_word_count,stemmed_overview,lemmatized_overview,pos_tags
969681,Spider-Man: Brand New Day,Spider-Man: Brand New Day,2026-07-29,587.1819,7.865,3016,en,False,Fighting crime full-time as Spider-Man in a world that doesn't remember him—and the pressure of seeing his old friends move on without him—sparks a change in Peter Parker he may not have the power to control. But that transformation might also be the only thing that can stop a shocking new threat to the city and those he loves - a powerful villain no one can even see.,fighting crime fulltime spiderman pressure seeing old friends move without change peter parker may power control transformation might also thing stop shocking threat city loves powerful villain even see,68,29,fight crime fulltim spiderman pressur see old friend move without chang peter parker may power control transform might also thing stop shock threat citi love power villain even see,fighting crime fulltime spiderman pressure seeing old friend move without change peter parker may power control transformation might also thing stop shocking threat city love powerful villain even see,"[('fighting', 'VERB'), ('crime', 'NOUN'), ('fulltime', 'ADJ'), ('spiderman', 'ADJ'), ('pressure', 'NOUN'), ('seeing', 'VERB'), ('old', 'ADJ'), ('friends', 'NOUN'), ('move', 'VERB'), ('without', 'ADP'), ('change', 'NOUN'), ('peter', 'NOUN'), ('parker', 'NOUN'), ('may', 'VERB'), ('power', 'NOUN'), ('control', 'VERB'), ('transformation', 'NOUN'), ('might', 'VERB'), ('also', 'ADV'), ('thing', 'NOUN'), ('stop', 'NOUN'), ('shocking', 'VERB'), ('threat', 'NOUN'), ('city', 'NOUN'), ('loves', 'VERB'), ('powerful', 'ADJ'), ('villain', 'ADV'), ('even', 'ADV'), ('see', 'VERB')]"
1599191,Renegade Immortal: Battle of the Immortal Slayer,仙逆剧场版：弑仙之战,2026-10-01,415.565,7.591,11,zh,False,"Trapped in a fatal pursuit within the Celestial Realm of Thunder, Wang Lin faces his ultimate crisis. Watch the underdog defy the odds, flip the script in a world-shaking counterattack, and achieve the ultimate, magnificent feat: SLAYING A CELESTIAL.",trapped fatal pursuit within celestial realm wang faces ultimate defy odds script achieve ultimate magnificent celestial,39,16,trap fatal pursuit within celesti realm wang face ultim defi odd script achiev ultim magnific celesti,trapped fatal pursuit within celestial realm wang face ultimate defy odds script achieve ultimate magnificent celestial,"[('trapped', 'VERB'), ('fatal', 'ADJ'), ('pursuit', 'NOUN'), ('within', 'ADP'), ('celestial', 'ADJ'), ('realm', 'NOUN'), ('wang', 'NOUN'), ('faces', 'VERB'), ('ultimate', 'ADJ'), ('defy', 'NOUN'), ('odds', 'NOUN'), ('script', 'VERB'), ('achieve', 'VERB'), ('ultimate', 'ADJ'), ('magnificent', 'NOUN'), ('celestial', 'NOUN')]"
1423191,Resident Evil,Resident Evil,2026-09-16,397.2336,7.295,720,en,False,"Medical courier Bryan unwittingly finds himself fighting for survival as one fateful, horrifying night collapses around him in chaos.",medical unwittingly finds fighting survival horrifying night around chaos,19,9,medic unwittingli find fight surviv horrifi night around chao,medical unwittingly find fighting survival horrifying night around chaos,"[('medical', 'ADJ'), ('unwittingly', 'ADV'), ('finds', 'VERB'), ('fighting', 'VERB'), ('survival', 'ADJ'), ('horrifying', 'VERB'), ('night', 'NOUN'), ('around', 'ADP'), ('chaos', 'NOUN')]"
1368337,The Odyssey,The Odyssey,2026-07-15,313.748,8.011,4007,en,False,"Odysseus, the legendary King of Ithaca, embarks on a long and perilous journey home following the Trojan War. Throughout his voyage, he is forced to confront the whims of gods, mythological monsters, and trials that stretch both his cunning and his humanity to the breaking point.",legendary king embarks long perilous journey home following trojan war throughout voyage forced confront gods monsters trials stretch cunning humanity breaking point,46,22,legendari king embark long peril journey home follow trojan war throughout voyag forc confront god monster trial stretch cun human break point,legendary king embarks long perilous journey home following trojan war throughout voyage forced confront god monster trial stretch cunning humanity breaking point,"[('legendary', 'ADJ'), ('king', 'NOUN'), ('embarks', 'NOUN'), ('long', 'ADV'), ('perilous', 'ADJ'), ('journey', 'NOUN'), ('home', 'NOUN'), ('following', 'VERB'), ('trojan', 'ADJ'), ('war', 'NOUN'), ('throughout', 'ADP'), ('voyage', 'NOUN'), ('forced', 'VERB'), ('confront', 'ADJ'), ('gods', 'NOUN'), ('monsters', 'NOUN'), ('trials', 'NOUN'), ('stretch', 'VERB'), ('cunning', 'VERB'), ('humanity', 'NOUN'), ('breaking', 'NOUN'), ('point', 'NOUN')]"
1204680,Coyote vs. Acme,Coyote vs. Acme,2026-08-17,297.6229,7.527,652,en,False,"After Acme products fail him one too many times in his dogged pursuit of the Roadrunner, Wile E. Coyote decides to hire a billboard lawyer to sue the Acme Corporation.",acme many times pursuit decides lawyer acme corporation,30,8,acm mani time pursuit decid lawyer acm corpor,acme many time pursuit decides lawyer acme corporation,"[('acme', 'ADV'), ('many', 'ADJ'), ('times', 'NOUN'), ('pursuit', 'VERB'), ('decides', 'VERB'), ('lawyer', 'NOUN'), ('acme', 'NOUN'), ('corporation', 'NOUN')]"
1377237,Runner,Runner,2026-09-07,289.7676,8.269,333,en,False,"A former soldier is thrown into a brutal race against time when a critical medical delivery makes him and his unlikely partner the targets of a ruthless cartel. As the mission spirals into a deadly manhunt, every detour, delay, and bullet pushes them closer to failure. With betrayal closing in from every side, they must survive the chase and deliver their cargo to save the life of a little girl.",former soldier thrown brutal race time medical delivery makes unlikely partner targets ruthless cartel mission spirals deadly manhunt every pushes closer betrayal closing every side survive chase deliver cargo save little girl,70,32,former soldier thrown brutal race time medic deliveri make unlik partner target ruthless cartel mission spiral deadli manhunt everi push closer betray close everi side surviv chase deliv cargo save littl girl,former soldier thrown brutal race time medical delivery make unlikely partner target ruthless cartel mission spiral deadly manhunt every push closer betrayal closing every side survive chase deliver cargo save little girl,"[('former', 'ADJ'), ('soldier', 'ADJ'), ('thrown', 'ADJ'), ('brutal', 'ADJ'), ('race', 'NOUN'), ('time', 'NOUN'), ('medical', 'ADJ'), ('delivery', 'NOUN'), ('makes', 'VERB'), ('unlikely', 'ADJ'), ('partner', 'NOUN'), ('targets', 'NOUN'), ('ruthless', 'ADJ'), ('cartel', 'NOUN'), ('mission', 'NOUN'), ('spirals', 'NOUN'), ('deadly', 'ADV'), ('manhunt', 'VERB'), ('every', 'DET'), ('pushes', 'NOUN'), ('closer', 'VERB'), ('betrayal', 'ADP'), ('closing', 'NOUN'), ('every', 'DET'), ('side', 'NOUN'), ('survive', 'ADJ'), ('chase', 'NOUN'), ('deliver', 'VERB'), ('cargo', 'NOUN'), ('save', 'VERB'), ('little', 'ADJ'), ('girl', 'NOUN')]"
1228834,The Fix,The Fix,2026-09-10,283.0181,7.106,47,en,False,"Disillusioned by the end of the war in Afghanistan, a group of disgraced, war-torn ex-CIA operatives set out to Tehran to take down a life-changing score.",disillusioned end war group operatives set take score,26,8,disillus end war group oper set take score,disillusioned end war group operative set take score,"[('disillusioned', 'ADJ'), ('end', 'NOUN'), ('war', 'NOUN'), ('group', 'NOUN'), ('operatives', 'VERB'), ('set', 'VERB'), ('take', 'VERB'), ('score', 'NOUN')]"
1101383,The End of Oak Street,The End of Oak Street,2026-08-12,230.9484,7.042,1816,en,False,"After a mysterious cosmic event rips Oak Street from suburbia and transports their neighborhood to someplace unknown, the Platt family soon discovers that their very survival depends on them sticking together as they navigate their now unrecognizable surroundings.",cosmic event street suburbia transports neighborhood unknown soon discovers survival together navigate,38,12,cosmic event street suburbia transport neighborhood unknown soon discov surviv togeth navig,cosmic event street suburbia transport neighborhood unknown soon discovers survival together navigate,"[('cosmic', 'ADJ'), ('event', 'NOUN'), ('street', 'NOUN'), ('suburbia', 'ADJ'), ('transports', 'NOUN'), ('neighborhood', 'VERB'), ('unknown', 'ADJ'), ('soon', 'ADV'), ('discovers', 'NOUN'), ('survival', 'VERB'), ('together', 'ADV'), ('navigate', 'ADJ')]"
1751701,After Impact,After Impact,2026-09-15,251.1729,6.409,22,en,False,"After losing his father, Ethan Nichols inherits one of the largest greenhouses in the country, just as the world faces a devastating threat from an approaching asteroid. As society begins to unravel, Ethan grapples with personal betrayal, overwhelming loneliness, and the growing fear that survival may come at the cost of his humanity. Seeking refuge in his family’s bunker, Ethan endures the harsh aftermath of the impact, wrestling with physical injury and emotional despair. When a faint voice crackles over his radio, Ethan discovers he's not as alone as he believed.",losing father ethan country faces devastating threat society begins unravel ethan grapples personal betrayal growing fear survival may come cost humanity seeking refuge family’s bunker ethan harsh aftermath wrestling physical emotional radio ethan discovers hes alone,91,36,lose father ethan countri face devast threat societi begin unravel ethan grappl person betray grow fear surviv may come cost human seek refug family’ bunker ethan harsh aftermath wrestl physic emot radio ethan discov he alon,losing father ethan country face devastating threat society begin unravel ethan grapple personal betrayal growing fear survival may come cost humanity seeking refuge family’s bunker ethan harsh aftermath wrestling physical emotional radio ethan discovers he alone,"[('losing', 'VERB'), ('father', 'ADJ'), ('ethan', 'ADJ'), ('country', 'NOUN'), ('faces', 'VERB'), ('devastating', 'VERB'), ('threat', 'NOUN'), ('society', 'NOUN'), ('begins', 'VERB'), ('unravel', 'ADJ'), ('ethan', 'NOUN'), ('grapples', 'NOUN'), ('personal', 'ADJ'), ('betrayal', 'ADP'), ('growing', 'VERB'), ('fear', 'ADJ'), ('survival', 'NOUN'), ('may', 'VERB'), ('come', 'VERB'), ('cost', 'NOUN'), ('humanity', 'NOUN'), ('seeking', 'VERB'), ('refuge', 'ADJ'), ('family', 'NOUN'), ('’', 'NOUN'), ('s', 'NOUN'), ('bunker', 'NOUN'), ('ethan', 'VERB'), ('harsh', 'ADJ'), ('aftermath', 'NOUN'), ('wrestling', 'VERB'), ('physical', 'ADJ'), ('emotional', 'ADJ'), ('radio', 'NOUN'), ('ethan', 'NOUN'), ('discovers', 'NOUN'), ('hes', 'VERB'), ('alone', 'ADV')]"
1248832,Digger,Digger,2026-09-28,215.8388,7.4,113,en,False,The most powerful man in the world embarks on a frantic mission to prove he is humanity's savior before the disaster he's unleashed destroys everything.,powerful man embarks frantic mission prove humanitys savior disaster hes unleashed destroys everything,25,13,power man embark frantic mission prove human savior disast he unleash destroy everyth,powerful man embarks frantic mission prove humanity savior disaster he unleashed destroys everything,"[('powerful', 'ADJ'), ('man', 'NOUN'), ('embarks', 'VERB'), ('frantic', 'ADJ'), ('mission', 'NOUN'), ('prove', 'ADP'), ('humanitys', 'ADJ'), ('savior', 'ADJ'), ('disaster', 'NOUN'), ('hes', 'NOUN'), ('unleashed', 'VERB'), ('destroys', 'NOUN'), ('everything', 'NOUN')]"
1032863,The Love Hypothesis,The Love Hypothesis,2026-09-23,199.0851,8.047,449,en,False,"Olive Smith, a biology PhD candidate, and Dr. Adam Carlsen, a hotshot professor and well-known tyrant, enter into a fake relationship, seeing each of their carefully calculated theories on love get thrown into chaos.",dr adam hotshot professor enter relationship seeing love get thrown chaos,34,11,dr adam hotshot professor enter relationship see love get thrown chao,dr adam hotshot professor enter relationship seeing love get thrown chaos,"[('dr', 'NOUN'), ('adam', 'NOUN'), ('hotshot', 'NOUN'), ('professor', 'NOUN'), ('enter', 'NOUN'), ('relationship', 'NOUN'), ('seeing', 'VERB'), ('love', 'NOUN'), ('get', 'VERB'), ('thrown', 'ADJ'), ('chaos', 'NOUN')]"
1294189,The Mongoose,The Mongoose,2026-10-29,204.1741,0.0,0,en,False,"A falsely accused war hero with nothing to lose leads police on an epic televised cross-country car chase, helped by members of his former Special Forces Army battalion and closely monitored by a fascinated public rooting for his safe getaway.",accused war hero nothing lose leads police epic car chase members former special forces army public safe,40,17,accus war hero noth lose lead polic epic car chase member former special forc armi public safe,accused war hero nothing lose lead police epic car chase member former special force army public safe,"[('accused', 'VERB'), ('war', 'NOUN'), ('hero', 'NOUN'), ('nothing', 'NOUN'), ('lose', 'ADJ'), ('leads', 'VERB'), ('police', 'NOUN'), ('epic', 'NOUN'), ('car', 'NOUN'), ('chase', 'NOUN'), ('members', 'NOUN'), ('former', 'ADJ'), ('special', 'ADJ'), ('forces', 'NOUN'), ('army', 'VERB'), ('public', 'ADJ'), ('safe', 'ADJ')]"
460458,Resident Evil: Welcome to Raccoon City,Resident Evil: Welcome to Raccoon City,2021-11-24,200.5242,5.941,2840,en,False,"Once the booming home of pharmaceutical giant Umbrella Corporation, Raccoon City is now a dying Midwestern town. The company’s exodus left the city a wasteland…with great evil brewing below the surface. When that evil is unleashed, the townspeople are forever…changed…and a small group of survivors must work together to uncover the truth behind Umbrella and make it through the night.",home pharmaceutical giant umbrella corporation raccoon city dying town left city great evil surface evil unleashed townspeople small group survivors work together uncover truth behind umbrella make night,60,28,home pharmaceut giant umbrella corpor raccoon citi die town left citi great evil surfac evil unleash townspeopl small group survivor work togeth uncov truth behind umbrella make night,home pharmaceutical giant umbrella corporation raccoon city dying town left city great evil surface evil unleashed townspeople small group survivor work together uncover truth behind umbrella make night,"[('home', 'NOUN'), ('pharmaceutical', 'ADJ'), ('giant', 'ADJ'), ('umbrella', 'NOUN'), ('corporation', 'NOUN'), ('raccoon', 'NOUN'), ('city', 'NOUN'), ('dying', 'VERB'), ('town', 'NOUN'), ('left', 'VERB'), ('city', 'NOUN'), ('great', 'ADJ'), ('evil', 'ADJ'), ('surface', 'NOUN'), ('evil', 'NOUN'), ('unleashed', 'ADJ'), ('townspeople', 'ADV'), ('small', 'ADJ'), ('group', 'NOUN'), ('survivors', 'NOUN'), ('work', 'VERB'), ('together', 'ADV'), ('uncover', 'ADJ'), ('truth', 'NOUN'), ('behind', 'ADP'), ('umbrella', 'ADJ'), ('make', 'NOUN'), ('night', 'NOUN')]"
1375646,Colony,군체,2026-05-21,172.5396,8.1,1034,ko,False,"Professor Se-jeong is thrust into a bloody nightmare when a rapidly mutating virus is released during a biotech conference causing authorities to seal the facility. Trapped inside with no escape, Se-jeong along with a small group of survivors must fight to stay alive while the infected undergo horrific transformations.",professor sejeong thrust bloody nightmare virus released causing seal facility trapped inside escape sejeong along small group survivors fight stay alive infected undergo horrific,49,24,professor sejeong thrust bloodi nightmar viru releas caus seal facil trap insid escap sejeong along small group survivor fight stay aliv infect undergo horrif,professor sejeong thrust bloody nightmare virus released causing seal facility trapped inside escape sejeong along small group survivor fight stay alive infected undergo horrific,"[('professor', 'NOUN'), ('sejeong', 'ADJ'), ('thrust', 'NOUN'), ('bloody', 'NOUN'), ('nightmare', 'ADJ'), ('virus', 'NOUN'), ('released', 'VERB'), ('causing', 'VERB'), ('seal', 'ADJ'), ('facility', 'NOUN'), ('trapped', 'VERB'), ('inside', 'ADP'), ('escape', 'NOUN'), ('sejeong', 'ADV'), ('along', 'ADV'), ('small', 'ADJ'), ('group', 'NOUN'), ('survivors', 'NOUN'), ('fight', 'VERB'), ('stay', 'ADV'), ('alive', 'ADJ'), ('infected', 'VERB'), ('undergo', 'ADJ'), ('horrific', 'NOUN')]"
977942,The Uprising,The Uprising,2026-09-10,171.1571,7.9,179,en,False,"As war and plague devastate 14th-century England, a humble peasant ignites a rebellion, uniting an army of commoners to defy the King’s might in a desperate fight for justice and survival.",war plague england ignites rebellion army defy might desperate fight justice survival,31,12,war plagu england ignit rebellion armi defi might desper fight justic surviv,war plague england ignites rebellion army defy might desperate fight justice survival,"[('war', 'NOUN'), ('plague', 'NOUN'), ('england', 'NOUN'), ('ignites', 'VERB'), ('rebellion', 'ADJ'), ('army', 'NOUN'), ('defy', 'NOUN'), ('might', 'VERB'), ('desperate', 'VERB'), ('fight', 'ADJ'), ('justice', 'NOUN'), ('survival', 'NOUN')]"
1288445,Mutiny,Mutiny,2026-08-19,167.9124,7.417,763,en,False,"After witnessing his billionaire boss' murder and being framed for the crime, Cole Reed boards a cargo ship on a one-man crusade to avenge his boss' death only to discover an international conspiracy.",witnessing billionaire boss murder crime reed boards cargo ship crusade boss death discover international conspiracy,33,15,wit billionair boss murder crime reed board cargo ship crusad boss death discov intern conspiraci,witnessing billionaire bos murder crime reed board cargo ship crusade bos death discover international conspiracy,"[('witnessing', 'VERB'), ('billionaire', 'NOUN'), ('boss', 'NOUN'), ('murder', 'NOUN'), ('crime', 'NOUN'), ('reed', 'NOUN'), ('boards', 'NOUN'), ('cargo', 'VERB'), ('ship', 'NOUN'), ('crusade', 'NOUN'), ('boss', 'ADP'), ('death', 'NOUN'), ('discover', 'NOUN'), ('international', 'ADJ'), ('conspiracy', 'NOUN')]"
1084244,Toy Story 5,Toy Story 5,2026-06-17,166.6596,8.314,2471,en,False,"When Bonnie receives a Lilypad tablet as a gift and becomes obsessed, Buzz, Woody, Jessie and the rest of the gang's jobs become exponentially harder when they have to go head to head with the all-new threat to playtime.",bonnie receives gift becomes obsessed buzz woody rest gangs become go head head allnew threat,39,15,bonni receiv gift becom obsess buzz woodi rest gang becom go head head allnew threat,bonnie receives gift becomes obsessed buzz woody rest gang become go head head allnew threat,"[('bonnie', 'NOUN'), ('receives', 'VERB'), ('gift', 'ADJ'), ('becomes', 'NOUN'), ('obsessed', 'VERB'), ('buzz', 'NOUN'), ('woody', 'NOUN'), ('rest', 'VERB'), ('gangs', 'NOUN'), ('become', 'VERB'), ('go', 'VERB'), ('head', 'ADJ'), ('head', 'NOUN'), ('allnew', 'VERB'), ('threat', 'NOUN')]"
1339713,Obsession,Obsession,2026-05-13,163.7127,8.186,5919,en,False,"After breaking the mysterious ""One Wish Willow"" to win his crush's heart, a hopeless romantic finds himself getting exactly what he asked for but soon discovers that some desires come at a dark, sinister price.",breaking wish win heart hopeless romantic finds getting exactly asked soon discovers desires come dark sinister price,35,17,break wish win heart hopeless romant find get exactli ask soon discov desir come dark sinist price,breaking wish win heart hopeless romantic find getting exactly asked soon discovers desire come dark sinister price,"[('breaking', 'VERB'), ('wish', 'ADJ'), ('win', 'ADJ'), ('heart', 'NOUN'), ('hopeless', 'NOUN'), ('romantic', 'ADJ'), ('finds', 'NOUN'), ('getting', 'VERB'), ('exactly', 'ADV'), ('asked', 'VERB'), ('soon', 'ADV'), ('discovers', 'NOUN'), ('desires', 'VERB'), ('come', 'VERB'), ('dark', 'ADJ'), ('sinister', 'NOUN'), ('price', 'NOUN')]"
1263337,Heart of the Beast,Heart of the Beast,2026-09-19,148.3648,7.533,198,en,False,"After a harrowing plane crash, Special Forces officer James Belmont and his combat dog, Odin, find themselves stranded deep in the Alaskan wilderness. Together, they are forced into a brutal fight for survival against the elements.",harrowing plane crash special forces officer james combat dog odin find stranded deep wilderness together forced brutal fight survival elements,36,20,harrow plane crash special forc offic jame combat dog odin find strand deep wilder togeth forc brutal fight surviv element,harrowing plane crash special force officer james combat dog odin find stranded deep wilderness together forced brutal fight survival element,"[('harrowing', 'VERB'), ('plane', 'NOUN'), ('crash', 'NOUN'), ('special', 'ADJ'), ('forces', 'NOUN'), ('officer', 'NOUN'), ('james', 'NOUN'), ('combat', 'VERB'), ('dog', 'ADJ'), ('odin', 'NOUN'), ('find', 'NOUN'), ('stranded', 'VERB'), ('deep', 'ADJ'), ('wilderness', 'NOUN'), ('together', 'ADV'), ('forced', 'VERB'), ('brutal', 'ADJ'), ('fight', 'NOUN'), ('survival', 'NOUN'), ('elements', 'NOUN')]"
1492640,UNABOMBER,UNABOMBER,2026-09-25,129.6464,6.59,316,en,False,"Follow Ted Kaczynski's transformation from Harvard prodigy into the infamous Unabomber. Subjected to controversial psychological experiments by Professor Henry Murray, Kaczynski's troubled past resurfaces decades later when his manhunt, led by FBI agent Joanne Miller, brings to light the chilling consequences of ambition and isolation.",follow ted kaczynskis transformation prodigy infamous subjected psychological professor henry kaczynskis troubled past resurfaces decades later manhunt led fbi agent miller brings light consequences ambition,45,25,follow ted kaczynski transform prodigi infam subject psycholog professor henri kaczynski troubl past resurfac decad later manhunt led fbi agent miller bring light consequ ambit,follow ted kaczynskis transformation prodigy infamous subjected psychological professor henry kaczynskis troubled past resurfaces decade later manhunt led fbi agent miller brings light consequence ambition,"[('follow', 'ADV'), ('ted', 'VERB'), ('kaczynskis', 'NOUN'), ('transformation', 'NOUN'), ('prodigy', 'VERB'), ('infamous', 'ADJ'), ('subjected', 'VERB'), ('psychological', 'ADJ'), ('professor', 'NOUN'), ('henry', 'NOUN'), ('kaczynskis', 'NOUN'), ('troubled', 'VERB'), ('past', 'ADJ'), ('resurfaces', 'NOUN'), ('decades', 'NOUN'), ('later', 'ADV'), ('manhunt', 'VERB'), ('led', 'VERB'), ('fbi', 'ADJ'), ('agent', 'NOUN'), ('miller', 'NOUN'), ('brings', 'VERB'), ('light', 'ADJ'), ('consequences', 'NOUN'), ('ambition', 'NOUN')]"
1283515,Verity,Verity,2026-09-30,143.2506,6.6,68,en,False,"Lowen Ashleigh is hired by Jeremy Crawford to ghostwrite novels for his bestselling author wife Verity, who is unable to finish following an accident. Lowen gradually uncovers Verity's disturbing truths while residing at the Crawfords' home to work.",lowen hired novels wife unable finish following accident lowen uncovers disturbing home work,38,13,lowen hire novel wife unabl finish follow accid lowen uncov disturb home work,lowen hired novel wife unable finish following accident lowen uncovers disturbing home work,"[('lowen', 'NOUN'), ('hired', 'VERB'), ('novels', 'ADJ'), ('wife', 'NOUN'), ('unable', 'ADJ'), ('finish', 'NOUN'), ('following', 'VERB'), ('accident', 'NOUN'), ('lowen', 'ADJ'), ('uncovers', 'NOUN'), ('disturbing', 'VERB'), ('home', 'NOUN'), ('work', 'NOUN')]"
1232569,Pinocchio: Unstrung,Pinocchio: Unstrung,2026-07-22,141.7354,6.528,124,en,False,"Influenced by a sinister Cricket and created by Geppetto, Pinocchio launches a violent crusade to carve himself into a real boy like his brother James, one piece at a time.",sinister created violent crusade real boy like brother james time,30,10,sinist creat violent crusad real boy like brother jame time,sinister created violent crusade real boy like brother james time,"[('sinister', 'NOUN'), ('created', 'VERB'), ('violent', 'ADJ'), ('crusade', 'NOUN'), ('real', 'ADJ'), ('boy', 'NOUN'), ('like', 'ADP'), ('brother', 'NOUN'), ('james', 'NOUN'), ('time', 'NOUN')]"
1538457,Meesaya Murukku 2,மீசைய முருக்கு 2,2026-09-25,124.4598,0.0,0,ta,False,"After facing rejection in love and getting into a fight, Jeeva learns about his father Siva's struggles and sacrifices. Inspired by his grandfather's legacy and father's dedication, Jeeva changes his outlook and works hard toward his musical dream. Through determination and perseverance, Jeeva earns recognition in the music industry and brings pride to his family.",facing love getting fight jeeva learns father struggles sacrifices legacy fathers jeeva changes works hard toward dream jeeva music industry brings pride,55,22,face love get fight jeeva learn father struggl sacrific legaci father jeeva chang work hard toward dream jeeva music industri bring pride,facing love getting fight jeeva learns father struggle sacrifice legacy father jeeva change work hard toward dream jeeva music industry brings pride,"[('facing', 'VERB'), ('love', 'ADP'), ('getting', 'VERB'), ('fight', 'ADJ'), ('jeeva', 'NOUN'), ('learns', 'VERB'), ('father', 'ADJ'), ('struggles', 'NOUN'), ('sacrifices', 'NOUN'), ('legacy', 'NOUN'), ('fathers', 'NOUN'), ('jeeva', 'VERB'), ('changes', 'NOUN'), ('works', 'NOUN'), ('hard', 'ADV'), ('toward', 'ADP'), ('dream', 'NOUN'), ('jeeva', 'NOUN'), ('music', 'NOUN'), ('industry', 'NOUN'), ('brings', 'VERB'), ('pride', 'NOUN')]"
1422011,It Ends,It Ends,2026-08-21,127.2772,5.675,63,en,False,"A group of recent grads head out on a late night drive for grub, hoping to enjoy one final hangout before their paths diverge. Instead, they accidentally turn onto a never-ending, two-lane hellscape surrounded by untold horrors and cosmic forces beyond their understanding. Cramped together inside a Jeep Cherokee and with the miles stretching infinitely ahead, they face a choice: embrace their new existence or fight to escape it.",group head late night final paths instead accidentally turn onto surrounded untold horrors cosmic forces beyond understanding together inside miles face choice embrace existence fight escape,69,26,group head late night final path instead accident turn onto surround untold horror cosmic forc beyond understand togeth insid mile face choic embrac exist fight escap,group head late night final path instead accidentally turn onto surrounded untold horror cosmic force beyond understanding together inside mile face choice embrace existence fight escape,"[('group', 'NOUN'), ('head', 'NOUN'), ('late', 'ADV'), ('night', 'NOUN'), ('final', 'ADJ'), ('paths', 'NOUN'), ('instead', 'ADV'), ('accidentally', 'ADV'), ('turn', 'VERB'), ('onto', 'PRT'), ('surrounded', 'VERB'), ('untold', 'ADJ'), ('horrors', 'NOUN'), ('cosmic', 'ADJ'), ('forces', 'NOUN'), ('beyond', 'ADP'), ('understanding', 'VERB'), ('together', 'ADV'), ('inside', 'ADP'), ('miles', 'NOUN'), ('face', 'VERB'), ('choice', 'NOUN'), ('embrace', 'NOUN'), ('existence', 'NOUN'), ('fight', 'NOUN'), ('escape', 'NOUN')]"
1477712,Ice Cream Man,Ice Cream Man,2026-08-03,126.472,4.865,111,en,False,An idyllic summer town descends into madness when an ice cream man serves kids sweet delights with horrifying results.,summer town madness ice man serves kids horrifying,19,8,summer town mad ice man serv kid horrifi,summer town madness ice man serf kid horrifying,"[('summer', 'NOUN'), ('town', 'NOUN'), ('madness', 'NOUN'), ('ice', 'NOUN'), ('man', 'NOUN'), ('serves', 'VERB'), ('kids', 'NOUN'), ('horrifying', 'VERB')]"
299534,Avengers: Endgame,Avengers: Endgame,2019-04-24,118.2286,8.245,28893,en,False,"After the devastating events of Avengers: Infinity War, the universe is in ruins due to the efforts of the Mad Titan, Thanos. With the help of remaining allies, the Avengers must assemble once more in order to undo Thanos' actions and restore order to the universe once and for all, no matter what consequences may be in store.",devastating events avengers infinity war universe ruins due efforts thanos help remaining allies avengers order undo thanos actions restore order universe matter consequences may,58,24,devast event aveng infin war univers ruin due effort thano help remain alli aveng order undo thano action restor order univers matter consequ may,devastating event avenger infinity war universe ruin due effort thanos help remaining ally avenger order undo thanos action restore order universe matter consequence may,"[('devastating', 'VERB'), ('events', 'NOUN'), ('avengers', 'NOUN'), ('infinity', 'VERB'), ('war', 'NOUN'), ('universe', 'NOUN'), ('ruins', 'NOUN'), ('due', 'ADJ'), ('efforts', 'NOUN'), ('thanos', 'VERB'), ('help', 'NOUN'), ('remaining', 'VERB'), ('allies', 'NOUN'), ('avengers', 'NOUN'), ('order', 'NOUN'), ('undo', 'ADJ'), ('thanos', 'NOUN'), ('actions', 'NOUN'), ('restore', 'VERB'), ('order', 'NOUN'), ('universe', 'ADJ'), ('matter', 'NOUN'), ('consequences', 'NOUN'), ('may', 'VERB')]"
1482547,Zip Wire,Zip Wire,2026-08-31,125.8614,7.936,47,en,False,"When her ground-breaking pharmaceutical discovery is stolen and partner murdered, researcher Amy must face her fear of heights to escape nefarious attackers, with the only path to salvation being a treacherous aerial runway. To outsmart the mysterious hostiles, she has to summon every ounce of courage to protect the world-changing scientific discovery — and herself — before it's too late.",groundbreaking pharmaceutical discovery stolen partner murdered researcher face fear heights escape nefarious path salvation treacherous runway every courage protect scientific discovery — — late,60,24,groundbreak pharmaceut discoveri stolen partner murder research face fear height escap nefari path salvat treacher runway everi courag protect scientif discoveri — — late,groundbreaking pharmaceutical discovery stolen partner murdered researcher face fear height escape nefarious path salvation treacherous runway every courage protect scientific discovery — — late,"[('groundbreaking', 'VERB'), ('pharmaceutical', 'ADJ'), ('discovery', 'NOUN'), ('stolen', 'NOUN'), ('partner', 'NOUN'), ('murdered', 'VERB'), ('researcher', 'ADJ'), ('face', 'NOUN'), ('fear', 'NOUN'), ('heights', 'NOUN'), ('escape', 'VERB'), ('nefarious', 'ADJ'), ('path', 'NOUN'), ('salvation', 'NOUN'), ('treacherous', 'ADJ'), ('runway', 'NOUN'), ('every', 'DET'), ('courage', 'NOUN'), ('protect', 'NOUN'), ('scientific', 'ADJ'), ('discovery', 'NOUN'), ('—', 'NOUN'), ('—', 'NOUN'), ('late', 'ADV')]"
1607127,One Last Shot,One Last Shot,2026-09-22,107.354,7.484,91,en,False,"Navy Seal Jake Harris must stop a team of mercenaries, led by his disillusioned former comrade, from disabling the US missile defense network.",navy seal jake stop team mercenaries led disillusioned former us defense network,23,12,navi seal jake stop team mercenari led disillus former us defens network,navy seal jake stop team mercenary led disillusioned former u defense network,"[('navy', 'ADJ'), ('seal', 'ADJ'), ('jake', 'NOUN'), ('stop', 'NOUN'), ('team', 'NOUN'), ('mercenaries', 'NOUN'), ('led', 'VERB'), ('disillusioned', 'ADJ'), ('former', 'ADJ'), ('us', 'PRON'), ('defense', 'NOUN'), ('network', 'NOUN')]"
1108427,Moana,Moana,2026-07-08,113.1153,7.414,840,en,False,"Teenage Moana answers the Ocean's call and, for the first time, voyages beyond the reef of her island of Motunui with infamous demigod Maui on an unforgettable journey to restore prosperity to her people.",teenage moana answers call first time beyond reef island infamous maui unforgettable journey restore people,34,15,teenag moana answer call first time beyond reef island infam maui unforgett journey restor peopl,teenage moana answer call first time beyond reef island infamous maui unforgettable journey restore people,"[('teenage', 'NOUN'), ('moana', 'NOUN'), ('answers', 'NOUN'), ('call', 'VERB'), ('first', 'ADJ'), ('time', 'NOUN'), ('beyond', 'ADP'), ('reef', 'NOUN'), ('island', 'VERB'), ('infamous', 'ADJ'), ('maui', 'NOUN'), ('unforgettable', 'ADJ'), ('journey', 'NOUN'), ('restore', 'NOUN'), ('people', 'NOUN')]"
687163,Project Hail Mary,Project Hail Mary,2026-03-15,98.1788,8.64,8113,en,False,"Science teacher Ryland Grace wakes up on a spaceship light years from home with no recollection of who he is or how he got there. As his memory returns, he begins to uncover his mission: solve the riddle of the mysterious substance causing the sun to die out. He must call on his scientific knowledge and unorthodox ideas to save everything on Earth from extinction.",teacher grace wakes spaceship light years home got memory returns begins uncover mission solve substance causing sun call scientific unorthodox save everything earth extinction,65,24,teacher grace wake spaceship light year home got memori return begin uncov mission solv substanc caus sun call scientif unorthodox save everyth earth extinct,teacher grace wake spaceship light year home got memory return begin uncover mission solve substance causing sun call scientific unorthodox save everything earth extinction,"[('teacher', 'ADV'), ('grace', 'NOUN'), ('wakes', 'NOUN'), ('spaceship', 'VERB'), ('light', 'ADJ'), ('years', 'NOUN'), ('home', 'NOUN'), ('got', 'VERB'), ('memory', 'ADJ'), ('returns', 'NOUN'), ('begins', 'VERB'), ('uncover', 'ADJ'), ('mission', 'NOUN'), ('solve', 'VERB'), ('substance', 'NOUN'), ('causing', 'VERB'), ('sun', 'NOUN'), ('call', 'NOUN'), ('scientific', 'ADJ'), ('unorthodox', 'NOUN'), ('save', 'VERB'), ('everything', 'NOUN'), ('earth', 'NOUN'), ('extinction', 'NOUN')]"
1083381,Backrooms,Backrooms,2026-05-27,104.0576,7.02,3578,en,False,A strange doorway appears in the basement of a furniture showroom.,strange appears,11,2,strang appear,strange appears,"[('strange', 'ADJ'), ('appears', 'VERB')]"
1315772,Minions & Monsters,Minions & Monsters,2026-06-24,97.6746,7.551,1227,en,False,"This is the rambunctious, ridiculous and totally true story of how the Minions conquered Hollywood, became movie stars, lost everything, unleashed monsters onto the world and then banded together to try and save the planet from the mayhem they had just created.",true story conquered hollywood became movie stars lost everything unleashed monsters onto together try save planet mayhem created,42,18,true stori conquer hollywood becam movi star lost everyth unleash monster onto togeth tri save planet mayhem creat,true story conquered hollywood became movie star lost everything unleashed monster onto together try save planet mayhem created,"[('true', 'ADJ'), ('story', 'NOUN'), ('conquered', 'VERB'), ('hollywood', 'NOUN'), ('became', 'VERB'), ('movie', 'NOUN'), ('stars', 'NOUN'), ('lost', 'VERB'), ('everything', 'NOUN'), ('unleashed', 'ADJ'), ('monsters', 'NOUN'), ('onto', 'ADP'), ('together', 'ADV'), ('try', 'VERB'), ('save', 'VERB'), ('planet', 'NOUN'), ('mayhem', 'NOUN'), ('created', 'VERB')]"
1003596,Avengers: Doomsday,Avengers: Doomsday,2026-12-16,94.2574,0.0,0,en,False,Beloved heroes from three distinct universes are set on a deadly collision course and face an existential threat unlike anything they've ever encountered.,beloved heroes three universes set deadly collision course face existential threat unlike anything theyve ever,23,15,belov hero three univers set deadli collis cours face existenti threat unlik anyth theyv ever,beloved hero three universe set deadly collision course face existential threat unlike anything theyve ever,"[('beloved', 'VERB'), ('heroes', 'NOUN'), ('three', 'NUM'), ('universes', 'NOUN'), ('set', 'VERB'), ('deadly', 'ADJ'), ('collision', 'NOUN'), ('course', 'NOUN'), ('face', 'NOUN'), ('existential', 'ADJ'), ('threat', 'NOUN'), ('unlike', 'ADP'), ('anything', 'NOUN'), ('theyve', 'ADJ'), ('ever', 'ADV')]"
1340102,Lion Fist,Lion Fist,2026-09-10,103.8813,7.758,33,en,False,"Martial arts fighter Joe goes to prison for four years and takes his wife's blame for a drug bust. After his release, he learns that his son needs expensive surgery because of a life-threatening tumor. Joe's only chance to save him: a brutal all-styles tournament with a $100,000 prize.",martial arts fighter joe goes prison four years takes wifes blame drug bust learns son needs chance save brutal tournament,49,20,martial art fighter joe goe prison four year take wife blame drug bust learn son need chanc save brutal tournament,martial art fighter joe go prison four year take wife blame drug bust learns son need chance save brutal tournament,"[('martial', 'ADJ'), ('arts', 'NOUN'), ('fighter', 'NOUN'), ('joe', 'NOUN'), ('goes', 'VERB'), ('prison', 'ADV'), ('four', 'NUM'), ('years', 'NOUN'), ('takes', 'VERB'), ('wifes', 'ADJ'), ('blame', 'ADJ'), ('drug', 'NOUN'), ('bust', 'NOUN'), ('learns', 'VERB'), ('son', 'NOUN'), ('needs', 'NOUN'), ('chance', 'NOUN'), ('save', 'VERB'), ('brutal', 'ADJ'), ('tournament', 'NOUN')]"
299536,Avengers: Infinity War,Avengers: Infinity War,2018-04-25,92.0234,8.244,33057,en,False,"As the Avengers and their allies have continued to protect the world from threats too large for any one hero to handle, a new danger has emerged from the cosmic shadows: Thanos. A despot of intergalactic infamy, his goal is to collect all six Infinity Stones, artifacts of unimaginable power, and use them to inflict his twisted will on all of reality. Everything the Avengers have fought for has led up to this moment - the fate of Earth and existence itself has never been more uncertain.",avengers allies protect threats large hero handle danger cosmic shadows thanos despot goal six infinity power use twisted reality everything avengers fought led moment fate earth existence never,87,28,aveng alli protect threat larg hero handl danger cosmic shadow thano despot goal six infin power use twist realiti everyth aveng fought led moment fate earth exist never,avenger ally protect threat large hero handle danger cosmic shadow thanos despot goal six infinity power use twisted reality everything avenger fought led moment fate earth existence never,"[('avengers', 'NOUN'), ('allies', 'NOUN'), ('protect', 'VERB'), ('threats', 'NOUN'), ('large', 'ADJ'), ('hero', 'NOUN'), ('handle', 'NOUN'), ('danger', 'NOUN'), ('cosmic', 'ADJ'), ('shadows', 'NOUN'), ('thanos', 'VERB'), ('despot', 'ADJ'), ('goal', 'NOUN'), ('six', 'NUM'), ('infinity', 'NOUN'), ('power', 'NOUN'), ('use', 'NOUN'), ('twisted', 'ADJ'), ('reality', 'NOUN'), ('everything', 'NOUN'), ('avengers', 'NOUN'), ('fought', 'VERB'), ('led', 'VERB'), ('moment', 'NOUN'), ('fate', 'NOUN'), ('earth', 'NOUN'), ('existence', 'NOUN'), ('never', 'ADV')]"
755898,War of the Worlds,War of the Worlds,2025-07-29,101.9744,4.036,1158,en,False,"Will Radford is a top analyst for Homeland Security who tracks potential threats through a mass surveillance program, until one day an attack by an unknown entity leads him to question whether the government is hiding something from him... and from the rest of the world.",top security tracks potential threats mass program day attack unknown entity leads question whether government hiding something rest,46,18,top secur track potenti threat mass program day attack unknown entiti lead question whether govern hide someth rest,top security track potential threat mass program day attack unknown entity lead question whether government hiding something rest,"[('top', 'ADJ'), ('security', 'NOUN'), ('tracks', 'NOUN'), ('potential', 'ADJ'), ('threats', 'NOUN'), ('mass', 'VERB'), ('program', 'NOUN'), ('day', 'NOUN'), ('attack', 'VERB'), ('unknown', 'ADJ'), ('entity', 'NOUN'), ('leads', 'VERB'), ('question', 'NOUN'), ('whether', 'ADP'), ('government', 'NOUN'), ('hiding', 'VERB'), ('something', 'NOUN'), ('rest', 'NOUN')]"
30723,Cavegirl,Cavegirl,1985-05-01,108.5305,3.9,26,en,False,"On a class excursion to a cave with stone age paintings the clumsy Rex gets lost. A mysterious crystal opens a gateway in time and sets him back to the stone ages, where he meets a group of prehistoric fellows and the gorgeous Eba. While teaching her English and doing some pseudo-research on her fellows, his main goal is to get her sleeping with him. However the curiosity of the clan chief disturbs his attempts.",class cave stone age clumsy rex gets lost opens time sets stone meets group fellows gorgeous english fellows main goal get however clan chief disturbs attempts,75,26,class cave stone age clumsi rex get lost open time set stone meet group fellow gorgeou english fellow main goal get howev clan chief disturb attempt,class cave stone age clumsy rex get lost open time set stone meet group fellow gorgeous english fellow main goal get however clan chief disturbs attempt,"[('class', 'NOUN'), ('cave', 'VERB'), ('stone', 'VERB'), ('age', 'NOUN'), ('clumsy', 'ADJ'), ('rex', 'NOUN'), ('gets', 'VERB'), ('lost', 'VERB'), ('opens', 'ADJ'), ('time', 'NOUN'), ('sets', 'NOUN'), ('stone', 'VERB'), ('meets', 'NOUN'), ('group', 'NOUN'), ('fellows', 'VERB'), ('gorgeous', 'ADJ'), ('english', 'ADJ'), ('fellows', 'NOUN'), ('main', 'ADJ'), ('goal', 'NOUN'), ('get', 'VERB'), ('however', 'ADV'), ('clan', 'ADJ'), ('chief', 'ADJ'), ('disturbs', 'NOUN'), ('attempts', 'NOUN')]"
1375441,Primetime,Primetime,2026-09-23,79.9785,7.0,82,en,False,"In 2006, To Catch a Predator host Chris Hansen sets out to make television history. When a high stakes operation goes fatally wrong, his veneered dream of fame curdles into a nightmare of performative justice.",catch predator host chris sets make history high stakes operation goes wrong dream nightmare justice,35,15,catch predat host chri set make histori high stake oper goe wrong dream nightmar justic,catch predator host chris set make history high stake operation go wrong dream nightmare justice,"[('catch', 'NOUN'), ('predator', 'NOUN'), ('host', 'NOUN'), ('chris', 'ADJ'), ('sets', 'NOUN'), ('make', 'VERB'), ('history', 'NOUN'), ('high', 'ADJ'), ('stakes', 'NOUN'), ('operation', 'NOUN'), ('goes', 'VERB'), ('wrong', 'ADJ'), ('dream', 'NOUN'), ('nightmare', 'NOUN'), ('justice', 'NOUN')]"
1300945,A Place Called Silence,Un lugar llamado silencio,2024-07-03,83.8594,7.4,62,zh,False,"Chen Yutong, a girl's middle school student, was bullied at school, but her mother Li Han was unable to save her daughter from the ""hell."" Everyone around her turned a blind eye, and a collective silence brewed greater violence.",chen yutong girls middle school student bullied school mother li han unable save daughter hell everyone around turned blind eye collective silence brewed greater violence,39,25,chen yutong girl middl school student bulli school mother li han unabl save daughter hell everyon around turn blind eye collect silenc brew greater violenc,chen yutong girl middle school student bullied school mother li han unable save daughter hell everyone around turned blind eye collective silence brewed greater violence,"[('chen', 'NOUN'), ('yutong', 'ADV'), ('girls', 'NOUN'), ('middle', 'ADJ'), ('school', 'NOUN'), ('student', 'NOUN'), ('bullied', 'VERB'), ('school', 'NOUN'), ('mother', 'NOUN'), ('li', 'NOUN'), ('han', 'NOUN'), ('unable', 'ADJ'), ('save', 'VERB'), ('daughter', 'NOUN'), ('hell', 'NOUN'), ('everyone', 'NOUN'), ('around', 'ADV'), ('turned', 'VERB'), ('blind', 'PRT'), ('eye', 'NOUN'), ('collective', 'ADJ'), ('silence', 'NOUN'), ('brewed', 'VERB'), ('greater', 'ADJ'), ('violence', 'NOUN')]"
82976,The Novices,Les Novices,1970-04-01,73.8953,4.8,13,fr,False,"Sister Agnès runs away from her convent in Brittany and seeks refuge in Paris with prostitute Mona Lisa. With absolutely no qualifications, the young novice has a hard job finding work, so Mona Lisa tries to teach her the ropes of the oldest profession of them all!",sister runs away seeks refuge paris mona lisa absolutely novice hard job finding work mona lisa tries teach,47,18,sister run away seek refug pari mona lisa absolut novic hard job find work mona lisa tri teach,sister run away seek refuge paris mona lisa absolutely novice hard job finding work mona lisa try teach,"[('sister', 'NOUN'), ('runs', 'VERB'), ('away', 'ADV'), ('seeks', 'ADJ'), ('refuge', 'NOUN'), ('paris', 'NOUN'), ('mona', 'NOUN'), ('lisa', 'ADV'), ('absolutely', 'ADV'), ('novice', 'ADJ'), ('hard', 'ADJ'), ('job', 'NOUN'), ('finding', 'VERB'), ('work', 'NOUN'), ('mona', 'NOUN'), ('lisa', 'ADJ'), ('tries', 'NOUN'), ('teach', 'VERB')]"
83533,Avatar: Fire and Ash,Avatar: Fire and Ash,2025-12-17,83.7846,7.646,4435,en,False,"In the wake of the devastating war against the RDA and the loss of their eldest son, Jake Sully and Neytiri face a new threat on Pandora: the Ash People, a violent and power-hungry Na'vi tribe led by the ruthless Varang. Jake's family must fight for their survival and the future of Pandora in a conflict that pushes them to their emotional and physical limits.",wake devastating war loss son jake sully neytiri face threat pandora people violent led ruthless fight survival future pandora conflict pushes emotional physical limits,65,24,wake devast war loss son jake sulli neytiri face threat pandora peopl violent led ruthless fight surviv futur pandora conflict push emot physic limit,wake devastating war loss son jake sully neytiri face threat pandora people violent led ruthless fight survival future pandora conflict push emotional physical limit,"[('wake', 'NOUN'), ('devastating', 'VERB'), ('war', 'NOUN'), ('loss', 'NOUN'), ('son', 'NOUN'), ('jake', 'NOUN'), ('sully', 'ADV'), ('neytiri', 'ADJ'), ('face', 'NOUN'), ('threat', 'NOUN'), ('pandora', 'ADJ'), ('people', 'NOUN'), ('violent', 'VERB'), ('led', 'VERB'), ('ruthless', 'ADJ'), ('fight', 'NOUN'), ('survival', 'NOUN'), ('future', 'ADJ'), ('pandora', 'NOUN'), ('conflict', 'NOUN'), ('pushes', 'VERB'), ('emotional', 'ADJ'), ('physical', 'ADJ'), ('limits', 'NOUN')]"
1556321,Death Whisperer: Saming the Werebeast,ธี่หยด: สมิงเขาขวาง,2026-09-29,95.5069,0.0,0,th,False,"Follows the search for a missing military officer in the jungle of Khao Khwang, where legend says man-eating tiger spirit Saming takes human form in 1960s Thailand.",follows search missing military officer jungle legend says tiger spirit takes human form 1960s thailand,27,15,follow search miss militari offic jungl legend say tiger spirit take human form 1960 thailand,follows search missing military officer jungle legend say tiger spirit take human form 1960s thailand,"[('follows', 'VERB'), ('search', 'NOUN'), ('missing', 'VERB'), ('military', 'ADJ'), ('officer', 'NOUN'), ('jungle', 'NOUN'), ('legend', 'VERB'), ('says', 'VERB'), ('tiger', 'NOUN'), ('spirit', 'NOUN'), ('takes', 'VERB'), ('human', 'ADJ'), ('form', 'NOUN'), ('1960s', 'NUM'), ('thailand', 'NOUN')]"
1156869,Blaze of Love,性迷宮,1994-01-01,81.4292,0.0,0,en,False,Hong Kong movie,kong movie,3,2,kong movi,kong movie,"[('kong', 'ADJ'), ('movie', 'NOUN')]"
1465063,Forgotten Island,Forgotten Island,2026-09-10,77.7667,8.2,42,en,False,"While celebrating their last night together, high school graduates and best friends Jo and Raissa stumble upon a mysterious portal that transports them to the fantastical island of Nakali. When they discover that the memories of their entire friendship are the price for returning home, Jo and Raissa must race to find a way to leave the island before they forget each other forever.",last night together high school graduates best friends jo raissa upon portal transports island discover memories entire friendship price home jo raissa race find way leave island forever,64,28,last night togeth high school graduat best friend jo raissa upon portal transport island discov memori entir friendship price home jo raissa race find way leav island forev,last night together high school graduate best friend jo raissa upon portal transport island discover memory entire friendship price home jo raissa race find way leave island forever,"[('last', 'ADJ'), ('night', 'NOUN'), ('together', 'ADV'), ('high', 'ADJ'), ('school', 'NOUN'), ('graduates', 'NOUN'), ('best', 'ADJ'), ('friends', 'NOUN'), ('jo', 'VERB'), ('raissa', 'ADJ'), ('upon', 'ADP'), ('portal', 'ADJ'), ('transports', 'NOUN'), ('island', 'VERB'), ('discover', 'NOUN'), ('memories', 'NOUN'), ('entire', 'ADJ'), ('friendship', 'ADJ'), ('price', 'NOUN'), ('home', 'NOUN'), ('jo', 'NOUN'), ('raissa', 'NOUN'), ('race', 'NOUN'), ('find', 'VERB'), ('way', 'NOUN'), ('leave', 'VERB'), ('island', 'NOUN'), ('forever', 'NOUN')]"
1300945,A Place Called Silence,默杀,2024-07-03,83.8594,7.403,62,zh,False,"Chen Yutong, a girl's middle school student, was bullied at school, but her mother Li Han was unable to save her daughter from the ""hell."" Everyone around her turned a blind eye, and a collective silence brewed greater violence.",chen yutong girls middle school student bullied school mother li han unable save daughter hell everyone around turned blind eye collective silence brewed greater violence,39,25,chen yutong girl middl school student bulli school mother li han unabl save daughter hell everyon around turn blind eye collect silenc brew greater violenc,chen yutong girl middle school student bullied school mother li han unable save daughter hell everyone around turned blind eye collective silence brewed greater violence,"[('chen', 'NOUN'), ('yutong', 'ADV'), ('girls', 'NOUN'), ('middle', 'ADJ'), ('school', 'NOUN'), ('student', 'NOUN'), ('bullied', 'VERB'), ('school', 'NOUN'), ('mother', 'NOUN'), ('li', 'NOUN'), ('han', 'NOUN'), ('unable', 'ADJ'), ('save', 'VERB'), ('daughter', 'NOUN'), ('hell', 'NOUN'), ('everyone', 'NOUN'), ('around', 'ADV'), ('turned', 'VERB'), ('blind', 'PRT'), ('eye', 'NOUN'), ('collective', 'ADJ'), ('silence', 'NOUN'), ('brewed', 'VERB'), ('greater', 'ADJ'), ('violence', 'NOUN')]"
233651,Sex Rider: Wet Highway,セックス・ライダー　濡れたハイウェイ,1971-12-29,65.5415,5.067,15,ja,False,"On the eve of her wedding and while cheating with another man, a woman gets involved into a dangerous new world of experiences.",eve wedding cheating another man woman gets involved dangerous experiences,23,10,eve wed cheat anoth man woman get involv danger experi,eve wedding cheating another man woman get involved dangerous experience,"[('eve', 'ADV'), ('wedding', 'VERB'), ('cheating', 'VERB'), ('another', 'DET'), ('man', 'NOUN'), ('woman', 'NOUN'), ('gets', 'VERB'), ('involved', 'VERB'), ('dangerous', 'ADJ'), ('experiences', 'NOUN')]"
335984,Blade Runner 2049,Blade Runner 2049,2017-10-04,65.2227,7.608,15773,en,False,"Thirty years after the events of the first film, a new blade runner, LAPD Officer K, unearths a long-buried secret that has the potential to plunge what's left of society into chaos. K's discovery leads him on a quest to find Rick Deckard, a former LAPD blade runner who has been missing for 30 years.",thirty years events first film blade runner lapd officer secret potential plunge whats left society chaos discovery leads quest find rick deckard former lapd blade runner missing years,55,28,thirti year event first film blade runner lapd offic secret potenti plung what left societi chao discoveri lead quest find rick deckard former lapd blade runner miss year,thirty year event first film blade runner lapd officer secret potential plunge whats left society chaos discovery lead quest find rick deckard former lapd blade runner missing year,"[('thirty', 'ADJ'), ('years', 'NOUN'), ('events', 'NOUN'), ('first', 'ADV'), ('film', 'NOUN'), ('blade', 'NOUN'), ('runner', 'NOUN'), ('lapd', 'ADJ'), ('officer', 'NOUN'), ('secret', 'ADJ'), ('potential', 'ADJ'), ('plunge', 'NOUN'), ('whats', 'NOUN'), ('left', 'VERB'), ('society', 'NOUN'), ('chaos', 'NOUN'), ('discovery', 'NOUN'), ('leads', 'VERB'), ('quest', 'ADJ'), ('find', 'NOUN'), ('rick', 'ADJ'), ('deckard', 'NOUN'), ('former', 'ADJ'), ('lapd', 'NOUN'), ('blade', 'NOUN'), ('runner', 'NOUN'), ('missing', 'VERB'), ('years', 'NOUN')]"
45722,Don't Look Down,No mires para abajo,2008-10-18,62.4822,5.7,71,es,False,A sexy Spanish siren named Elvira schools a young man in tantric lovemaking.,sexy spanish named schools man,13,5,sexi spanish name school man,sexy spanish named school man,"[('sexy', 'ADJ'), ('spanish', 'NOUN'), ('named', 'VERB'), ('schools', 'NOUN'), ('man', 'NOUN')]"
1275779,Disclosure Day,Disclosure Day,2026-06-10,78.9991,7.46,3524,en,False,"A cybersecurity expert becomes a whistleblower after uncovering secrets about aliens, putting him on the run from a corporation. Meanwhile, a meteorologist experiencing strange phenomena joins forces with him to prove there's life beyond our understanding.",expert becomes uncovering secrets putting run corporation meanwhile experiencing strange joins forces prove theres beyond understanding,36,16,expert becom uncov secret put run corpor meanwhil experienc strang join forc prove there beyond understand,expert becomes uncovering secret putting run corporation meanwhile experiencing strange join force prove there beyond understanding,"[('expert', 'ADJ'), ('becomes', 'NOUN'), ('uncovering', 'VERB'), ('secrets', 'NOUN'), ('putting', 'VERB'), ('run', 'NOUN'), ('corporation', 'NOUN'), ('meanwhile', 'ADV'), ('experiencing', 'VERB'), ('strange', 'NOUN'), ('joins', 'NOUN'), ('forces', 'NOUN'), ('prove', 'VERB'), ('theres', 'NOUN'), ('beyond', 'ADP'), ('understanding', 'VERB')]"
1240889,Teenage Sex and Death at Camp Miasma,Teenage Sex and Death at Camp Miasma,2026-08-06,67.35,6.272,239,en,False,"After years of slapdash sequels, the Camp Miasma franchise is handed over to an enthusiastic young director for resurrection. But when she visits the original’s star, a now-reclusive actress shrouded in mystery, the two women fall into a blood-soaked world of desire, fear, and delirium.",years camp enthusiastic director star actress shrouded mystery women fall desire fear,45,12,year camp enthusiast director star actress shroud mysteri women fall desir fear,year camp enthusiastic director star actress shrouded mystery woman fall desire fear,"[('years', 'NOUN'), ('camp', 'VERB'), ('enthusiastic', 'ADJ'), ('director', 'NOUN'), ('star', 'NOUN'), ('actress', 'NOUN'), ('shrouded', 'VERB'), ('mystery', 'ADJ'), ('women', 'NOUN'), ('fall', 'VERB'), ('desire', 'NOUN'), ('fear', 'NOUN')]"
1440098,Drawn Together,Enfrentados: Marfil,2026-09-09,77.4127,6.868,170,es,False,"Marfil, daughter of a powerful Spanish businessman, sees her life in New York turned upside down when she is kidnapped and released without explanation. Her father hires Sebastian Moore as bodyguard and, forced to spend every minute together, an inevitable attraction ignites in a world where nothing is as it seems.",daughter powerful spanish businessman sees york turned upside kidnapped released without explanation father sebastian forced every together attraction ignites nothing seems,51,21,daughter power spanish businessman see york turn upsid kidnap releas without explan father sebastian forc everi togeth attract ignit noth seem,daughter powerful spanish businessman see york turned upside kidnapped released without explanation father sebastian forced every together attraction ignites nothing seems,"[('daughter', 'NOUN'), ('powerful', 'ADJ'), ('spanish', 'ADJ'), ('businessman', 'NOUN'), ('sees', 'VERB'), ('york', 'ADV'), ('turned', 'ADJ'), ('upside', 'ADJ'), ('kidnapped', 'VERB'), ('released', 'VERB'), ('without', 'ADP'), ('explanation', 'NOUN'), ('father', 'NOUN'), ('sebastian', 'NOUN'), ('forced', 'VERB'), ('every', 'DET'), ('together', 'ADV'), ('attraction', 'NOUN'), ('ignites', 'VERB'), ('nothing', 'NOUN'), ('seems', 'VERB')]"
1712451,Resident Dead,Resident Dead,2026-09-04,91.7051,5.3,3,en,False,"A man keeping his recently zombified daughter secure in hopes of a cure is tasked with delivering an unknown package through hordes of undead. If he succeeds, he will be given a cure for his daughter. If he fails, or opens the package, they will both be killed.",man keeping daughter secure hopes cure tasked unknown package undead given cure daughter opens package,48,15,man keep daughter secur hope cure task unknown packag undead given cure daughter open packag,man keeping daughter secure hope cure tasked unknown package undead given cure daughter open package,"[('man', 'NOUN'), ('keeping', 'VERB'), ('daughter', 'ADJ'), ('secure', 'NOUN'), ('hopes', 'VERB'), ('cure', 'NOUN'), ('tasked', 'VERB'), ('unknown', 'ADJ'), ('package', 'NOUN'), ('undead', 'ADJ'), ('given', 'VERB'), ('cure', 'NOUN'), ('daughter', 'NOUN'), ('opens', 'VERB'), ('package', 'NOUN')]"
1285366,Shape of My Heart,愛のぬくもり,2024-07-06,72.1563,5.7,8,ja,False,"A romance about a man and a woman who, due to an unexpected event, end up switching bodies. Despite coming from completely different backgrounds and environments, the two try to overcome the various difficulties that arise from their body swap.",romance man woman due unexpected event end bodies despite coming different try overcome body,40,14,romanc man woman due unexpect event end bodi despit come differ tri overcom bodi,romance man woman due unexpected event end body despite coming different try overcome body,"[('romance', 'NOUN'), ('man', 'NOUN'), ('woman', 'NOUN'), ('due', 'ADJ'), ('unexpected', 'ADJ'), ('event', 'NOUN'), ('end', 'NOUN'), ('bodies', 'NOUN'), ('despite', 'ADP'), ('coming', 'ADJ'), ('different', 'ADJ'), ('try', 'NOUN'), ('overcome', 'NOUN'), ('body', 'NOUN')]"
157336,Interstellar,Interstellar,2014-11-05,67.9681,8.489,41365,en,False,The adventures of a group of explorers who make use of a newly discovered wormhole to surpass the limitations on human space travel and conquer the vast distances involved in an interstellar voyage.,adventures group make use newly discovered wormhole human space travel conquer vast involved interstellar voyage,33,15,adventur group make use newli discov wormhol human space travel conquer vast involv interstellar voyag,adventure group make use newly discovered wormhole human space travel conquer vast involved interstellar voyage,"[('adventures', 'NOUN'), ('group', 'NOUN'), ('make', 'VERB'), ('use', 'NOUN'), ('newly', 'ADV'), ('discovered', 'VERB'), ('wormhole', 'ADJ'), ('human', 'ADJ'), ('space', 'NOUN'), ('travel', 'NOUN'), ('conquer', 'NOUN'), ('vast', 'ADJ'), ('involved', 'ADJ'), ('interstellar', 'ADJ'), ('voyage', 'NOUN')]"
1101412,Fall 2: Deadpoint,Fall 2: Deadpoint,2026-09-01,69.4399,6.161,59,en,False,"On a perilous climb across Thailand's Mount Kwan, two climbers become trapped thousands of feet above the ground, where vertigo-inducing heights, sheer exposure, and impossible odds turn every moment into a fight for survival.",perilous climb across mount become trapped thousands feet ground vertigoinducing heights impossible odds turn every moment fight survival,34,18,peril climb across mount becom trap thousand feet ground vertigoinduc height imposs odd turn everi moment fight surviv,perilous climb across mount become trapped thousand foot ground vertigoinducing height impossible odds turn every moment fight survival,"[('perilous', 'ADJ'), ('climb', 'NOUN'), ('across', 'ADP'), ('mount', 'NOUN'), ('become', 'NOUN'), ('trapped', 'ADJ'), ('thousands', 'NOUN'), ('feet', 'NOUN'), ('ground', 'NOUN'), ('vertigoinducing', 'VERB'), ('heights', 'NOUN'), ('impossible', 'ADJ'), ('odds', 'NOUN'), ('turn', 'VERB'), ('every', 'DET'), ('moment', 'NOUN'), ('fight', 'NOUN'), ('survival', 'NOUN')]"
1450404,The Treehouse,La casa en el árbol,2025-09-19,82.7398,3.75,16,es,False,"A couple enjoys a romantic weekend in a treehouse suspended more than 20 meters above the ground in a forest. At night, she wakes up with a start and sees her partner fall from the cabin, dying instantly.",couple romantic weekend 20 ground forest night wakes start sees partner fall dying,38,13,coupl romant weekend 20 ground forest night wake start see partner fall die,couple romantic weekend 20 ground forest night wake start see partner fall dying,"[('couple', 'NOUN'), ('romantic', 'ADJ'), ('weekend', 'NOUN'), ('20', 'NUM'), ('ground', 'NOUN'), ('forest', 'ADJ'), ('night', 'NOUN'), ('wakes', 'NOUN'), ('start', 'VERB'), ('sees', 'VERB'), ('partner', 'NOUN'), ('fall', 'NOUN'), ('dying', 'VERB')]"
1641629,You+Me - Against the World,Toi+Moi - Seuls contre tous,2026-09-18,68.4599,5.753,81,fr,False,"Alma Lancaster, 18, appears to lead a perfect life within a wealthy family who believes she is studying law. In secret, she pursues her true dream: filmmaking. On campus, she meets Vadim Arcadi, 20, a magnetic and solitary rebel with a troubled past. Forced to collaborate on a student film, they clash, grow closer and fall in love — despite themselves. But someone is watching them, determined to tear them apart and expose secrets that could destroy both Alma and Vadim.",alma appears lead perfect within wealthy believes law secret true dream campus meets vadim 20 rebel troubled past forced student film clash grow closer fall love — despite someone watching determined tear apart expose secrets could destroy alma vadim,81,39,alma appear lead perfect within wealthi believ law secret true dream campu meet vadim 20 rebel troubl past forc student film clash grow closer fall love — despit someon watch determin tear apart expos secret could destroy alma vadim,alma appears lead perfect within wealthy belief law secret true dream campus meet vadim 20 rebel troubled past forced student film clash grow closer fall love — despite someone watching determined tear apart expose secret could destroy alma vadim,"[('alma', 'NOUN'), ('appears', 'VERB'), ('lead', 'ADJ'), ('perfect', 'NOUN'), ('within', 'ADP'), ('wealthy', 'ADJ'), ('believes', 'VERB'), ('law', 'NOUN'), ('secret', 'NOUN'), ('true', 'ADJ'), ('dream', 'NOUN'), ('campus', 'NOUN'), ('meets', 'NOUN'), ('vadim', 'VERB'), ('20', 'NUM'), ('rebel', 'NOUN'), ('troubled', 'VERB'), ('past', 'ADV'), ('forced', 'ADJ'), ('student', 'NOUN'), ('film', 'NOUN'), ('clash', 'NOUN'), ('grow', 'VERB'), ('closer', 'ADJ'), ('fall', 'NOUN'), ('love', 'NOUN'), ('—', 'NOUN'), ('despite', 'ADP'), ('someone', 'NOUN'), ('watching', 'NOUN'), ('determined', 'VERB'), ('tear', 'ADJ'), ('apart', 'ADV'), ('expose', 'ADJ'), ('secrets', 'NOUN'), ('could', 'VERB'), ('destroy', 'VERB'), ('alma', 'PRT'), ('vadim', 'NOUN')]"
1224993,Dark Nuns,검은 수녀들,2025-01-24,63.4913,6.195,100,ko,False,"Desperation drives two nuns to perform an exorcism no nun should attempt. With a possessed child at the mercy of evil and the opposition of the Catholic Church, they take on the dangerous forbidden rituals themselves, putting their immortal souls in grave danger. They must confront the terrifying cost of their sacrilegious actions, but one goal remains: the boy must be saved at all costs.",attempt child evil opposition church take dangerous forbidden putting danger confront terrifying cost actions goal remains boy saved,65,18,attempt child evil opposit church take danger forbidden put danger confront terrifi cost action goal remain boy save,attempt child evil opposition church take dangerous forbidden putting danger confront terrifying cost action goal remains boy saved,"[('attempt', 'NOUN'), ('child', 'NOUN'), ('evil', 'ADJ'), ('opposition', 'NOUN'), ('church', 'NOUN'), ('take', 'VERB'), ('dangerous', 'ADJ'), ('forbidden', 'ADJ'), ('putting', 'VERB'), ('danger', 'NOUN'), ('confront', 'NOUN'), ('terrifying', 'VERB'), ('cost', 'NOUN'), ('actions', 'NOUN'), ('goal', 'NOUN'), ('remains', 'VERB'), ('boy', 'ADJ'), ('saved', 'VERB')]"
980431,Avatar Aang: The Last Airbender,Avatar Aang: The Last Airbender,2026-07-24,70.7825,9.141,1246,en,False,"Avatar Aang, the world's last Airbender, learns of an ancient power that could save his culture from extinction. With the help of his friends, he embarks on a global quest to find it before it falls into the wrong hands and threatens to upend the peace they sacrificed everything to achieve.",worlds last learns ancient power could save extinction help friends embarks global quest find falls wrong hands threatens peace everything achieve,51,21,world last learn ancient power could save extinct help friend embark global quest find fall wrong hand threaten peac everyth achiev,world last learns ancient power could save extinction help friend embarks global quest find fall wrong hand threatens peace everything achieve,"[('worlds', 'NOUN'), ('last', 'ADJ'), ('learns', 'ADJ'), ('ancient', 'ADJ'), ('power', 'NOUN'), ('could', 'VERB'), ('save', 'VERB'), ('extinction', 'NOUN'), ('help', 'NOUN'), ('friends', 'VERB'), ('embarks', 'VERB'), ('global', 'ADJ'), ('quest', 'NOUN'), ('find', 'NOUN'), ('falls', 'VERB'), ('wrong', 'ADJ'), ('hands', 'NOUN'), ('threatens', 'VERB'), ('peace', 'NOUN'), ('everything', 'NOUN'), ('achieve', 'VERB')]"
533535,Deadpool & Wolverine,Deadpool & Wolverine,2024-07-24,69.6933,7.588,9552,en,False,"A listless Wade Wilson toils away in civilian life with his days as the morally flexible mercenary, Deadpool, behind him. But when his homeworld faces an existential threat, Wade must reluctantly suit-up again with an even more reluctant Wolverine.",listless wade wilson toils away civilian days morally flexible mercenary deadpool behind homeworld faces existential threat wade reluctantly suitup even reluctant wolverine,39,22,listless wade wilson toil away civilian day moral flexibl mercenari deadpool behind homeworld face existenti threat wade reluctantli suitup even reluct wolverin,listless wade wilson toil away civilian day morally flexible mercenary deadpool behind homeworld face existential threat wade reluctantly suitup even reluctant wolverine,"[('listless', 'ADJ'), ('wade', 'VERB'), ('wilson', 'NOUN'), ('toils', 'NOUN'), ('away', 'ADV'), ('civilian', 'ADJ'), ('days', 'NOUN'), ('morally', 'ADV'), ('flexible', 'ADJ'), ('mercenary', 'ADJ'), ('deadpool', 'NOUN'), ('behind', 'ADP'), ('homeworld', 'NOUN'), ('faces', 'VERB'), ('existential', 'ADJ'), ('threat', 'NOUN'), ('wade', 'VERB'), ('reluctantly', 'ADV'), ('suitup', 'VERB'), ('even', 'ADV'), ('reluctant', 'ADJ'), ('wolverine', 'NOUN')]"
533535,Deadpool & Wolverine,Deadpool & Wolverine,2024-07-24,69.6933,7.588,9553,en,False,"A listless Wade Wilson toils away in civilian life with his days as the morally flexible mercenary, Deadpool, behind him. But when his homeworld faces an existential threat, Wade must reluctantly suit-up again with an even more reluctant Wolverine.",listless wade wilson toils away civilian days morally flexible mercenary deadpool behind homeworld faces existential threat wade reluctantly suitup even reluctant wolverine,39,22,listless wade wilson toil away civilian day moral flexibl mercenari deadpool behind homeworld face existenti threat wade reluctantli suitup even reluct wolverin,listless wade wilson toil away civilian day morally flexible mercenary deadpool behind homeworld face existential threat wade reluctantly suitup even reluctant wolverine,"[('listless', 'ADJ'), ('wade', 'VERB'), ('wilson', 'NOUN'), ('toils', 'NOUN'), ('away', 'ADV'), ('civilian', 'ADJ'), ('days', 'NOUN'), ('morally', 'ADV'), ('flexible', 'ADJ'), ('mercenary', 'ADJ'), ('deadpool', 'NOUN'), ('behind', 'ADP'), ('homeworld', 'NOUN'), ('faces', 'VERB'), ('existential', 'ADJ'), ('threat', 'NOUN'), ('wade', 'VERB'), ('reluctantly', 'ADV'), ('suitup', 'VERB'), ('even', 'ADV'), ('reluctant', 'ADJ'), ('wolverine', 'NOUN')]"
1469930,Project Sacrifice,Tumbal Proyek,2026-05-13,60.247,3.9,6,id,False,"While investigating their father’s death inside a major bridge construction company, Yuda and his family attempt to prove that the frequent, deadly workplace accidents are actually human sacrifices.",death inside major construction company attempt prove deadly actually human sacrifices,28,11,death insid major construct compani attempt prove deadli actual human sacrific,death inside major construction company attempt prove deadly actually human sacrifice,"[('death', 'NOUN'), ('inside', 'ADP'), ('major', 'ADJ'), ('construction', 'NOUN'), ('company', 'NOUN'), ('attempt', 'NOUN'), ('prove', 'VERB'), ('deadly', 'ADV'), ('actually', 'ADV'), ('human', 'ADJ'), ('sacrifices', 'NOUN')]"
1130948,Rosebush Pruning,Rosebush Pruning,2026-04-23,66.1696,6.025,59,en,False,"When an American heir living in a luxurious Spanish villa decides to move in with his girlfriend, his departure triggers a family collapse as his brother uncovers the truth behind their mother's tragic death.",american heir living spanish decides move girlfriend departure triggers collapse brother uncovers truth behind mothers death,34,16,american heir live spanish decid move girlfriend departur trigger collaps brother uncov truth behind mother death,american heir living spanish decides move girlfriend departure trigger collapse brother uncovers truth behind mother death,"[('american', 'ADJ'), ('heir', 'NOUN'), ('living', 'VERB'), ('spanish', 'ADJ'), ('decides', 'NOUN'), ('move', 'VERB'), ('girlfriend', 'ADJ'), ('departure', 'NOUN'), ('triggers', 'NOUN'), ('collapse', 'VERB'), ('brother', 'NOUN'), ('uncovers', 'NOUN'), ('truth', 'VERB'), ('behind', 'ADP'), ('mothers', 'NOUN'), ('death', 'NOUN')]"
1228710,The Mandalorian and Grogu,The Mandalorian and Grogu,2026-05-20,65.152,7.462,1781,en,False,"The evil Empire has fallen, and Imperial warlords remain scattered throughout the galaxy. As the fledgling New Republic works to protect everything the Rebellion fought for, they have enlisted the help of legendary Mandalorian bounty hunter Din Djarin and his young apprentice Grogu.",evil empire fallen imperial remain throughout galaxy works protect everything rebellion fought enlisted help legendary bounty hunter,43,17,evil empir fallen imperi remain throughout galaxi work protect everyth rebellion fought enlist help legendari bounti hunter,evil empire fallen imperial remain throughout galaxy work protect everything rebellion fought enlisted help legendary bounty hunter,"[('evil', 'ADJ'), ('empire', 'NOUN'), ('fallen', 'VERB'), ('imperial', 'ADJ'), ('remain', 'NOUN'), ('throughout', 'ADP'), ('galaxy', 'NOUN'), ('works', 'NOUN'), ('protect', 'VERB'), ('everything', 'NOUN'), ('rebellion', 'NOUN'), ('fought', 'ADV'), ('enlisted', 'VERB'), ('help', 'NOUN'), ('legendary', 'ADJ'), ('bounty', 'NOUN'), ('hunter', 'NOUN')]"
1284465,The Death of Robin Hood,The Death of Robin Hood,2026-06-18,60.4973,6.734,490,en,False,"Grappling with his past after a life of crime and murder, Robin Hood finds himself gravely injured after a battle he thought would be his last. In the hands of a mysterious woman, he is offered a chance at salvation.",past crime murder finds injured battle would last hands woman offered chance salvation,40,13,past crime murder find injur battl would last hand woman offer chanc salvat,past crime murder find injured battle would last hand woman offered chance salvation,"[('past', 'ADJ'), ('crime', 'NOUN'), ('murder', 'NOUN'), ('finds', 'NOUN'), ('injured', 'ADJ'), ('battle', 'NOUN'), ('would', 'VERB'), ('last', 'ADJ'), ('hands', 'NOUN'), ('woman', 'NOUN'), ('offered', 'VERB'), ('chance', 'NOUN'), ('salvation', 'NOUN')]"
24428,The Avengers,The Avengers,2012-04-25,68.0077,8.079,39924,en,False,"When an unexpected enemy emerges and threatens global safety and security, Nick Fury, director of the international peacekeeping agency known as S.H.I.E.L.D., finds himself in need of a team to pull the world back from the brink of disaster. Spanning the globe, a daring recruitment effort begins!",unexpected enemy emerges threatens global safety security nick fury director international peacekeeping known finds team pull brink disaster spanning globe daring effort begins,47,23,unexpect enemi emerg threaten global safeti secur nick furi director intern peacekeep known find team pull brink disast span globe dare effort begin,unexpected enemy emerges threatens global safety security nick fury director international peacekeeping known find team pull brink disaster spanning globe daring effort begin,"[('unexpected', 'ADJ'), ('enemy', 'NOUN'), ('emerges', 'VERB'), ('threatens', 'VERB'), ('global', 'ADJ'), ('safety', 'NOUN'), ('security', 'NOUN'), ('nick', 'ADJ'), ('fury', 'NOUN'), ('director', 'NOUN'), ('international', 'ADJ'), ('peacekeeping', 'NOUN'), ('known', 'VERB'), ('finds', 'VERB'), ('team', 'NOUN'), ('pull', 'NOUN'), ('brink', 'VERB'), ('disaster', 'NOUN'), ('spanning', 'VERB'), ('globe', 'NOUN'), ('daring', 'VERB'), ('effort', 'NOUN'), ('begins', 'NOUN')]"
1419406,The Shadow's Edge,捕风追影,2025-08-16,64.2085,8.316,1506,zh,False,Macau Police brings the tracking expert police officer out of retirement to help catch a dangerous group of professional thieves.,police brings expert police officer retirement help catch dangerous group,20,10,polic bring expert polic offic retir help catch danger group,police brings expert police officer retirement help catch dangerous group,"[('police', 'NOUN'), ('brings', 'NOUN'), ('expert', 'ADJ'), ('police', 'ADJ'), ('officer', 'NOUN'), ('retirement', 'NOUN'), ('help', 'NOUN'), ('catch', 'VERB'), ('dangerous', 'ADJ'), ('group', 'NOUN')]"
1311031,Demon Slayer: Kimetsu no Yaiba Infinity Castle,劇場版「鬼滅の刃」無限城編 第一章 猗窩座再来,2025-07-18,61.5567,8.795,2234,ja,False,"The Demon Slayer Corps are drawn into the Infinity Castle, where Tanjiro, Nezuko, and the Hashira face terrifying Upper Rank demons in a desperate fight as the final battle against Muzan Kibutsuji begins.",drawn infinity castle face terrifying rank demons desperate fight final battle begins,33,12,drawn infin castl face terrifi rank demon desper fight final battl begin,drawn infinity castle face terrifying rank demon desperate fight final battle begin,"[('drawn', 'NOUN'), ('infinity', 'NOUN'), ('castle', 'ADJ'), ('face', 'NOUN'), ('terrifying', 'VERB'), ('rank', 'ADJ'), ('demons', 'NOUN'), ('desperate', 'ADJ'), ('fight', 'VERB'), ('final', 'ADJ'), ('battle', 'NOUN'), ('begins', 'NOUN')]"
348,Alien,Alien,1979-05-25,45.7318,8.174,16918,en,False,"During its return to the earth, commercial spaceship Nostromo intercepts a distress signal from a distant planet. When a three-member team of the crew discovers a chamber containing thousands of eggs on the planet, a creature inside one of the eggs attacks an explorer. The entire crew is unaware of the impending nightmare set to descend upon them when the alien parasite planted inside its unfortunate host is birthed.",return earth spaceship signal distant planet team crew discovers chamber containing thousands eggs planet creature inside eggs explorer entire crew unaware impending nightmare set upon alien inside host,69,28,return earth spaceship signal distant planet team crew discov chamber contain thousand egg planet creatur insid egg explor entir crew unawar impend nightmar set upon alien insid host,return earth spaceship signal distant planet team crew discovers chamber containing thousand egg planet creature inside egg explorer entire crew unaware impending nightmare set upon alien inside host,"[('return', 'NOUN'), ('earth', 'NOUN'), ('spaceship', 'VERB'), ('signal', 'ADJ'), ('distant', 'ADJ'), ('planet', 'NOUN'), ('team', 'NOUN'), ('crew', 'VERB'), ('discovers', 'NOUN'), ('chamber', 'VERB'), ('containing', 'VERB'), ('thousands', 'NOUN'), ('eggs', 'ADJ'), ('planet', 'ADJ'), ('creature', 'NOUN'), ('inside', 'ADP'), ('eggs', 'NOUN'), ('explorer', 'VERB'), ('entire', 'ADJ'), ('crew', 'NOUN'), ('unaware', 'NOUN'), ('impending', 'VERB'), ('nightmare', 'NOUN'), ('set', 'VERB'), ('upon', 'ADP'), ('alien', 'ADJ'), ('inside', 'ADP'), ('host', 'NOUN')]"
591634,False Positive,False Positive,2021-06-18,55.1549,5.6,203,en,False,"After months of trying and failing to get pregnant, Lucy and Adrian finally find their dream fertility doctor in the illustrious Dr. Hindle. But after becoming pregnant with a healthy baby girl, Lucy begins to notice something sinister through Hindle's gleaming charm, and she sets out to uncover the unsettling truth about him.",months trying failing get pregnant lucy finally find dream doctor dr becoming pregnant baby girl lucy begins something sinister sets uncover truth,53,22,month tri fail get pregnant luci final find dream doctor dr becom pregnant babi girl luci begin someth sinist set uncov truth,month trying failing get pregnant lucy finally find dream doctor dr becoming pregnant baby girl lucy begin something sinister set uncover truth,"[('months', 'NOUN'), ('trying', 'VERB'), ('failing', 'VERB'), ('get', 'VERB'), ('pregnant', 'ADJ'), ('lucy', 'NOUN'), ('finally', 'ADV'), ('find', 'VERB'), ('dream', 'NOUN'), ('doctor', 'NOUN'), ('dr', 'NOUN'), ('becoming', 'VERB'), ('pregnant', 'ADJ'), ('baby', 'NOUN'), ('girl', 'NOUN'), ('lucy', 'NOUN'), ('begins', 'VERB'), ('something', 'NOUN'), ('sinister', 'ADJ'), ('sets', 'NOUN'), ('uncover', 'PRT'), ('truth', 'NOUN')]"
1386315,The Runner,The Runner,2026-09-03,59.4768,6.762,623,en,False,"Maia Marten, a brilliant London lawyer, has her life shattered by a single call on her morning run: her son has been taken. To get him back, she must keep running, obey every ruthless command, and trust no one-each second a test of how far a mother will go to save her child.",brilliant london lawyer shattered single call morning run son taken get keep running every ruthless trust second test far mother go save child,53,23,brilliant london lawyer shatter singl call morn run son taken get keep run everi ruthless trust second test far mother go save child,brilliant london lawyer shattered single call morning run son taken get keep running every ruthless trust second test far mother go save child,"[('brilliant', 'ADJ'), ('london', 'NOUN'), ('lawyer', 'NOUN'), ('shattered', 'VERB'), ('single', 'ADJ'), ('call', 'NOUN'), ('morning', 'NOUN'), ('run', 'NOUN'), ('son', 'NOUN'), ('taken', 'VERB'), ('get', 'VERB'), ('keep', 'ADJ'), ('running', 'NOUN'), ('every', 'DET'), ('ruthless', 'NOUN'), ('trust', 'NOUN'), ('second', 'ADJ'), ('test', 'NOUN'), ('far', 'ADV'), ('mother', 'ADV'), ('go', 'VERB'), ('save', 'VERB'), ('child', 'NOUN')]"
278,The Shawshank Redemption,The Shawshank Redemption,1994-09-23,59.2259,8.731,31486,en,False,"Imprisoned in the 1940s for the double murder of his wife and her lover, upstanding banker Andy Dufresne begins a new life at the Shawshank prison, where he puts his accounting skills to work for an amoral warden. During his long stretch in prison, Dufresne comes to be admired by the other inmates -- including an older prisoner named Red -- for his integrity and unquenchable sense of hope.",imprisoned double murder wife lover andy dufresne begins prison puts skills work warden long stretch prison dufresne comes inmates including older named red sense hope,69,25,imprison doubl murder wife lover andi dufresn begin prison put skill work warden long stretch prison dufresn come inmat includ older name red sens hope,imprisoned double murder wife lover andy dufresne begin prison put skill work warden long stretch prison dufresne come inmate including older named red sense hope,"[('imprisoned', 'VERB'), ('double', 'ADJ'), ('murder', 'NOUN'), ('wife', 'NOUN'), ('lover', 'NOUN'), ('andy', 'ADJ'), ('dufresne', 'NOUN'), ('begins', 'VERB'), ('prison', 'NOUN'), ('puts', 'VERB'), ('skills', 'NOUN'), ('work', 'VERB'), ('warden', 'ADV'), ('long', 'ADV'), ('stretch', 'ADJ'), ('prison', 'NOUN'), ('dufresne', 'NOUN'), ('comes', 'VERB'), ('inmates', 'VERB'), ('including', 'VERB'), ('older', 'ADJ'), ('named', 'VERB'), ('red', 'ADJ'), ('sense', 'NOUN'), ('hope', 'NOUN')]"
150540,Inside Out,Inside Out,2015-06-17,59.9074,7.905,23956,en,False,"When 11-year-old Riley moves to a new city, her Emotions team up to help her through the transition. Joy, Fear, Anger, Disgust and Sadness work together, but when Joy and Sadness get lost, they must journey through unfamiliar places to get back home.",11yearold moves city team help transition joy fear sadness work together joy sadness get lost journey places get home,43,19,11yearold move citi team help transit joy fear sad work togeth joy sad get lost journey place get home,11yearold move city team help transition joy fear sadness work together joy sadness get lost journey place get home,"[('11yearold', 'NUM'), ('moves', 'NOUN'), ('city', 'NOUN'), ('team', 'NOUN'), ('help', 'NOUN'), ('transition', 'NOUN'), ('joy', 'NOUN'), ('fear', 'NOUN'), ('sadness', 'NOUN'), ('work', 'NOUN'), ('together', 'ADV'), ('joy', 'NOUN'), ('sadness', 'NOUN'), ('get', 'NOUN'), ('lost', 'VERB'), ('journey', 'NOUN'), ('places', 'NOUN'), ('get', 'VERB'), ('home', 'NOUN')]"
1621552,Facing El Chapo,La captura,2026-08-21,58.091,8.779,867,es,False,Two Mexican officers must survive the final hours of their shift after crossing a ruthless cartel boss.,mexican survive final hours shift ruthless cartel boss,17,8,mexican surviv final hour shift ruthless cartel boss,mexican survive final hour shift ruthless cartel bos,"[('mexican', 'ADJ'), ('survive', 'ADJ'), ('final', 'ADJ'), ('hours', 'NOUN'), ('shift', 'NOUN'), ('ruthless', 'ADJ'), ('cartel', 'NOUN'), ('boss', 'NOUN')]"
238,The Godfather,The Godfather,1972-03-14,58.3471,8.688,23683,en,False,"Spanning the years 1945 to 1955, a chronicle of the fictional Italian-American Corleone crime family. When organized crime family patriarch, Vito Corleone barely survives an attempt on his life, his youngest son, Michael steps in to take care of the would-be killers, launching a campaign of bloody revenge.",spanning years 1945 1955 corleone crime crime vito corleone barely survives attempt son michael steps take care killers launching campaign bloody revenge,48,22,span year 1945 1955 corleon crime crime vito corleon bare surviv attempt son michael step take care killer launch campaign bloodi reveng,spanning year 1945 1955 corleone crime crime vito corleone barely survives attempt son michael step take care killer launching campaign bloody revenge,"[('spanning', 'VERB'), ('years', 'NOUN'), ('1945', 'NUM'), ('1955', 'NUM'), ('corleone', 'NOUN'), ('crime', 'NOUN'), ('crime', 'NOUN'), ('vito', 'NOUN'), ('corleone', 'NOUN'), ('barely', 'ADV'), ('survives', 'VERB'), ('attempt', 'ADJ'), ('son', 'NOUN'), ('michael', 'NOUN'), ('steps', 'NOUN'), ('take', 'VERB'), ('care', 'NOUN'), ('killers', 'NOUN'), ('launching', 'VERB'), ('campaign', 'NOUN'), ('bloody', 'NOUN'), ('revenge', 'NOUN')]"
1229906,Family,Family,2026-09-25,66.487,10.0,1,en,False,"A 10-year-old girl begins to believe her parents are trying to kill her. Convinced a sinister spirit is to blame, she spirals into a haunting fantasy world that mirrors her deepest fears.",girl begins parents trying kill convinced sinister spirit blame spirals haunting fantasy deepest fears,32,14,girl begin parent tri kill convinc sinist spirit blame spiral haunt fantasi deepest fear,girl begin parent trying kill convinced sinister spirit blame spiral haunting fantasy deepest fear,"[('girl', 'NOUN'), ('begins', 'VERB'), ('parents', 'NOUN'), ('trying', 'VERB'), ('kill', 'NOUN'), ('convinced', 'VERB'), ('sinister', 'ADJ'), ('spirit', 'NOUN'), ('blame', 'NOUN'), ('spirals', 'NOUN'), ('haunting', 'VERB'), ('fantasy', 'ADJ'), ('deepest', 'NOUN'), ('fears', 'NOUN')]"
634649,Spider-Man: No Way Home,Spider-Man: No Way Home,2021-12-15,59.4466,7.947,23243,en,False,"Peter Parker is unmasked and no longer able to separate his normal life from the high-stakes of being a super-hero. When he asks for help from Doctor Strange the stakes become even more dangerous, forcing him to discover what it truly means to be Spider-Man.",peter parker able separate highstakes superhero asks help doctor strange stakes become even dangerous forcing discover truly means spiderman,45,19,peter parker abl separ highstak superhero ask help doctor strang stake becom even danger forc discov truli mean spiderman,peter parker able separate highstakes superhero asks help doctor strange stake become even dangerous forcing discover truly mean spiderman,"[('peter', 'NOUN'), ('parker', 'NOUN'), ('able', 'ADJ'), ('separate', 'ADJ'), ('highstakes', 'NOUN'), ('superhero', 'NOUN'), ('asks', 'VERB'), ('help', 'NOUN'), ('doctor', 'NOUN'), ('strange', 'ADJ'), ('stakes', 'NOUN'), ('become', 'VERB'), ('even', 'ADV'), ('dangerous', 'ADJ'), ('forcing', 'VERB'), ('discover', 'NOUN'), ('truly', 'ADV'), ('means', 'VERB'), ('spiderman', 'ADJ')]"
1185806,PAW Patrol: The Dino Movie,PAW Patrol: The Dino Movie,2026-07-23,69.2261,8.2,160,en,False,"The Paw Patrol lands on a mysterious dinosaur island after a storm, where they meet Rex, a stranded pup. When Humdinger's reckless mining triggers a volcano, the team faces their biggest rescue mission yet to save the island.",paw patrol lands island storm meet rex stranded mining triggers team faces biggest rescue mission yet save island,38,18,paw patrol land island storm meet rex strand mine trigger team face biggest rescu mission yet save island,paw patrol land island storm meet rex stranded mining trigger team face biggest rescue mission yet save island,"[('paw', 'NOUN'), ('patrol', 'NOUN'), ('lands', 'VERB'), ('island', 'ADJ'), ('storm', 'NOUN'), ('meet', 'NOUN'), ('rex', 'NOUN'), ('stranded', 'VERB'), ('mining', 'NOUN'), ('triggers', 'NOUN'), ('team', 'NOUN'), ('faces', 'VERB'), ('biggest', 'ADJ'), ('rescue', 'NOUN'), ('mission', 'NOUN'), ('yet', 'ADV'), ('save', 'VERB'), ('island', 'NOUN')]"
880067,Strung,Strung,2026-06-18,56.547,7.629,85,en,False,"A talented violinist's prestigious new role as a music tutor for an enigmatic, elite family spirals into a psychological battle for her safety and sanity.",talented prestigious role music enigmatic elite spirals psychological battle safety sanity,25,11,talent prestigi role music enigmat elit spiral psycholog battl safeti saniti,talented prestigious role music enigmatic elite spiral psychological battle safety sanity,"[('talented', 'VERB'), ('prestigious', 'ADJ'), ('role', 'NOUN'), ('music', 'NOUN'), ('enigmatic', 'ADJ'), ('elite', 'ADJ'), ('spirals', 'NOUN'), ('psychological', 'ADJ'), ('battle', 'NOUN'), ('safety', 'NOUN'), ('sanity', 'NOUN')]"
1323244,Rage of Stars,Rage of Stars,2026-08-06,55.4356,6.543,219,en,False,"A story about a woman from the International Special Forces Unit, who has a premonition about the impending end of humanity.",story woman international special forces unit impending end humanity,21,9,stori woman intern special forc unit impend end human,story woman international special force unit impending end humanity,"[('story', 'NOUN'), ('woman', 'NOUN'), ('international', 'ADJ'), ('special', 'ADJ'), ('forces', 'NOUN'), ('unit', 'NOUN'), ('impending', 'ADJ'), ('end', 'NOUN'), ('humanity', 'NOUN')]"
1516698,The Last Sunrise,The Last Sunrise,2026-08-26,59.2454,6.896,211,en,False,"Ry, a college student with a chronic illness, escapes to Mallorca for the summer with her mother, where she unexpectedly falls for a local and begins to embrace living in the moment. But as her condition worsens and long-hidden family secrets come to light, everything she has found before summer's end is threatened.",college student escapes summer mother unexpectedly falls local begins embrace living moment secrets come light everything found end,53,18,colleg student escap summer mother unexpectedli fall local begin embrac live moment secret come light everyth found end,college student escape summer mother unexpectedly fall local begin embrace living moment secret come light everything found end,"[('college', 'NOUN'), ('student', 'NOUN'), ('escapes', 'VERB'), ('summer', 'NOUN'), ('mother', 'NOUN'), ('unexpectedly', 'ADV'), ('falls', 'VERB'), ('local', 'ADJ'), ('begins', 'NOUN'), ('embrace', 'VERB'), ('living', 'VERB'), ('moment', 'NOUN'), ('secrets', 'NOUN'), ('come', 'VERB'), ('light', 'ADJ'), ('everything', 'NOUN'), ('found', 'VERB'), ('end', 'NOUN')]"
205596,The Imitation Game,The Imitation Game,2014-11-14,59.4969,7.978,18477,en,False,"Based on the real life story of legendary cryptanalyst Alan Turing, the film portrays the nail-biting race against time by Turing and his brilliant team of code-breakers at Britain's top-secret Government Code and Cypher School at Bletchley Park, during the darkest days of World War II.",based real story legendary turing film race time turing brilliant team topsecret government school darkest days war ii,46,18,base real stori legendari ture film race time ture brilliant team topsecret govern school darkest day war ii,based real story legendary turing film race time turing brilliant team topsecret government school darkest day war ii,"[('based', 'VERB'), ('real', 'ADJ'), ('story', 'NOUN'), ('legendary', 'ADJ'), ('turing', 'NOUN'), ('film', 'NOUN'), ('race', 'NOUN'), ('time', 'NOUN'), ('turing', 'VERB'), ('brilliant', 'ADJ'), ('team', 'NOUN'), ('topsecret', 'ADJ'), ('government', 'NOUN'), ('school', 'NOUN'), ('darkest', 'ADJ'), ('days', 'NOUN'), ('war', 'NOUN'), ('ii', 'NOUN')]"
671,Harry Potter and the Philosopher's Stone,Harry Potter and the Philosopher's Stone,2001-11-16,58.9571,7.904,30333,en,False,"Harry Potter has lived under the stairs at his aunt and uncle's house his whole life. But on his 11th birthday, he learns he's a powerful wizard—with a place waiting for him at the Hogwarts School of Witchcraft and Wizardry. As he learns to harness his newfound powers with the help of the school's kindly headmaster, Harry uncovers the truth about his parents' deaths—and about the villain who's to blame.",harry potter lived aunt house whole birthday learns hes powerful place waiting hogwarts school witchcraft learns newfound powers help schools headmaster harry uncovers truth parents villain whos blame,70,28,harri potter live aunt hous whole birthday learn he power place wait hogwart school witchcraft learn newfound power help school headmast harri uncov truth parent villain who blame,harry potter lived aunt house whole birthday learns he powerful place waiting hogwarts school witchcraft learns newfound power help school headmaster harry uncovers truth parent villain who blame,"[('harry', 'NOUN'), ('potter', 'NOUN'), ('lived', 'VERB'), ('aunt', 'NOUN'), ('house', 'NOUN'), ('whole', 'ADJ'), ('birthday', 'NOUN'), ('learns', 'VERB'), ('hes', 'NOUN'), ('powerful', 'ADJ'), ('place', 'NOUN'), ('waiting', 'VERB'), ('hogwarts', 'NOUN'), ('school', 'NOUN'), ('witchcraft', 'NOUN'), ('learns', 'VERB'), ('newfound', 'ADJ'), ('powers', 'NOUN'), ('help', 'VERB'), ('schools', 'NOUN'), ('headmaster', 'NOUN'), ('harry', 'VERB'), ('uncovers', 'NOUN'), ('truth', 'VERB'), ('parents', 'NOUN'), ('villain', 'VERB'), ('whos', 'ADJ'), ('blame', 'NOUN')]"
1481603,Hold the Fort,Hold the Fort,2025-07-16,52.7415,6.167,15,en,False,"A HOA turns out to be more troublesome than usual in this wildly amusing, FX-heavy freak-out about newly minted suburbanites unexpectedly forced to take part in a struggle against monstrous forces.",turns wildly newly unexpectedly forced take part struggle monstrous forces,31,10,turn wildli newli unexpectedli forc take part struggl monstrou forc,turn wildly newly unexpectedly forced take part struggle monstrous force,"[('turns', 'NOUN'), ('wildly', 'ADV'), ('newly', 'ADV'), ('unexpectedly', 'ADV'), ('forced', 'VERB'), ('take', 'VERB'), ('part', 'NOUN'), ('struggle', 'NOUN'), ('monstrous', 'ADJ'), ('forces', 'NOUN')]"
693134,Dune: Part Two,Dune: Part Two,2024-02-27,55.7925,8.138,8670,en,False,"Follow the mythic journey of Paul Atreides as he unites with Chani and the Fremen while on a path of revenge against the conspirators who destroyed his family. Facing a choice between the love of his life and the fate of the known universe, Paul endeavors to prevent a terrible future only he can foresee.",follow journey paul atreides chani path revenge destroyed facing choice love fate known universe paul prevent terrible future,55,18,follow journey paul atreid chani path reveng destroy face choic love fate known univers paul prevent terribl futur,follow journey paul atreides chani path revenge destroyed facing choice love fate known universe paul prevent terrible future,"[('follow', 'ADJ'), ('journey', 'NOUN'), ('paul', 'NOUN'), ('atreides', 'VERB'), ('chani', 'ADJ'), ('path', 'NOUN'), ('revenge', 'NOUN'), ('destroyed', 'VERB'), ('facing', 'ADJ'), ('choice', 'NOUN'), ('love', 'NOUN'), ('fate', 'NOUN'), ('known', 'VERB'), ('universe', 'ADJ'), ('paul', 'NOUN'), ('prevent', 'NOUN'), ('terrible', 'ADJ'), ('future', 'NOUN')]"
603,The Matrix,The Matrix,1999-03-31,53.6957,8.26,28867,en,False,"Set in the 22nd century, The Matrix tells the story of a computer hacker who joins a group of underground insurgents fighting the vast and powerful computers who now rule the earth.",set 22nd century matrix tells story computer joins group underground insurgents fighting vast powerful rule earth,32,16,set 22nd centuri matrix tell stori comput join group underground insurg fight vast power rule earth,set 22nd century matrix tell story computer join group underground insurgent fighting vast powerful rule earth,"[('set', 'VERB'), ('22nd', 'ADJ'), ('century', 'NOUN'), ('matrix', 'NOUN'), ('tells', 'VERB'), ('story', 'NOUN'), ('computer', 'NOUN'), ('joins', 'VERB'), ('group', 'NOUN'), ('underground', 'ADJ'), ('insurgents', 'NOUN'), ('fighting', 'VERB'), ('vast', 'ADJ'), ('powerful', 'ADJ'), ('rule', 'NOUN'), ('earth', 'NOUN')]"
1184918,The Wild Robot,The Wild Robot,2024-09-12,54.8798,8.311,6678,en,False,"After a shipwreck, an intelligent robot called Roz is stranded on an uninhabited island. To survive the harsh environment, Roz bonds with the island's animals and cares for an orphaned baby goose.",robot called roz stranded island survive harsh roz islands animals cares orphaned baby,32,13,robot call roz strand island surviv harsh roz island anim care orphan babi,robot called roz stranded island survive harsh roz island animal care orphaned baby,"[('robot', 'NOUN'), ('called', 'VERB'), ('roz', 'NOUN'), ('stranded', 'VERB'), ('island', 'NOUN'), ('survive', 'NOUN'), ('harsh', 'NOUN'), ('roz', 'NOUN'), ('islands', 'VERB'), ('animals', 'NOUN'), ('cares', 'NOUN'), ('orphaned', 'VERB'), ('baby', 'NOUN')]"
122,The Lord of the Rings: The Return of the King,The Lord of the Rings: The Return of the King,2003-12-17,52.8972,8.505,27486,en,False,"As armies mass for a final battle that will decide the fate of the world--and powerful, ancient forces of Light and Dark compete to determine the outcome--one member of the Fellowship of the Ring is revealed as the noble heir to the throne of the Kings of Men. Yet, the sole hope for triumph over evil lies with a brave hobbit, Frodo, who, accompanied by his loyal friend Sam and the hideous, wretched Gollum, ventures deep into the very dark heart of Mordor on his seemingly impossible quest to destroy the Ring of Power.​",mass final battle decide fate powerful ancient forces light dark compete determine member fellowship ring revealed heir throne kings men yet hope evil lies brave hobbit frodo accompanied friend sam deep dark heart mordor seemingly impossible quest destroy ring,94,39,mass final battl decid fate power ancient forc light dark compet determin member fellowship ring reveal heir throne king men yet hope evil lie brave hobbit frodo accompani friend sam deep dark heart mordor seemingli imposs quest destroy ring,mass final battle decide fate powerful ancient force light dark compete determine member fellowship ring revealed heir throne king men yet hope evil lie brave hobbit frodo accompanied friend sam deep dark heart mordor seemingly impossible quest destroy ring,"[('mass', 'NOUN'), ('final', 'ADJ'), ('battle', 'NOUN'), ('decide', 'ADJ'), ('fate', 'NOUN'), ('powerful', 'ADJ'), ('ancient', 'ADJ'), ('forces', 'NOUN'), ('light', 'ADJ'), ('dark', 'ADJ'), ('compete', 'ADJ'), ('determine', 'NOUN'), ('member', 'NOUN'), ('fellowship', 'NOUN'), ('ring', 'VERB'), ('revealed', 'VERB'), ('heir', 'NOUN'), ('throne', 'NOUN'), ('kings', 'NOUN'), ('men', 'NOUN'), ('yet', 'ADV'), ('hope', 'VERB'), ('evil', 'ADJ'), ('lies', 'NOUN'), ('brave', 'VERB'), ('hobbit', 'NOUN'), ('frodo', 'ADJ'), ('accompanied', 'VERB'), ('friend', 'NOUN'), ('sam', 'NOUN'), ('deep', 'ADJ'), ('dark', 'ADJ'), ('heart', 'NOUN'), ('mordor', 'NOUN'), ('seemingly', 'ADV'), ('impossible', 'ADJ'), ('quest', 'ADJ'), ('destroy', 'NOUN'), ('ring', 'NOUN')]"
1280738,The Furious,火遮眼,2026-06-10,56.2027,8.199,798,zh,False,"After a criminal network kidnaps Wang Wei's daughter and the corrupt police refuse to assist him, Wei sets out on his own to locate her. Navin, a tenacious journalist whose wife has mysteriously vanished, is his only ally. In this explosive martial arts showdown, the unlikely duo fights the kidnappers ruthlessly driven by a furious vengeance.",criminal network kidnaps wang daughter corrupt police refuse sets locate journalist whose wife mysteriously ally explosive martial arts showdown unlikely duo fights driven furious vengeance,56,25,crimin network kidnap wang daughter corrupt polic refus set locat journalist whose wife mysteri alli explos martial art showdown unlik duo fight driven furiou vengeanc,criminal network kidnaps wang daughter corrupt police refuse set locate journalist whose wife mysteriously ally explosive martial art showdown unlikely duo fight driven furious vengeance,"[('criminal', 'ADJ'), ('network', 'NOUN'), ('kidnaps', 'NOUN'), ('wang', 'VERB'), ('daughter', 'NOUN'), ('corrupt', 'ADJ'), ('police', 'NOUN'), ('refuse', 'NOUN'), ('sets', 'VERB'), ('locate', 'ADJ'), ('journalist', 'NOUN'), ('whose', 'PRON'), ('wife', 'NOUN'), ('mysteriously', 'ADV'), ('ally', 'ADV'), ('explosive', 'ADJ'), ('martial', 'ADJ'), ('arts', 'NOUN'), ('showdown', 'VERB'), ('unlikely', 'ADJ'), ('duo', 'NOUN'), ('fights', 'NOUN'), ('driven', 'ADV'), ('furious', 'ADJ'), ('vengeance', 'NOUN')]"
1081003,Supergirl,Supergirl,2026-06-24,54.9182,6.658,2494,en,False,"When an unexpected and ruthless adversary strikes too close to home, Kara Zor-El, aka Supergirl, reluctantly joins forces with an unlikely companion on an epic, interstellar journey of vengeance and justice.",unexpected ruthless adversary strikes close home aka reluctantly joins forces unlikely companion epic interstellar journey vengeance justice,31,17,unexpect ruthless adversari strike close home aka reluctantli join forc unlik companion epic interstellar journey vengeanc justic,unexpected ruthless adversary strike close home aka reluctantly join force unlikely companion epic interstellar journey vengeance justice,"[('unexpected', 'ADJ'), ('ruthless', 'NOUN'), ('adversary', 'ADJ'), ('strikes', 'NOUN'), ('close', 'ADV'), ('home', 'NOUN'), ('aka', 'NOUN'), ('reluctantly', 'ADV'), ('joins', 'VERB'), ('forces', 'NOUN'), ('unlikely', 'ADJ'), ('companion', 'NOUN'), ('epic', 'NOUN'), ('interstellar', 'ADJ'), ('journey', 'NOUN'), ('vengeance', 'NOUN'), ('justice', 'NOUN')]"
569094,Spider-Man: Across the Spider-Verse,Spider-Man: Across the Spider-Verse,2023-05-31,51.8934,8.351,9346,en,False,"After reuniting with Gwen Stacy, Brooklyn’s full-time, friendly neighborhood Spider-Man is catapulted across the Multiverse, where he encounters the Spider Society, a team of Spider-People charged with protecting the Multiverse's very existence. But when the heroes clash on how to handle a new threat, Miles finds himself pitted against the other Spiders and must set out on his own to save those he loves most.",gwen stacy fulltime friendly neighborhood spiderman across encounters spider society team protecting existence heroes clash handle threat miles finds pitted set save loves,65,23,gwen staci fulltim friendli neighborhood spiderman across encount spider societi team protect exist hero clash handl threat mile find pit set save love,gwen stacy fulltime friendly neighborhood spiderman across encounter spider society team protecting existence hero clash handle threat mile find pitted set save love,"[('gwen', 'NOUN'), ('stacy', 'NOUN'), ('fulltime', 'ADV'), ('friendly', 'ADJ'), ('neighborhood', 'NOUN'), ('spiderman', 'NOUN'), ('across', 'ADP'), ('encounters', 'NOUN'), ('spider', 'VERB'), ('society', 'NOUN'), ('team', 'NOUN'), ('protecting', 'VERB'), ('existence', 'NOUN'), ('heroes', 'NOUN'), ('clash', 'VERB'), ('handle', 'ADJ'), ('threat', 'NOUN'), ('miles', 'NOUN'), ('finds', 'ADV'), ('pitted', 'VERB'), ('set', 'VERB'), ('save', 'NOUN'), ('loves', 'NOUN')]"
1273221,Scary Movie,Scary Movie,2026-06-03,57.3514,6.365,1982,en,False,"Twenty-six years after outrunning a suspiciously familiar masked killer, the Core Four are back in the killer's crosshairs and no horror movie IP is safe.",years killer four killers horror movie safe,25,7,year killer four killer horror movi safe,year killer four killer horror movie safe,"[('years', 'NOUN'), ('killer', 'VERB'), ('four', 'NUM'), ('killers', 'NOUN'), ('horror', 'VERB'), ('movie', 'NOUN'), ('safe', 'ADJ')]"
155,The Dark Knight,The Dark Knight,2008-07-16,51.8036,8.537,36876,en,False,"Batman raises the stakes in his war on crime. With the help of Lt. Jim Gordon and District Attorney Harvey Dent, Batman sets out to dismantle the remaining criminal organizations that plague the streets. The partnership proves to be effective, but they soon find themselves prey to a reign of chaos unleashed by a rising criminal mastermind known to the terrified citizens of Gotham as the Joker.",batman stakes war crime help lt district attorney harvey dent batman sets remaining criminal plague streets effective soon find prey reign chaos unleashed rising criminal mastermind known terrified gotham,67,29,batman stake war crime help lt district attorney harvey dent batman set remain crimin plagu street effect soon find prey reign chao unleash rise crimin mastermind known terrifi gotham,batman stake war crime help lt district attorney harvey dent batman set remaining criminal plague street effective soon find prey reign chaos unleashed rising criminal mastermind known terrified gotham,"[('batman', 'ADJ'), ('stakes', 'NOUN'), ('war', 'NOUN'), ('crime', 'NOUN'), ('help', 'NOUN'), ('lt', 'VERB'), ('district', 'NOUN'), ('attorney', 'NOUN'), ('harvey', 'NOUN'), ('dent', 'NOUN'), ('batman', 'ADJ'), ('sets', 'VERB'), ('remaining', 'VERB'), ('criminal', 'ADJ'), ('plague', 'NOUN'), ('streets', 'NOUN'), ('effective', 'ADJ'), ('soon', 'ADV'), ('find', 'VERB'), ('prey', 'ADJ'), ('reign', 'ADJ'), ('chaos', 'NOUN'), ('unleashed', 'VERB'), ('rising', 'VERB'), ('criminal', 'ADJ'), ('mastermind', 'NOUN'), ('known', 'VERB'), ('terrified', 'VERB'), ('gotham', 'NOUN')]"
120,The Lord of the Rings: The Fellowship of the Ring,The Lord of the Rings: The Fellowship of the Ring,2001-12-18,55.56,8.446,28485,en,False,"Young hobbit Frodo Baggins, after inheriting a mysterious ring from his uncle Bilbo, must leave his home in order to keep it from falling into the hands of its evil creator. Along the way, a fellowship is formed to protect the ringbearer and make sure that the ring arrives at its final destination: Mt. Doom, the only place where it can be destroyed.",hobbit frodo baggins ring uncle bilbo leave home order keep falling hands evil creator along way fellowship protect make sure ring final destination doom place destroyed,63,26,hobbit frodo baggin ring uncl bilbo leav home order keep fall hand evil creator along way fellowship protect make sure ring final destin doom place destroy,hobbit frodo baggins ring uncle bilbo leave home order keep falling hand evil creator along way fellowship protect make sure ring final destination doom place destroyed,"[('hobbit', 'NOUN'), ('frodo', 'NOUN'), ('baggins', 'VERB'), ('ring', 'VERB'), ('uncle', 'ADJ'), ('bilbo', 'NOUN'), ('leave', 'VERB'), ('home', 'NOUN'), ('order', 'NOUN'), ('keep', 'VERB'), ('falling', 'VERB'), ('hands', 'NOUN'), ('evil', 'ADJ'), ('creator', 'NOUN'), ('along', 'ADP'), ('way', 'NOUN'), ('fellowship', 'NOUN'), ('protect', 'VERB'), ('make', 'VERB'), ('sure', 'ADJ'), ('ring', 'VERB'), ('final', 'ADJ'), ('destination', 'NOUN'), ('doom', 'NOUN'), ('place', 'NOUN'), ('destroyed', 'VERB')]"
20352,Despicable Me,Despicable Me,2010-07-08,53.1913,7.3,16431,en,False,"Determined to prove he's the world's greatest supervillain, Gru hatches an audacious plan to steal the Moon. To pull it off, he adopts three orphaned girls—Margo, Edith, and Agnes—intending to use them as pawns in his scheme. But the unexpected bond they form forces him to question the criminal life he's always known.",determined prove hes worlds greatest supervillain gru hatches plan steal moon pull adopts three orphaned girls—margo edith use scheme unexpected bond form forces question criminal hes always known,53,28,determin prove he world greatest supervillain gru hatch plan steal moon pull adopt three orphan girls—margo edith use scheme unexpect bond form forc question crimin he alway known,determined prove he world greatest supervillain gru hatch plan steal moon pull adopts three orphaned girls—margo edith use scheme unexpected bond form force question criminal he always known,"[('determined', 'VERB'), ('prove', 'ADJ'), ('hes', 'NOUN'), ('worlds', 'VERB'), ('greatest', 'ADJ'), ('supervillain', 'NOUN'), ('gru', 'NOUN'), ('hatches', 'NOUN'), ('plan', 'VERB'), ('steal', 'ADJ'), ('moon', 'NOUN'), ('pull', 'NOUN'), ('adopts', 'NOUN'), ('three', 'NUM'), ('orphaned', 'VERB'), ('girls', 'NOUN'), ('—', 'NOUN'), ('margo', 'NOUN'), ('edith', 'NOUN'), ('use', 'NOUN'), ('scheme', 'NOUN'), ('unexpected', 'ADJ'), ('bond', 'NOUN'), ('form', 'NOUN'), ('forces', 'NOUN'), ('question', 'VERB'), ('criminal', 'ADJ'), ('hes', 'NOUN'), ('always', 'ADV'), ('known', 'VERB')]"
276488,Let Us Prey,Let Us Prey,2014-04-17,45.5243,5.73,383,en,False,"Rachel, a rookie cop, is about to begin her first night shift in a neglected police station in a Scottish, backwater town. The kind of place where the tide has gone out and stranded a motley bunch of the aimless, the forgotten, the bitter-and-twisted who all think that, really, they deserve to be somewhere else. They all think they're there by accident and that, with a little luck, life is going to get better. Wrong, on both counts. Six is about to arrive - and All Hell Will Break Loose!",rookie cop begin first night shift police station scottish town kind place tide gone stranded forgotten think really somewhere else think theyre accident little going get better wrong six hell break loose,90,32,rooki cop begin first night shift polic station scottish town kind place tide gone strand forgotten think realli somewher els think theyr accid littl go get better wrong six hell break loos,rookie cop begin first night shift police station scottish town kind place tide gone stranded forgotten think really somewhere else think theyre accident little going get better wrong six hell break loose,"[('rookie', 'NOUN'), ('cop', 'NOUN'), ('begin', 'VERB'), ('first', 'ADV'), ('night', 'NOUN'), ('shift', 'NOUN'), ('police', 'NOUN'), ('station', 'NOUN'), ('scottish', 'ADJ'), ('town', 'NOUN'), ('kind', 'NOUN'), ('place', 'NOUN'), ('tide', 'ADP'), ('gone', 'VERB'), ('stranded', 'VERB'), ('forgotten', 'ADJ'), ('think', 'VERB'), ('really', 'ADV'), ('somewhere', 'ADV'), ('else', 'ADV'), ('think', 'VERB'), ('theyre', 'ADJ'), ('accident', 'NOUN'), ('little', 'ADV'), ('going', 'VERB'), ('get', 'VERB'), ('better', 'ADJ'), ('wrong', 'ADJ'), ('six', 'NUM'), ('hell', 'NOUN'), ('break', 'NOUN'), ('loose', 'ADJ')]"
10138,Iron Man 2,Iron Man 2,2010-04-28,50.4865,6.855,22989,en,False,"With the world now aware of his dual life as the armored superhero Iron Man, billionaire inventor Tony Stark faces pressure from the government, the press and the public to share his technology with the military. Unwilling to let go of his invention, Stark, with Pepper Potts and James 'Rhodey' Rhodes at his side, must forge new alliances – and confront powerful enemies.",superhero iron man billionaire inventor tony stark faces pressure government public share technology military unwilling go stark james side forge alliances – confront powerful enemies,63,25,superhero iron man billionair inventor toni stark face pressur govern public share technolog militari unwil go stark jame side forg allianc – confront power enemi,superhero iron man billionaire inventor tony stark face pressure government public share technology military unwilling go stark james side forge alliance – confront powerful enemy,"[('superhero', 'NOUN'), ('iron', 'NOUN'), ('man', 'NOUN'), ('billionaire', 'NOUN'), ('inventor', 'NOUN'), ('tony', 'ADJ'), ('stark', 'NOUN'), ('faces', 'VERB'), ('pressure', 'ADJ'), ('government', 'NOUN'), ('public', 'ADJ'), ('share', 'NOUN'), ('technology', 'NOUN'), ('military', 'ADJ'), ('unwilling', 'ADJ'), ('go', 'VERB'), ('stark', 'ADJ'), ('james', 'NOUN'), ('side', 'VERB'), ('forge', 'NOUN'), ('alliances', 'NOUN'), ('–', 'VERB'), ('confront', 'ADJ'), ('powerful', 'ADJ'), ('enemies', 'NOUN')]"
4935,Howl's Moving Castle,ハウルの動く城,2004-09-09,50.7724,8.388,11514,ja,False,"Sophie, a young milliner, is turned into an elderly woman by a witch who enters her shop and curses her. She encounters a wizard named Howl and gets caught up in his resistance to fighting for the king.",turned elderly woman witch enters shop encounters wizard named gets caught resistance fighting king,38,14,turn elderli woman witch enter shop encount wizard name get caught resist fight king,turned elderly woman witch enters shop encounter wizard named get caught resistance fighting king,"[('turned', 'VERB'), ('elderly', 'ADJ'), ('woman', 'NOUN'), ('witch', 'NOUN'), ('enters', 'NOUN'), ('shop', 'VERB'), ('encounters', 'NOUN'), ('wizard', 'ADV'), ('named', 'VERB'), ('gets', 'VERB'), ('caught', 'VERB'), ('resistance', 'NOUN'), ('fighting', 'VERB'), ('king', 'NOUN')]"
44980,Zero Woman 2,Zero WOMAN ＩＩ　警視庁０課の女,1995-09-05,45.4543,5.0,8,ja,False,"When a valuable suitcase is stolen, the mob, petty criminals, and a beautiful agent from the Elite Zero division are pulled into a battle to settle the score.",stolen mob criminals beautiful agent elite pulled battle settle score,28,10,stolen mob crimin beauti agent elit pull battl settl score,stolen mob criminal beautiful agent elite pulled battle settle score,"[('stolen', 'VERB'), ('mob', 'NOUN'), ('criminals', 'NOUN'), ('beautiful', 'ADJ'), ('agent', 'ADJ'), ('elite', 'NOUN'), ('pulled', 'VERB'), ('battle', 'NOUN'), ('settle', 'NOUN'), ('score', 'NOUN')]"
1226863,The Super Mario Galaxy Movie,The Super Mario Galaxy Movie,2026-04-01,54.5198,8.219,3761,en,False,"Having thwarted Bowser's previous plot to marry Princess Peach, Mario and Luigi now face a fresh threat in Bowser Jr., who is determined to liberate his father from captivity and restore the family legacy. Alongside companions new and old, the brothers travel across the stars to stop the young heir's crusade.",plot marry princess mario luigi face fresh threat jr determined liberate father restore legacy alongside old brothers travel across stars stop crusade,51,22,plot marri princess mario luigi face fresh threat jr determin liber father restor legaci alongsid old brother travel across star stop crusad,plot marry princess mario luigi face fresh threat jr determined liberate father restore legacy alongside old brother travel across star stop crusade,"[('plot', 'NOUN'), ('marry', 'NOUN'), ('princess', 'NOUN'), ('mario', 'NOUN'), ('luigi', 'ADJ'), ('face', 'NOUN'), ('fresh', 'ADJ'), ('threat', 'NOUN'), ('jr', 'NOUN'), ('determined', 'VERB'), ('liberate', 'NOUN'), ('father', 'NOUN'), ('restore', 'NOUN'), ('legacy', 'NOUN'), ('alongside', 'ADV'), ('old', 'ADJ'), ('brothers', 'NOUN'), ('travel', 'VERB'), ('across', 'ADP'), ('stars', 'NOUN'), ('stop', 'VERB'), ('crusade', 'NOUN')]"
872585,Oppenheimer,Oppenheimer,2023-07-19,52.4218,8.022,12607,en,False,The story of J. Robert Oppenheimer's role in the development of the atomic bomb during World War II.,story robert role war ii,18,5,stori robert role war ii,story robert role war ii,"[('story', 'NOUN'), ('robert', 'ADJ'), ('role', 'NOUN'), ('war', 'NOUN'), ('ii', 'NOUN')]"
438631,Dune,Dune,2021-09-15,48.1013,7.784,15646,en,False,"Paul Atreides, a brilliant and gifted young man born into a great destiny beyond his understanding, must travel to the most dangerous planet in the universe to ensure the future of his family and his people. As malevolent forces explode into conflict over the planet's exclusive supply of the most precious resource in existence - a commodity capable of unlocking humanity's greatest potential - only those who can conquer their fear will survive.",paul atreides brilliant gifted man born great destiny beyond understanding travel dangerous planet universe ensure future people malevolent forces conflict planets existence capable humanitys greatest potential conquer fear survive,73,29,paul atreid brilliant gift man born great destini beyond understand travel danger planet univers ensur futur peopl malevol forc conflict planet exist capabl human greatest potenti conquer fear surviv,paul atreides brilliant gifted man born great destiny beyond understanding travel dangerous planet universe ensure future people malevolent force conflict planet existence capable humanity greatest potential conquer fear survive,"[('paul', 'NOUN'), ('atreides', 'NOUN'), ('brilliant', 'ADJ'), ('gifted', 'VERB'), ('man', 'NOUN'), ('born', 'VERB'), ('great', 'ADJ'), ('destiny', 'ADJ'), ('beyond', 'ADP'), ('understanding', 'VERB'), ('travel', 'ADV'), ('dangerous', 'ADJ'), ('planet', 'NOUN'), ('universe', 'ADJ'), ('ensure', 'VERB'), ('future', 'ADJ'), ('people', 'NOUN'), ('malevolent', 'ADJ'), ('forces', 'NOUN'), ('conflict', 'VERB'), ('planets', 'NOUN'), ('existence', 'ADV'), ('capable', 'ADJ'), ('humanitys', 'NOUN'), ('greatest', 'ADJ'), ('potential', 'ADJ'), ('conquer', 'NOUN'), ('fear', 'NOUN'), ('survive', 'NOUN')]"
27205,Inception,Inception,2010-07-15,52.2812,8.374,40332,en,False,"Cobb, a skilled thief who commits corporate espionage by infiltrating the subconscious of his targets is offered a chance to regain his old life as payment for a task considered to be impossible: ""inception"", the implantation of another person's idea into a target's subconscious.",skilled thief corporate espionage infiltrating subconscious targets offered chance old task impossible another idea targets subconscious,44,16,skill thief corpor espionag infiltr subconsci target offer chanc old task imposs anoth idea target subconsci,skilled thief corporate espionage infiltrating subconscious target offered chance old task impossible another idea target subconscious,"[('skilled', 'ADJ'), ('thief', 'NOUN'), ('corporate', 'ADJ'), ('espionage', 'NOUN'), ('infiltrating', 'VERB'), ('subconscious', 'ADJ'), ('targets', 'NOUN'), ('offered', 'VERB'), ('chance', 'NOUN'), ('old', 'ADJ'), ('task', 'NOUN'), ('impossible', 'ADJ'), ('another', 'DET'), ('idea', 'NOUN'), ('targets', 'VERB'), ('subconscious', 'ADJ')]"
1307118,Soulm8te,Soulm8te,2026-07-31,48.2055,7.506,404,en,False,"After a ruthless tech giant acquires a small robotics company, a grieving engineer is tasked with testing their new AI companion. But when he attempts to reprogram her to be a truly sentient soulmate, she develops needs of her own—unleashing a relentless spree of precision-engineered mayhem.",ruthless giant small company grieving engineer tasked ai companion attempts truly sentient develops needs relentless spree mayhem,46,17,ruthless giant small compani griev engin task ai companion attempt truli sentient develop need relentless spree mayhem,ruthless giant small company grieving engineer tasked ai companion attempt truly sentient develops need relentless spree mayhem,"[('ruthless', 'NOUN'), ('giant', 'NOUN'), ('small', 'ADJ'), ('company', 'NOUN'), ('grieving', 'VERB'), ('engineer', 'NOUN'), ('tasked', 'VERB'), ('ai', 'ADJ'), ('companion', 'NOUN'), ('attempts', 'NOUN'), ('truly', 'ADV'), ('sentient', 'ADJ'), ('develops', 'NOUN'), ('needs', 'VERB'), ('relentless', 'ADJ'), ('spree', 'NOUN'), ('mayhem', 'NOUN')]"
863,Toy Story 2,Toy Story 2,1999-10-30,45.1846,7.623,15430,en,False,"Andy heads off to Cowboy Camp, leaving his toys to their own devices. Things shift into high gear when an obsessive toy collector named Al McWhiggen, owner of Al's Toy Barn kidnaps Woody. Andy's toys mount a daring rescue mission, Buzz Lightyear meets his match and Woody has to decide where he and his heart truly belong.",andy heads camp leaving toys things shift high obsessive toy named owner toy kidnaps woody andys toys mount daring rescue mission buzz lightyear meets match woody decide heart truly,57,29,andi head camp leav toy thing shift high obsess toy name owner toy kidnap woodi andi toy mount dare rescu mission buzz lightyear meet match woodi decid heart truli,andy head camp leaving toy thing shift high obsessive toy named owner toy kidnaps woody andys toy mount daring rescue mission buzz lightyear meet match woody decide heart truly,"[('andy', 'ADJ'), ('heads', 'NOUN'), ('camp', 'VERB'), ('leaving', 'VERB'), ('toys', 'ADJ'), ('things', 'NOUN'), ('shift', 'ADV'), ('high', 'ADJ'), ('obsessive', 'ADJ'), ('toy', 'NOUN'), ('named', 'VERB'), ('owner', 'NOUN'), ('toy', 'NOUN'), ('kidnaps', 'NOUN'), ('woody', 'VERB'), ('andys', 'ADJ'), ('toys', 'NOUN'), ('mount', 'VERB'), ('daring', 'VERB'), ('rescue', 'NOUN'), ('mission', 'NOUN'), ('buzz', 'NOUN'), ('lightyear', 'ADJ'), ('meets', 'NOUN'), ('match', 'VERB'), ('woody', 'NOUN'), ('decide', 'ADJ'), ('heart', 'NOUN'), ('truly', 'NOUN')]"
1523145,Your Heart Will Be Broken,Твоё сердце будет разбито,2026-03-26,50.8569,7.1,124,ru,False,"High school student Polina is saved from bullying at her new school and makes a deal with the main bully Bars: he must pretend to be her boyfriend and protect her, and she must do everything he says. During this game, the couple develops real feelings, but her family and classmates have reasons to separate the lovers.",high school student saved school makes deal main bully bars pretend boyfriend protect everything says game couple develops real feelings classmates separate,57,22,high school student save school make deal main bulli bar pretend boyfriend protect everyth say game coupl develop real feel classmat separ,high school student saved school make deal main bully bar pretend boyfriend protect everything say game couple develops real feeling classmate separate,"[('high', 'ADJ'), ('school', 'NOUN'), ('student', 'NOUN'), ('saved', 'VERB'), ('school', 'NOUN'), ('makes', 'VERB'), ('deal', 'NOUN'), ('main', 'ADJ'), ('bully', 'ADV'), ('bars', 'NOUN'), ('pretend', 'VERB'), ('boyfriend', 'VERB'), ('protect', 'VERB'), ('everything', 'NOUN'), ('says', 'VERB'), ('game', 'NOUN'), ('couple', 'NOUN'), ('develops', 'VERB'), ('real', 'ADJ'), ('feelings', 'NOUN'), ('classmates', 'NOUN'), ('separate', 'VERB')]"
936075,Michael,Michael,2026-04-22,53.5858,8.623,4470,en,False,"The story of Michael Jackson, one of the most influential artists the world has ever known, and his life beyond the music. His journey from the discovery of his extraordinary talent as the lead of the Jackson Five, to the visionary artist whose creative ambition fueled a relentless pursuit to become the biggest entertainer in the world, highlighting both his life off-stage and some of the most iconic performances from his early solo career.",story michael jackson ever known beyond music journey discovery extraordinary talent lead jackson five visionary artist whose ambition fueled relentless pursuit become biggest iconic performances early solo career,74,28,stori michael jackson ever known beyond music journey discoveri extraordinari talent lead jackson five visionari artist whose ambit fuel relentless pursuit becom biggest icon perform earli solo career,story michael jackson ever known beyond music journey discovery extraordinary talent lead jackson five visionary artist whose ambition fueled relentless pursuit become biggest iconic performance early solo career,"[('story', 'NOUN'), ('michael', 'NOUN'), ('jackson', 'NOUN'), ('ever', 'ADV'), ('known', 'VERB'), ('beyond', 'ADP'), ('music', 'NOUN'), ('journey', 'NOUN'), ('discovery', 'NOUN'), ('extraordinary', 'ADJ'), ('talent', 'NOUN'), ('lead', 'NOUN'), ('jackson', 'NOUN'), ('five', 'NUM'), ('visionary', 'ADJ'), ('artist', 'NOUN'), ('whose', 'PRON'), ('ambition', 'NOUN'), ('fueled', 'VERB'), ('relentless', 'ADJ'), ('pursuit', 'NOUN'), ('become', 'NOUN'), ('biggest', 'ADJ'), ('iconic', 'ADJ'), ('performances', 'NOUN'), ('early', 'ADV'), ('solo', 'VERB'), ('career', 'NOUN')]"
1384216,The Dog Stars,The Dog Stars,2026-08-26,48.0233,6.6,300,en,False,"After the world's population has been ravaged by a pandemic, a man lives a lonesome existence in a Colorado airplane hangar with his dog and a dour gunman he has befriended. When a mysterious transmission comes through on the radio while he’s flying his old Cessna, it sparks a hunt for the provenance of the sound.",worlds ravaged man lives existence dog comes radio he’s flying old sparks hunt sound,56,14,world ravag man live exist dog come radio he’ fli old spark hunt sound,world ravaged man life existence dog come radio he’s flying old spark hunt sound,"[('worlds', 'NOUN'), ('ravaged', 'VERB'), ('man', 'NOUN'), ('lives', 'VERB'), ('existence', 'ADV'), ('dog', 'ADJ'), ('comes', 'VERB'), ('radio', 'NOUN'), ('he', 'PRON'), ('’', 'VERB'), ('s', 'ADJ'), ('flying', 'VERB'), ('old', 'ADJ'), ('sparks', 'NOUN'), ('hunt', 'VERB'), ('sound', 'NOUN')]"
1302904,Practical Magic 2,Practical Magic 2,2026-09-09,47.7228,6.2,104,en,False,The Owens sisters must confront the dark curse that threatens to unravel their family once and for all.,owens sisters confront dark curse threatens unravel,18,7,owen sister confront dark curs threaten unravel,owen sister confront dark curse threatens unravel,"[('owens', 'NOUN'), ('sisters', 'NOUN'), ('confront', 'VERB'), ('dark', 'ADJ'), ('curse', 'NOUN'), ('threatens', 'NOUN'), ('unravel', 'VERB')]"
14836,Coraline,Coraline,2009-02-05,48.7959,7.939,9493,en,False,"Wandering her rambling old house in her boring new town, 11-year-old Coraline discovers a hidden door to a strangely idealized version of her life. In order to stay in the fantasy, she must make a frighteningly real sacrifice.",old house town 11yearold discovers hidden door strangely version order stay fantasy make real sacrifice,38,15,old hous town 11yearold discov hidden door strang version order stay fantasi make real sacrific,old house town 11yearold discovers hidden door strangely version order stay fantasy make real sacrifice,"[('old', 'ADJ'), ('house', 'NOUN'), ('town', 'NOUN'), ('11yearold', 'NUM'), ('discovers', 'NOUN'), ('hidden', 'ADJ'), ('door', 'NOUN'), ('strangely', 'ADV'), ('version', 'NOUN'), ('order', 'NOUN'), ('stay', 'NOUN'), ('fantasy', 'ADV'), ('make', 'VERB'), ('real', 'ADJ'), ('sacrifice', 'NOUN')]"
1212763,Evil Dead Burn,Evil Dead Burn,2026-07-07,48.0529,7.647,1656,en,False,"After her husband's abrupt death, Alice seeks solace with his remaining family — descendants of a leading researcher on demonic possession. As her in-laws transform one by one into creatures that feed on fear, she comes to discover that the vows she took in life survive even in death.",death alice seeks remaining — leading researcher transform creatures fear comes discover took survive even death,49,16,death alic seek remain — lead research transform creatur fear come discov took surviv even death,death alice seek remaining — leading researcher transform creature fear come discover took survive even death,"[('death', 'NOUN'), ('alice', 'NOUN'), ('seeks', 'VERB'), ('remaining', 'VERB'), ('—', 'PRT'), ('leading', 'VERB'), ('researcher', 'ADV'), ('transform', 'NOUN'), ('creatures', 'NOUN'), ('fear', 'VERB'), ('comes', 'VERB'), ('discover', 'ADV'), ('took', 'VERB'), ('survive', 'ADJ'), ('even', 'ADV'), ('death', 'NOUN')]"
1560520,Batman: Knightfall Part 1: Knightfall,Batman: Knightfall Part 1: Knightfall,2026-06-23,48.0953,9.144,418,en,False,"Arkham Asylum has been destroyed, and all its inmates have been unleashed upon Gotham City. As Batman races to round up some of his greatest enemies, he is pushed to his physical and mental limits and into a final confrontation with a new threat: the man called Bane!",destroyed inmates unleashed upon gotham city batman races greatest enemies pushed physical mental limits final threat man called bane,48,19,destroy inmat unleash upon gotham citi batman race greatest enemi push physic mental limit final threat man call bane,destroyed inmate unleashed upon gotham city batman race greatest enemy pushed physical mental limit final threat man called bane,"[('destroyed', 'VERB'), ('inmates', 'NOUN'), ('unleashed', 'ADJ'), ('upon', 'ADP'), ('gotham', 'ADJ'), ('city', 'NOUN'), ('batman', 'NOUN'), ('races', 'VERB'), ('greatest', 'ADJ'), ('enemies', 'NOUN'), ('pushed', 'VERB'), ('physical', 'ADJ'), ('mental', 'ADJ'), ('limits', 'NOUN'), ('final', 'ADJ'), ('threat', 'NOUN'), ('man', 'NOUN'), ('called', 'VERB'), ('bane', 'NOUN')]"
1437195,Livestream from Hell,Livestream from Hell,2026-09-30,45.8527,6.095,21,en,False,"When Kevin Hart teams up with fellow comedian, Druski, and streamer, Kai Cenat for a record-breaking livestream at his tech-savvy mansion, things go hilariously off the rails, until the pranks turn to panic, and a real murder mystery unfolds on camera, trapping the trio and their celebrity guests in a high-stakes, horror-comedy whodunnit watched by millions.",kevin teams comedian mansion things go rails turn real murder mystery trio celebrity highstakes millions,56,15,kevin team comedian mansion thing go rail turn real murder mysteri trio celebr highstak million,kevin team comedian mansion thing go rail turn real murder mystery trio celebrity highstakes million,"[('kevin', 'NOUN'), ('teams', 'NOUN'), ('comedian', 'ADJ'), ('mansion', 'NOUN'), ('things', 'NOUN'), ('go', 'VERB'), ('rails', 'ADV'), ('turn', 'VERB'), ('real', 'ADJ'), ('murder', 'NOUN'), ('mystery', 'NOUN'), ('trio', 'NOUN'), ('celebrity', 'NOUN'), ('highstakes', 'NOUN'), ('millions', 'NOUN')]"
1599993,Animals,Animales,2026-02-05,44.7141,6.192,52,es,False,"Four couples sail the thin line between desire and search for authenticity, in a world where truth is as fragile as their relationships.",four sail thin line desire search truth fragile relationships,23,9,four sail thin line desir search truth fragil relationship,four sail thin line desire search truth fragile relationship,"[('four', 'NUM'), ('sail', 'NOUN'), ('thin', 'ADJ'), ('line', 'NOUN'), ('desire', 'NOUN'), ('search', 'NOUN'), ('truth', 'NOUN'), ('fragile', 'ADJ'), ('relationships', 'NOUN')]"
550,Fight Club,Fight Club,1999-10-15,46.1645,8.437,32972,en,False,"A ticking-time-bomb insomniac and a slippery soap salesman channel primal male aggression into a shocking new form of therapy. Their concept catches on, with underground ""fight clubs"" forming in every town, until an eccentric gets in the way and ignites an out-of-control spiral toward oblivion.",salesman primal shocking form catches underground fight every town eccentric gets way ignites toward,45,14,salesman primal shock form catch underground fight everi town eccentr get way ignit toward,salesman primal shocking form catch underground fight every town eccentric get way ignites toward,"[('salesman', 'NOUN'), ('primal', 'ADJ'), ('shocking', 'VERB'), ('form', 'NOUN'), ('catches', 'NOUN'), ('underground', 'ADJ'), ('fight', 'ADV'), ('every', 'DET'), ('town', 'NOUN'), ('eccentric', 'ADJ'), ('gets', 'VERB'), ('way', 'NOUN'), ('ignites', 'NOUN'), ('toward', 'ADP')]"
680,Pulp Fiction,Pulp Fiction,1994-09-10,46.3868,8.48,31003,en,False,"A burger-loving hit man, his philosophical partner, a drug-addled gangster's moll and a washed-up boxer converge in this sprawling, comedic crime caper. Their adventures unfurl in three stories that ingeniously trip back and forth in time.",hit man partner gangsters washedup crime adventures three stories trip time,36,11,hit man partner gangster washedup crime adventur three stori trip time,hit man partner gangster washedup crime adventure three story trip time,"[('hit', 'VERB'), ('man', 'NOUN'), ('partner', 'NOUN'), ('gangsters', 'NOUN'), ('washedup', 'VERB'), ('crime', 'NOUN'), ('adventures', 'NOUN'), ('three', 'NUM'), ('stories', 'NOUN'), ('trip', 'NOUN'), ('time', 'NOUN')]"
361743,Top Gun: Maverick,Top Gun: Maverick,2022-05-21,47.5475,8.158,11644,en,False,"After more than thirty years of service as one of the Navy’s top aviators, and dodging the advancement in rank that would ground him, Pete “Maverick” Mitchell finds himself training a detachment of TOP GUN graduates for a specialized mission the likes of which no living pilot has ever seen.",thirty years service top rank would ground finds training top graduates mission likes living pilot ever,50,16,thirti year servic top rank would ground find train top graduat mission like live pilot ever,thirty year service top rank would ground find training top graduate mission like living pilot ever,"[('thirty', 'NOUN'), ('years', 'NOUN'), ('service', 'NOUN'), ('top', 'ADJ'), ('rank', 'NOUN'), ('would', 'VERB'), ('ground', 'VERB'), ('finds', 'NOUN'), ('training', 'VERB'), ('top', 'ADJ'), ('graduates', 'NOUN'), ('mission', 'NOUN'), ('likes', 'VERB'), ('living', 'VERB'), ('pilot', 'NOUN'), ('ever', 'ADV')]"
242,The Godfather Part III,The Godfather Part III,1990-12-25,42.4757,7.414,7095,en,False,"In the midst of trying to legitimize his business dealings in 1979 New York and Italy, aging mafia don, Michael Corleone seeks forgiveness for his sins while taking a young protege under his wing.",midst trying business 1979 york italy aging mafia michael corleone seeks sins taking wing,34,14,midst tri busi 1979 york itali age mafia michael corleon seek sin take wing,midst trying business 1979 york italy aging mafia michael corleone seek sin taking wing,"[('midst', 'NOUN'), ('trying', 'VERB'), ('business', 'NOUN'), ('1979', 'NUM'), ('york', 'NOUN'), ('italy', 'NOUN'), ('aging', 'VERB'), ('mafia', 'NOUN'), ('michael', 'NOUN'), ('corleone', 'NOUN'), ('seeks', 'VERB'), ('sins', 'NOUN'), ('taking', 'VERB'), ('wing', 'NOUN')]"
1368166,The Housemaid,The Housemaid,2025-12-18,46.1064,7.252,3158,en,False,"Trying to escape her past, Millie Calloway accepts a job as a live-in housemaid for the wealthy Nina and Andrew Winchester. But what begins as a dream job quickly unravels into something far more dangerous—a sexy, seductive game of secrets, scandal, and power.",trying escape past accepts job wealthy begins dream job quickly unravels something far sexy game secrets power,43,17,tri escap past accept job wealthi begin dream job quickli unravel someth far sexi game secret power,trying escape past accepts job wealthy begin dream job quickly unravels something far sexy game secret power,"[('trying', 'VERB'), ('escape', 'NOUN'), ('past', 'ADP'), ('accepts', 'NOUN'), ('job', 'NOUN'), ('wealthy', 'ADJ'), ('begins', 'VERB'), ('dream', 'ADJ'), ('job', 'NOUN'), ('quickly', 'ADV'), ('unravels', 'NOUN'), ('something', 'NOUN'), ('far', 'ADV'), ('sexy', 'ADJ'), ('game', 'NOUN'), ('secrets', 'NOUN'), ('power', 'NOUN')]"
1291595,Insidious: Out of the Further,Insidious: Out of the Further,2026-08-19,43.446,6.5,171,en,False,"Gemma, a young mother raising her daughter in the house she grew up in, discovers she can travel into The Further, where she possesses an ability to bring what lives there back to the real world.",mother raising daughter house discovers travel possesses bring lives real,36,10,mother rais daughter hous discov travel possess bring live real,mother raising daughter house discovers travel possesses bring life real,"[('mother', 'NOUN'), ('raising', 'VERB'), ('daughter', 'NOUN'), ('house', 'NOUN'), ('discovers', 'NOUN'), ('travel', 'VERB'), ('possesses', 'NOUN'), ('bring', 'VERB'), ('lives', 'NOUN'), ('real', 'ADJ')]"
672,Harry Potter and the Chamber of Secrets,Harry Potter and the Chamber of Secrets,2002-11-13,46.229,7.709,24154,en,False,"Cars fly, trees fight back, and a mysterious house-elf comes to warn Harry Potter at the start of his second year at Hogwarts. Adventure and danger await when bloody writing on a wall announces: The Chamber Of Secrets Has Been Opened. To save Hogwarts will require all of Harry, Ron and Hermione's magical abilities and courage.",fly trees fight comes harry potter start second year hogwarts adventure danger await bloody wall chamber secrets save hogwarts harry ron magical abilities courage,56,24,fli tree fight come harri potter start second year hogwart adventur danger await bloodi wall chamber secret save hogwart harri ron magic abil courag,fly tree fight come harry potter start second year hogwarts adventure danger await bloody wall chamber secret save hogwarts harry ron magical ability courage,"[('fly', 'NOUN'), ('trees', 'NOUN'), ('fight', 'VERB'), ('comes', 'VERB'), ('harry', 'ADJ'), ('potter', 'ADJ'), ('start', 'NOUN'), ('second', 'ADJ'), ('year', 'NOUN'), ('hogwarts', 'NOUN'), ('adventure', 'NOUN'), ('danger', 'NOUN'), ('await', 'VERB'), ('bloody', 'NOUN'), ('wall', 'ADJ'), ('chamber', 'NOUN'), ('secrets', 'NOUN'), ('save', 'VERB'), ('hogwarts', 'NOUN'), ('harry', 'VERB'), ('ron', 'VERB'), ('magical', 'ADJ'), ('abilities', 'NOUN'), ('courage', 'NOUN')]"
673,Harry Potter and the Prisoner of Azkaban,Harry Potter and the Prisoner of Azkaban,2004-05-31,45.8896,8.0,23721,en,False,Harry Potter's life is in danger once more as dangerous wizard Sirius Black has escaped from Azkaban Prison and is heading to Hogwarts.,harry danger dangerous wizard black escaped prison hogwarts,23,8,harri danger danger wizard black escap prison hogwart,harry danger dangerous wizard black escaped prison hogwarts,"[('harry', 'NOUN'), ('danger', 'NOUN'), ('dangerous', 'ADJ'), ('wizard', 'NOUN'), ('black', 'ADJ'), ('escaped', 'VERB'), ('prison', 'NOUN'), ('hogwarts', 'NOUN')]"
354912,Coco,Coco,2017-10-27,47.0343,8.198,21479,en,False,"Despite his family’s baffling generations-old ban on music, Miguel dreams of becoming an accomplished musician like his idol, Ernesto de la Cruz. Desperate to prove his talent, Miguel finds himself in the stunning and colorful Land of the Dead following a mysterious chain of events. Along the way, he meets charming trickster Hector, and together, they set off on an extraordinary journey to unlock the real story behind Miguel's family history.",despite family’s music miguel dreams becoming accomplished musician like de la desperate prove talent miguel finds colorful land dead following chain events along way meets charming together set extraordinary journey unlock real story behind history,71,35,despit family’ music miguel dream becom accomplish musician like de la desper prove talent miguel find color land dead follow chain event along way meet charm togeth set extraordinari journey unlock real stori behind histori,despite family’s music miguel dream becoming accomplished musician like de la desperate prove talent miguel find colorful land dead following chain event along way meet charming together set extraordinary journey unlock real story behind history,"[('despite', 'ADP'), ('family', 'NOUN'), ('’', 'NOUN'), ('s', 'NOUN'), ('music', 'NOUN'), ('miguel', 'NOUN'), ('dreams', 'VERB'), ('becoming', 'VERB'), ('accomplished', 'ADJ'), ('musician', 'ADJ'), ('like', 'ADP'), ('de', 'X'), ('la', 'X'), ('desperate', 'ADJ'), ('prove', 'NOUN'), ('talent', 'NOUN'), ('miguel', 'NOUN'), ('finds', 'VERB'), ('colorful', 'ADJ'), ('land', 'NOUN'), ('dead', 'ADJ'), ('following', 'VERB'), ('chain', 'NOUN'), ('events', 'NOUN'), ('along', 'ADP'), ('way', 'NOUN'), ('meets', 'NOUN'), ('charming', 'VERB'), ('together', 'ADV'), ('set', 'VERB'), ('extraordinary', 'ADJ'), ('journey', 'NOUN'), ('unlock', 'ADJ'), ('real', 'ADJ'), ('story', 'NOUN'), ('behind', 'ADP'), ('history', 'NOUN')]"
1058424,Hope,호프,2026-07-15,43.1786,7.2,107,ko,False,"In the remote South Korean village of Hope Harbor, police chief Bum-seok and officer Sung-ae are called to investigate a mysterious creature wreaking havoc on the community. But all is not as it seems, and perceptions can be misleading. What begins as ignorance plants the seed of disaster, escalating through human conflict into a tragedy of cosmic proportions.",remote south village hope police chief officer called investigate creature havoc community seems begins seed disaster escalating human conflict tragedy cosmic,58,21,remot south villag hope polic chief offic call investig creatur havoc commun seem begin seed disast escal human conflict tragedi cosmic,remote south village hope police chief officer called investigate creature havoc community seems begin seed disaster escalating human conflict tragedy cosmic,"[('remote', 'ADJ'), ('south', 'ADJ'), ('village', 'NOUN'), ('hope', 'NOUN'), ('police', 'NOUN'), ('chief', 'ADJ'), ('officer', 'NOUN'), ('called', 'VERB'), ('investigate', 'ADJ'), ('creature', 'NOUN'), ('havoc', 'NOUN'), ('community', 'NOUN'), ('seems', 'VERB'), ('begins', 'NOUN'), ('seed', 'NOUN'), ('disaster', 'NOUN'), ('escalating', 'VERB'), ('human', 'ADJ'), ('conflict', 'NOUN'), ('tragedy', 'NOUN'), ('cosmic', 'NOUN')]"
315635,Spider-Man: Homecoming,Spider-Man: Homecoming,2017-07-05,46.2291,7.332,23992,en,False,"Following the events of Captain America: Civil War, Peter Parker, with the help of his mentor Tony Stark, tries to balance his life as an ordinary high school student in Queens, New York City, with fighting crime as his superhero alter ego Spider-Man as a new threat, the Vulture, emerges.",following events captain america civil war peter parker help mentor tony stark tries balance ordinary high school student queens york city fighting crime superhero alter ego spiderman threat emerges,50,29,follow event captain america civil war peter parker help mentor toni stark tri balanc ordinari high school student queen york citi fight crime superhero alter ego spiderman threat emerg,following event captain america civil war peter parker help mentor tony stark try balance ordinary high school student queen york city fighting crime superhero alter ego spiderman threat emerges,"[('following', 'VERB'), ('events', 'NOUN'), ('captain', 'VERB'), ('america', 'ADJ'), ('civil', 'ADJ'), ('war', 'NOUN'), ('peter', 'NOUN'), ('parker', 'NOUN'), ('help', 'NOUN'), ('mentor', 'NOUN'), ('tony', 'ADJ'), ('stark', 'ADJ'), ('tries', 'NOUN'), ('balance', 'ADP'), ('ordinary', 'ADJ'), ('high', 'ADJ'), ('school', 'NOUN'), ('student', 'NOUN'), ('queens', 'VERB'), ('york', 'ADJ'), ('city', 'NOUN'), ('fighting', 'VERB'), ('crime', 'NOUN'), ('superhero', 'NOUN'), ('alter', 'NOUN'), ('ego', 'NOUN'), ('spiderman', 'NOUN'), ('threat', 'NOUN'), ('emerges', 'NOUN')]"
1723013,Hibla 2,Hibla 2,2026-06-30,45.2559,3.0,1,tl,False,"Two VMX queens, Aliya Raymundo and Margaret Diaz, play reunited childhood friends who share a memorable past and a complicated present: one is a liberated city girl, the other a sheltered country virgin, and both are surrounded by men eager to get a taste of their youth.",queens play reunited childhood friends share memorable past present city girl country virgin surrounded men eager get youth,47,18,queen play reunit childhood friend share memor past present citi girl countri virgin surround men eager get youth,queen play reunited childhood friend share memorable past present city girl country virgin surrounded men eager get youth,"[('queens', 'NOUN'), ('play', 'VERB'), ('reunited', 'VERB'), ('childhood', 'NOUN'), ('friends', 'NOUN'), ('share', 'NOUN'), ('memorable', 'ADJ'), ('past', 'ADJ'), ('present', 'ADJ'), ('city', 'NOUN'), ('girl', 'NOUN'), ('country', 'NOUN'), ('virgin', 'NOUN'), ('surrounded', 'VERB'), ('men', 'NOUN'), ('eager', 'ADJ'), ('get', 'VERB'), ('youth', 'NOUN')]"
950028,The Invite,The Invite,2026-04-30,40.3463,7.226,711,en,False,"Joe and Angela's marriage is on thin ice. When they invite their enigmatic upstairs neighbors for a dinner party, the night spirals into unexpected places. Have they reignited the spark or lit the match that burns it all down?",joe marriage thin ice enigmatic neighbors party night spirals unexpected places spark match,39,13,joe marriag thin ice enigmat neighbor parti night spiral unexpect place spark match,joe marriage thin ice enigmatic neighbor party night spiral unexpected place spark match,"[('joe', 'NOUN'), ('marriage', 'NOUN'), ('thin', 'ADJ'), ('ice', 'NOUN'), ('enigmatic', 'ADJ'), ('neighbors', 'NOUN'), ('party', 'NOUN'), ('night', 'NOUN'), ('spirals', 'NOUN'), ('unexpected', 'VERB'), ('places', 'NOUN'), ('spark', 'ADJ'), ('match', 'NOUN')]"
475557,Joker,Joker,2019-10-01,41.4082,8.115,28423,en,False,"During the 1980s, a failed stand-up comedian is driven insane and turns to a life of crime and chaos in Gotham City while becoming an infamous psychopathic crime figure.",comedian driven insane turns crime chaos gotham city becoming infamous crime figure,29,12,comedian driven insan turn crime chao gotham citi becom infam crime figur,comedian driven insane turn crime chaos gotham city becoming infamous crime figure,"[('comedian', 'ADJ'), ('driven', 'VERB'), ('insane', 'NOUN'), ('turns', 'VERB'), ('crime', 'NOUN'), ('chaos', 'NOUN'), ('gotham', 'VERB'), ('city', 'NOUN'), ('becoming', 'VERB'), ('infamous', 'ADJ'), ('crime', 'NOUN'), ('figure', 'NOUN')]"
445466,Idiots,Idiots,2026-08-20,40.594,6.235,49,en,False,"Two rock-bottom drivers transport a wealthy teen to rehab, but their simple job spirals into a chaotic journey of drugs, danger, and crime as their passenger derails their plans.",wealthy simple job spirals chaotic journey danger crime plans,29,9,wealthi simpl job spiral chaotic journey danger crime plan,wealthy simple job spiral chaotic journey danger crime plan,"[('wealthy', 'ADJ'), ('simple', 'ADJ'), ('job', 'NOUN'), ('spirals', 'NOUN'), ('chaotic', 'ADJ'), ('journey', 'NOUN'), ('danger', 'NOUN'), ('crime', 'NOUN'), ('plans', 'NOUN')]"
674,Harry Potter and the Goblet of Fire,Harry Potter and the Goblet of Fire,2005-11-16,43.7757,7.803,22707,en,False,"When his name emerges from the Goblet of Fire, Harry Potter becomes a competitor in a grueling battle for glory among three wizarding schools. Signs of Voldemort's return emerge as Harry's friends help him prepare for the Triwizard Tournament.",name emerges harry potter becomes grueling battle glory among three schools signs voldemorts return emerge harrys friends help prepare tournament,39,20,name emerg harri potter becom gruel battl glori among three school sign voldemort return emerg harri friend help prepar tournament,name emerges harry potter becomes grueling battle glory among three school sign voldemorts return emerge harrys friend help prepare tournament,"[('name', 'NOUN'), ('emerges', 'VERB'), ('harry', 'VERB'), ('potter', 'NOUN'), ('becomes', 'NOUN'), ('grueling', 'VERB'), ('battle', 'NOUN'), ('glory', 'NOUN'), ('among', 'ADP'), ('three', 'NUM'), ('schools', 'NOUN'), ('signs', 'NOUN'), ('voldemorts', 'NOUN'), ('return', 'VERB'), ('emerge', 'ADJ'), ('harrys', 'NOUN'), ('friends', 'NOUN'), ('help', 'VERB'), ('prepare', 'VERB'), ('tournament', 'NOUN')]"
280,Terminator 2: Judgment Day,Terminator 2: Judgment Day,1991-07-03,45.3943,8.172,14947,en,False,"Ten years after the events of the original, a reprogrammed T-800 is sent back in time to protect young John Connor from the shape-shifting T-1000. Together with his mother Sarah, he fights to stop Skynet from triggering a nuclear apocalypse.",years events original sent time protect john connor shapeshifting together mother sarah fights stop skynet apocalypse,40,16,year event origin sent time protect john connor shapeshift togeth mother sarah fight stop skynet apocalyps,year event original sent time protect john connor shapeshifting together mother sarah fight stop skynet apocalypse,"[('years', 'NOUN'), ('events', 'NOUN'), ('original', 'ADJ'), ('sent', 'ADJ'), ('time', 'NOUN'), ('protect', 'NOUN'), ('john', 'NOUN'), ('connor', 'NOUN'), ('shapeshifting', 'VERB'), ('together', 'ADV'), ('mother', 'NOUN'), ('sarah', 'ADJ'), ('fights', 'NOUN'), ('stop', 'ADJ'), ('skynet', 'NOUN'), ('apocalypse', 'NOUN')]"
454639,Masters of the Universe,Masters of the Universe,2026-06-03,43.8435,7.106,2194,en,False,"After being separated for 15 years, the Sword of Power leads Prince Adam back to Eternia, where he discovers his home shattered under the fiendish rule of Skeletor. To save his family and his world, Adam must join forces with his closest allies, Teela and Duncan/Man-At-Arms, and embrace his true destiny as He-Man — the most powerful man in the universe.",separated 15 years power leads prince adam discovers home shattered rule save adam join forces allies embrace true destiny — powerful man universe,61,23,separ 15 year power lead princ adam discov home shatter rule save adam join forc alli embrac true destini — power man univers,separated 15 year power lead prince adam discovers home shattered rule save adam join force ally embrace true destiny — powerful man universe,"[('separated', 'VERB'), ('15', 'NUM'), ('years', 'NOUN'), ('power', 'NOUN'), ('leads', 'VERB'), ('prince', 'NOUN'), ('adam', 'NOUN'), ('discovers', 'VERB'), ('home', 'NOUN'), ('shattered', 'VERB'), ('rule', 'NOUN'), ('save', 'VERB'), ('adam', 'NOUN'), ('join', 'NOUN'), ('forces', 'NOUN'), ('allies', 'NOUN'), ('embrace', 'VERB'), ('true', 'ADJ'), ('destiny', 'ADJ'), ('—', 'NOUN'), ('powerful', 'ADJ'), ('man', 'NOUN'), ('universe', 'NOUN')]"
1127384,Deep Water,Deep Water,2026-04-30,40.225,7.404,651,en,False,A group of international passengers on a flight from Los Angeles to Shanghai is forced to make an emergency landing in shark-infested waters. The terrified group is forced to work together and overcome their differences if they hope to escape their sinking plane and the frenzy of sharks drawn to the wreckage.,group international los angeles forced make waters terrified group forced work together overcome differences hope escape plane frenzy sharks drawn,52,20,group intern lo angel forc make water terrifi group forc work togeth overcom differ hope escap plane frenzi shark drawn,group international los angeles forced make water terrified group forced work together overcome difference hope escape plane frenzy shark drawn,"[('group', 'NOUN'), ('international', 'ADJ'), ('los', 'NOUN'), ('angeles', 'NOUN'), ('forced', 'VERB'), ('make', 'ADJ'), ('waters', 'NOUN'), ('terrified', 'VERB'), ('group', 'NOUN'), ('forced', 'VERB'), ('work', 'NOUN'), ('together', 'ADV'), ('overcome', 'ADJ'), ('differences', 'NOUN'), ('hope', 'VERB'), ('escape', 'ADP'), ('plane', 'NOUN'), ('frenzy', 'NOUN'), ('sharks', 'NOUN'), ('drawn', 'VERB')]"
1495,Kingdom of Heaven,Kingdom of Heaven,2005-05-03,42.66,7.093,5269,en,False,"After his wife dies, a blacksmith named Balian is thrust into royalty, political intrigue and bloody holy wars during the Crusades.",wife dies blacksmith named thrust bloody wars,21,7,wife die blacksmith name thrust bloodi war,wife dy blacksmith named thrust bloody war,"[('wife', 'NOUN'), ('dies', 'VERB'), ('blacksmith', 'NOUN'), ('named', 'VERB'), ('thrust', 'ADJ'), ('bloody', 'NOUN'), ('wars', 'NOUN')]"
324857,Spider-Man: Into the Spider-Verse,Spider-Man: Into the Spider-Verse,2018-12-06,44.5882,8.401,17955,en,False,"Struggling to find his place in the world while juggling school and family, Brooklyn teenager Miles Morales is unexpectedly bitten by a radioactive spider and develops unfathomable powers just like the one and only Spider-Man. While wrestling with the implications of his new abilities, Miles discovers a super collider created by the madman Wilson ""Kingpin"" Fisk, causing others from across the Spider-Verse to be inadvertently transported to his dimension.",struggling find place school brooklyn teenager miles unexpectedly bitten spider develops powers like spiderman wrestling abilities miles discovers super created wilson kingpin causing others across inadvertently transported dimension,69,28,struggl find place school brooklyn teenag mile unexpectedli bitten spider develop power like spiderman wrestl abil mile discov super creat wilson kingpin caus other across inadvert transport dimens,struggling find place school brooklyn teenager mile unexpectedly bitten spider develops power like spiderman wrestling ability mile discovers super created wilson kingpin causing others across inadvertently transported dimension,"[('struggling', 'VERB'), ('find', 'ADJ'), ('place', 'ADJ'), ('school', 'NOUN'), ('brooklyn', 'NOUN'), ('teenager', 'NOUN'), ('miles', 'NOUN'), ('unexpectedly', 'ADV'), ('bitten', 'VERB'), ('spider', 'ADJ'), ('develops', 'ADJ'), ('powers', 'NOUN'), ('like', 'ADP'), ('spiderman', 'NOUN'), ('wrestling', 'NOUN'), ('abilities', 'NOUN'), ('miles', 'NOUN'), ('discovers', 'NOUN'), ('super', 'VERB'), ('created', 'VERB'), ('wilson', 'NOUN'), ('kingpin', 'NOUN'), ('causing', 'VERB'), ('others', 'NOUN'), ('across', 'ADP'), ('inadvertently', 'ADV'), ('transported', 'VERB'), ('dimension', 'NOUN')]"
76341,Mad Max: Fury Road,Mad Max: Fury Road,2015-05-13,44.6369,7.639,24708,en,False,"An apocalyptic story set in the furthest reaches of our planet, in a stark desert landscape where humanity is broken, and most everyone is crazed fighting for the necessities of life. Within this world exist two rebels on the run who just might be able to restore order.",story set reaches planet stark desert landscape humanity broken everyone fighting within run might able restore order,48,17,stori set reach planet stark desert landscap human broken everyon fight within run might abl restor order,story set reach planet stark desert landscape humanity broken everyone fighting within run might able restore order,"[('story', 'NOUN'), ('set', 'VERB'), ('reaches', 'NOUN'), ('planet', 'ADJ'), ('stark', 'NOUN'), ('desert', 'NOUN'), ('landscape', 'NOUN'), ('humanity', 'NOUN'), ('broken', 'ADP'), ('everyone', 'NOUN'), ('fighting', 'VERB'), ('within', 'ADP'), ('run', 'NOUN'), ('might', 'VERB'), ('able', 'ADJ'), ('restore', 'NOUN'), ('order', 'NOUN')]"
813418,Hot Spot,Hot Spot,2026-08-21,38.5004,4.605,38,en,False,"Set in a near future society ruled by sentient A.I., a private eye investigates a murder case only to discover a rebel group capable of undermining the digital overlord. As the detective's identity slowly unravels, his world enters a state of hypnotic meltdown.",set near future society ruled sentient ai eye investigates murder case discover rebel group capable digital detectives identity unravels enters state hypnotic,43,22,set near futur societi rule sentient ai eye investig murder case discov rebel group capabl digit detect ident unravel enter state hypnot,set near future society ruled sentient ai eye investigates murder case discover rebel group capable digital detective identity unravels enters state hypnotic,"[('set', 'VERB'), ('near', 'ADP'), ('future', 'ADJ'), ('society', 'NOUN'), ('ruled', 'VERB'), ('sentient', 'ADJ'), ('ai', 'NOUN'), ('eye', 'NOUN'), ('investigates', 'VERB'), ('murder', 'NOUN'), ('case', 'NOUN'), ('discover', 'ADV'), ('rebel', 'NOUN'), ('group', 'NOUN'), ('capable', 'ADJ'), ('digital', 'ADJ'), ('detectives', 'NOUN'), ('identity', 'NOUN'), ('unravels', 'ADJ'), ('enters', 'NOUN'), ('state', 'NOUN'), ('hypnotic', 'ADJ')]"
9479,The Nightmare Before Christmas,The Nightmare Before Christmas,1993-10-09,50.2969,7.844,10659,en,False,"Tired of scaring humans every October 31 with the same old bag of tricks, Jack Skellington, the spindly king of Halloween Town, kidnaps Santa Claus and plans to deliver shrunken heads and other ghoulish gifts to children on Christmas morning. But as Christmas approaches, Jack's rag-doll girlfriend, Sally, tries to foil his misguided plans.",tired humans every old tricks jack king halloween town kidnaps santa claus plans deliver heads children christmas morning christmas girlfriend sally tries foil plans,54,24,tire human everi old trick jack king halloween town kidnap santa clau plan deliv head children christma morn christma girlfriend salli tri foil plan,tired human every old trick jack king halloween town kidnaps santa claus plan deliver head child christmas morning christmas girlfriend sally try foil plan,"[('tired', 'ADJ'), ('humans', 'NOUN'), ('every', 'DET'), ('old', 'ADJ'), ('tricks', 'NOUN'), ('jack', 'NOUN'), ('king', 'VERB'), ('halloween', 'ADJ'), ('town', 'NOUN'), ('kidnaps', 'NOUN'), ('santa', 'VERB'), ('claus', 'ADJ'), ('plans', 'NOUN'), ('deliver', 'VERB'), ('heads', 'NOUN'), ('children', 'NOUN'), ('christmas', 'VERB'), ('morning', 'NOUN'), ('christmas', 'NOUN'), ('girlfriend', 'VERB'), ('sally', 'ADV'), ('tries', 'VERB'), ('foil', 'NOUN'), ('plans', 'NOUN')]"
99861,Avengers: Age of Ultron,Avengers: Age of Ultron,2015-04-22,46.1657,7.279,25112,en,False,"When Tony Stark tries to jumpstart a dormant peacekeeping program, things go awry and Earth’s Mightiest Heroes are put to the ultimate test as the fate of the planet hangs in the balance. As the villainous Ultron emerges, it is up to The Avengers to stop him from enacting his terrible plans, and soon uneasy alliances and unexpected action pave the way for an epic and unique global adventure.",tony stark tries peacekeeping program things go awry heroes put ultimate test fate planet hangs balance villainous ultron emerges avengers stop terrible plans soon alliances unexpected way epic unique global adventure,69,31,toni stark tri peacekeep program thing go awri hero put ultim test fate planet hang balanc villain ultron emerg aveng stop terribl plan soon allianc unexpect way epic uniqu global adventur,tony stark try peacekeeping program thing go awry hero put ultimate test fate planet hang balance villainous ultron emerges avenger stop terrible plan soon alliance unexpected way epic unique global adventure,"[('tony', 'ADJ'), ('stark', 'NOUN'), ('tries', 'NOUN'), ('peacekeeping', 'VERB'), ('program', 'NOUN'), ('things', 'NOUN'), ('go', 'VERB'), ('awry', 'ADV'), ('heroes', 'NOUN'), ('put', 'VERB'), ('ultimate', 'ADJ'), ('test', 'NOUN'), ('fate', 'NOUN'), ('planet', 'NOUN'), ('hangs', 'NOUN'), ('balance', 'NOUN'), ('villainous', 'ADJ'), ('ultron', 'ADJ'), ('emerges', 'VERB'), ('avengers', 'NOUN'), ('stop', 'VERB'), ('terrible', 'ADJ'), ('plans', 'NOUN'), ('soon', 'ADV'), ('alliances', 'NOUN'), ('unexpected', 'ADJ'), ('way', 'NOUN'), ('epic', 'NOUN'), ('unique', 'ADJ'), ('global', 'ADJ'), ('adventure', 'NOUN')]"
414906,The Batman,The Batman,2022-03-01,43.5011,7.67,12605,en,False,"In his second year of fighting crime, Batman uncovers corruption in Gotham City that connects to his own family while facing a serial killer known as the Riddler.",second year fighting crime batman uncovers corruption gotham city facing serial killer known,28,13,second year fight crime batman uncov corrupt gotham citi face serial killer known,second year fighting crime batman uncovers corruption gotham city facing serial killer known,"[('second', 'ADJ'), ('year', 'NOUN'), ('fighting', 'VERB'), ('crime', 'NOUN'), ('batman', 'NOUN'), ('uncovers', 'NOUN'), ('corruption', 'VERB'), ('gotham', 'ADJ'), ('city', 'NOUN'), ('facing', 'VERB'), ('serial', 'ADJ'), ('killer', 'NOUN'), ('known', 'VERB')]"
1594914,Lucky Strike,Lucky Strike,2026-06-26,43.7548,6.8,52,en,False,"A wounded American soldier fights to survive behind enemy lines during WWII's Battle of the Bulge against the Germans, relying on his instinct, spy craft and a hand-radio to evade capture and find his way back to his unit.",american soldier fights survive behind enemy lines battle spy evade capture find way unit,39,14,american soldier fight surviv behind enemi line battl spi evad captur find way unit,american soldier fight survive behind enemy line battle spy evade capture find way unit,"[('american', 'ADJ'), ('soldier', 'ADJ'), ('fights', 'NOUN'), ('survive', 'VERB'), ('behind', 'ADP'), ('enemy', 'NOUN'), ('lines', 'NOUN'), ('battle', 'NOUN'), ('spy', 'NOUN'), ('evade', 'ADJ'), ('capture', 'NOUN'), ('find', 'VERB'), ('way', 'NOUN'), ('unit', 'NOUN')]"
1327819,Hoppers,Hoppers,2026-03-04,42.5891,8.144,2393,en,False,"Scientists have discovered how to 'hop' human consciousness into lifelike robotic animals, allowing people to communicate with animals as animals. Animal lover Mabel seizes an opportunity to use the technology, uncovering mysteries within the animal world beyond anything she could have imagined.",discovered human animals people animals animals animal lover seizes opportunity use technology uncovering mysteries within animal beyond anything could imagined,42,20,discov human anim peopl anim anim anim lover seiz opportun use technolog uncov mysteri within anim beyond anyth could imagin,discovered human animal people animal animal animal lover seizes opportunity use technology uncovering mystery within animal beyond anything could imagined,"[('discovered', 'VERB'), ('human', 'ADJ'), ('animals', 'NOUN'), ('people', 'NOUN'), ('animals', 'NOUN'), ('animals', 'NOUN'), ('animal', 'ADJ'), ('lover', 'ADV'), ('seizes', 'VERB'), ('opportunity', 'NOUN'), ('use', 'NOUN'), ('technology', 'NOUN'), ('uncovering', 'VERB'), ('mysteries', 'NOUN'), ('within', 'ADP'), ('animal', 'ADJ'), ('beyond', 'ADP'), ('anything', 'NOUN'), ('could', 'VERB'), ('imagined', 'VERB')]"
1010581,My Fault,Culpa mía,2023-06-08,44.2504,7.726,4205,es,False,"Noah must leave her city, boyfriend, and friends to move into William Leister's mansion, the flashy and wealthy husband of her mother Rafaela. As a proud and independent 17 year old, Noah resists living in a mansion surrounded by luxury. However, it is there where she meets Nick, her new stepbrother, and the clash of their strong personalities becomes evident from the very beginning.",noah leave city boyfriend friends move william mansion wealthy husband mother independent year old noah living mansion surrounded luxury however meets nick clash becomes beginning,64,25,noah leav citi boyfriend friend move william mansion wealthi husband mother independ year old noah live mansion surround luxuri howev meet nick clash becom begin,noah leave city boyfriend friend move william mansion wealthy husband mother independent year old noah living mansion surrounded luxury however meet nick clash becomes beginning,"[('noah', 'NOUN'), ('leave', 'VERB'), ('city', 'NOUN'), ('boyfriend', 'NOUN'), ('friends', 'VERB'), ('move', 'VERB'), ('william', 'NOUN'), ('mansion', 'NOUN'), ('wealthy', 'ADJ'), ('husband', 'NOUN'), ('mother', 'NOUN'), ('independent', 'ADJ'), ('year', 'NOUN'), ('old', 'ADJ'), ('noah', 'NOUN'), ('living', 'VERB'), ('mansion', 'NOUN'), ('surrounded', 'VERB'), ('luxury', 'NOUN'), ('however', 'ADV'), ('meets', 'VERB'), ('nick', 'ADJ'), ('clash', 'NOUN'), ('becomes', 'NOUN'), ('beginning', 'VERB')]"
1011477,Karate Kid: Legends,Karate Kid: Legends,2025-05-08,41.9217,6.97,1313,en,False,"After a family tragedy, kung fu prodigy Li Fong is uprooted from his home in Beijing and forced to move to New York City with his mother. When a new friend needs his help, Li enters a karate competition – but his skills alone aren't enough. Li's kung fu teacher Mr. Han enlists original Karate Kid Daniel LaRusso for help, and Li learns a new way to fight, merging their two styles into one for the ultimate martial arts showdown.",tragedy kung fu prodigy li home forced move york city mother friend needs help li enters karate competition – skills alone arent enough kung fu teacher mr han enlists original karate kid help li learns way fight ultimate martial arts showdown,80,41,tragedi kung fu prodigi li home forc move york citi mother friend need help li enter karat competit – skill alon arent enough kung fu teacher mr han enlist origin karat kid help li learn way fight ultim martial art showdown,tragedy kung fu prodigy li home forced move york city mother friend need help li enters karate competition – skill alone arent enough kung fu teacher mr han enlists original karate kid help li learns way fight ultimate martial art showdown,"[('tragedy', 'NOUN'), ('kung', 'NOUN'), ('fu', 'NOUN'), ('prodigy', 'NOUN'), ('li', 'NOUN'), ('home', 'NOUN'), ('forced', 'VERB'), ('move', 'ADP'), ('york', 'NOUN'), ('city', 'NOUN'), ('mother', 'NOUN'), ('friend', 'NOUN'), ('needs', 'VERB'), ('help', 'NOUN'), ('li', 'NOUN'), ('enters', 'NOUN'), ('karate', 'VERB'), ('competition', 'NOUN'), ('–', 'NOUN'), ('skills', 'VERB'), ('alone', 'ADJ'), ('arent', 'ADJ'), ('enough', 'ADV'), ('kung', 'NOUN'), ('fu', 'NOUN'), ('teacher', 'NOUN'), ('mr', 'NOUN'), ('han', 'NOUN'), ('enlists', 'VERB'), ('original', 'ADJ'), ('karate', 'NOUN'), ('kid', 'NOUN'), ('help', 'NOUN'), ('li', 'VERB'), ('learns', 'ADJ'), ('way', 'NOUN'), ('fight', 'NOUN'), ('ultimate', 'ADJ'), ('martial', 'ADJ'), ('arts', 'NOUN'), ('showdown', 'NOUN')]"
911430,F1,F1,2025-06-25,42.8465,7.827,4764,en,False,Racing legend Sonny Hayes is coaxed out of retirement to lead a struggling Formula 1 team—and mentor a young hotshot driver—while chasing one more chance at glory.,racing legend retirement lead struggling mentor hotshot chance glory,27,9,race legend retir lead struggl mentor hotshot chanc glori,racing legend retirement lead struggling mentor hotshot chance glory,"[('racing', 'VERB'), ('legend', 'ADJ'), ('retirement', 'NOUN'), ('lead', 'NOUN'), ('struggling', 'VERB'), ('mentor', 'NOUN'), ('hotshot', 'ADJ'), ('chance', 'NOUN'), ('glory', 'NOUN')]"
131631,The Hunger Games: Mockingjay - Part 1,The Hunger Games: Mockingjay - Part 1,2014-11-19,42.431,6.814,17062,en,False,"After surviving the Quarter Quell, Katniss finds herself in the hidden stronghold of District 13, where the rebellion against the Capitol is gaining momentum. Struggling with the weight of becoming the symbol of resistance, she must navigate fragile alliances while trying to protect those she loves. As propaganda battles rage and Panem moves closer to full-scale war, Katniss is forced to confront the true cost of revolution.",surviving katniss finds hidden district rebellion capitol struggling becoming symbol resistance navigate fragile alliances trying protect loves battles rage panem moves closer war katniss forced confront true cost,67,28,surviv katniss find hidden district rebellion capitol struggl becom symbol resist navig fragil allianc tri protect love battl rage panem move closer war katniss forc confront true cost,surviving katniss find hidden district rebellion capitol struggling becoming symbol resistance navigate fragile alliance trying protect love battle rage panem move closer war katniss forced confront true cost,"[('surviving', 'VERB'), ('katniss', 'ADJ'), ('finds', 'NOUN'), ('hidden', 'ADJ'), ('district', 'NOUN'), ('rebellion', 'NOUN'), ('capitol', 'NOUN'), ('struggling', 'VERB'), ('becoming', 'VERB'), ('symbol', 'NOUN'), ('resistance', 'NOUN'), ('navigate', 'NOUN'), ('fragile', 'NOUN'), ('alliances', 'NOUN'), ('trying', 'VERB'), ('protect', 'ADJ'), ('loves', 'NOUN'), ('battles', 'NOUN'), ('rage', 'VERB'), ('panem', 'ADJ'), ('moves', 'NOUN'), ('closer', 'ADV'), ('war', 'NOUN'), ('katniss', 'VERB'), ('forced', 'VERB'), ('confront', 'ADJ'), ('true', 'ADJ'), ('cost', 'NOUN')]"
1168190,The Wrecking Crew,The Wrecking Crew,2026-01-28,46.0294,7.089,1298,en,False,"Estranged half-brothers Jonny and James reunite after their father's mysterious death. As they search for the truth, buried secrets reveal a conspiracy threatening to tear their family apart.",estranged james reunite fathers death search truth buried secrets reveal conspiracy tear apart,28,13,estrang jame reunit father death search truth buri secret reveal conspiraci tear apart,estranged james reunite father death search truth buried secret reveal conspiracy tear apart,"[('estranged', 'VERB'), ('james', 'NOUN'), ('reunite', 'ADJ'), ('fathers', 'NOUN'), ('death', 'NOUN'), ('search', 'NOUN'), ('truth', 'NOUN'), ('buried', 'VERB'), ('secrets', 'NOUN'), ('reveal', 'VERB'), ('conspiracy', 'NOUN'), ('tear', 'ADJ'), ('apart', 'ADV')]"
1234821,Jurassic World Rebirth,Jurassic World Rebirth,2025-06-23,42.6688,6.253,3812,en,False,"Five years after the events of Jurassic World Dominion, covert operations expert Zora Bennett is contracted to lead a skilled team on a top-secret mission to secure genetic material from the world's three most massive dinosaurs. When Zora's operation intersects with a civilian family whose boating expedition was capsized, they all find themselves stranded on an island where they come face-to-face with a sinister, shocking discovery that's been hidden from the world for decades.",five years events covert operations expert lead skilled team topsecret mission secure genetic worlds three massive dinosaurs operation civilian whose find stranded island come sinister shocking discovery thats hidden decades,74,30,five year event covert oper expert lead skill team topsecret mission secur genet world three massiv dinosaur oper civilian whose find strand island come sinist shock discoveri that hidden decad,five year event covert operation expert lead skilled team topsecret mission secure genetic world three massive dinosaur operation civilian whose find stranded island come sinister shocking discovery thats hidden decade,"[('five', 'NUM'), ('years', 'NOUN'), ('events', 'NOUN'), ('covert', 'ADJ'), ('operations', 'NOUN'), ('expert', 'VERB'), ('lead', 'NOUN'), ('skilled', 'VERB'), ('team', 'NOUN'), ('topsecret', 'ADJ'), ('mission', 'NOUN'), ('secure', 'NOUN'), ('genetic', 'ADJ'), ('worlds', 'NOUN'), ('three', 'NUM'), ('massive', 'ADJ'), ('dinosaurs', 'NOUN'), ('operation', 'NOUN'), ('civilian', 'ADJ'), ('whose', 'PRON'), ('find', 'NOUN'), ('stranded', 'VERB'), ('island', 'NOUN'), ('come', 'VERB'), ('sinister', 'NOUN'), ('shocking', 'VERB'), ('discovery', 'NOUN'), ('thats', 'NOUN'), ('hidden', 'VERB'), ('decades', 'NOUN')]"
12153,White Chicks,White Chicks,2004-06-23,43.752,6.968,4773,en,False,"Two FBI agent brothers, Marcus and Kevin Copeland, accidentally foil a drug bust. To avoid being fired they accept a mission escorting a pair of socialites to the Hamptons--but when the girls are disfigured in a car accident, they refuse to go. Left without options, Marcus and Kevin decide to pose as the sisters, transforming themselves from black men into rich white women.",fbi agent brothers marcus kevin accidentally foil drug bust mission pair girls disfigured car accident refuse go left without marcus kevin decide sisters transforming black men rich white women,63,29,fbi agent brother marcu kevin accident foil drug bust mission pair girl disfigur car accid refus go left without marcu kevin decid sister transform black men rich white women,fbi agent brother marcus kevin accidentally foil drug bust mission pair girl disfigured car accident refuse go left without marcus kevin decide sister transforming black men rich white woman,"[('fbi', 'ADJ'), ('agent', 'NOUN'), ('brothers', 'NOUN'), ('marcus', 'VERB'), ('kevin', 'VERB'), ('accidentally', 'ADV'), ('foil', 'ADJ'), ('drug', 'NOUN'), ('bust', 'NOUN'), ('mission', 'NOUN'), ('pair', 'NOUN'), ('girls', 'NOUN'), ('disfigured', 'VERB'), ('car', 'NOUN'), ('accident', 'NOUN'), ('refuse', 'NOUN'), ('go', 'VERB'), ('left', 'VERB'), ('without', 'ADP'), ('marcus', 'NOUN'), ('kevin', 'NOUN'), ('decide', 'VERB'), ('sisters', 'NOUN'), ('transforming', 'VERB'), ('black', 'ADJ'), ('men', 'NOUN'), ('rich', 'ADJ'), ('white', 'ADJ'), ('women', 'NOUN')]"
210577,Gone Girl,Gone Girl,2014-10-01,44.0288,7.89,20486,en,False,"With his wife's disappearance having become the focus of an intense media circus, a man sees the spotlight turned on him when it's suspected that he may not be innocent.",wifes disappearance become intense media man sees spotlight turned may innocent,30,11,wife disappear becom intens media man see spotlight turn may innoc,wife disappearance become intense medium man see spotlight turned may innocent,"[('wifes', 'NOUN'), ('disappearance', 'NOUN'), ('become', 'NOUN'), ('intense', 'ADJ'), ('media', 'NOUN'), ('man', 'NOUN'), ('sees', 'VERB'), ('spotlight', 'ADJ'), ('turned', 'VERB'), ('may', 'VERB'), ('innocent', 'VERB')]"
933260,The Substance,The Substance,2024-09-07,43.2845,7.135,6544,en,False,"A fading celebrity decides to use a black market drug, a cell-replicating substance that temporarily creates a younger, better version of herself.",celebrity decides use black drug substance creates younger better version,22,10,celebr decid use black drug substanc creat younger better version,celebrity decides use black drug substance creates younger better version,"[('celebrity', 'NOUN'), ('decides', 'VERB'), ('use', 'ADJ'), ('black', 'ADJ'), ('drug', 'NOUN'), ('substance', 'NOUN'), ('creates', 'VERB'), ('younger', 'ADJ'), ('better', 'ADJ'), ('version', 'NOUN')]"
129,Spirited Away,千と千尋の神隠し,2001-07-20,40.125,8.5,18985,ja,False,"A young girl, Chihiro, becomes trapped in a strange new world of spirits. When her parents undergo a mysterious transformation, she must call upon the courage she never knew she had to free her family.",girl chihiro becomes trapped strange spirits parents undergo transformation call upon courage never knew free,35,15,girl chihiro becom trap strang spirit parent undergo transform call upon courag never knew free,girl chihiro becomes trapped strange spirit parent undergo transformation call upon courage never knew free,"[('girl', 'NOUN'), ('chihiro', 'NOUN'), ('becomes', 'VERB'), ('trapped', 'VERB'), ('strange', 'ADJ'), ('spirits', 'NOUN'), ('parents', 'NOUN'), ('undergo', 'ADJ'), ('transformation', 'NOUN'), ('call', 'NOUN'), ('upon', 'ADP'), ('courage', 'NOUN'), ('never', 'ADV'), ('knew', 'VERB'), ('free', 'ADJ')]"
1242898,Predator: Badlands,Predator: Badlands,2025-11-05,42.0313,7.839,3738,en,False,"Cast out from his clan, a young Predator finds an unlikely ally in a damaged android and embarks on a treacherous journey in search of the ultimate adversary.",cast clan predator finds unlikely ally embarks treacherous journey search ultimate adversary,28,12,cast clan predat find unlik alli embark treacher journey search ultim adversari,cast clan predator find unlikely ally embarks treacherous journey search ultimate adversary,"[('cast', 'NOUN'), ('clan', 'NOUN'), ('predator', 'NOUN'), ('finds', 'VERB'), ('unlikely', 'ADJ'), ('ally', 'ADV'), ('embarks', 'VERB'), ('treacherous', 'ADJ'), ('journey', 'NOUN'), ('search', 'NOUN'), ('ultimate', 'ADJ'), ('adversary', 'NOUN')]"
1137844,Mayday,Mayday,2026-09-03,39.6438,7.966,895,en,False,"When a U.S. Navy pilot on a top-secret mission during the Cold War gets trapped behind enemy lines, his only chance at survival is to form an alliance with an eccentric ex-KGB agent.",us navy pilot topsecret mission cold war gets trapped behind enemy lines chance survival form alliance eccentric agent,33,18,us navi pilot topsecret mission cold war get trap behind enemi line chanc surviv form allianc eccentr agent,u navy pilot topsecret mission cold war get trapped behind enemy line chance survival form alliance eccentric agent,"[('us', 'PRON'), ('navy', 'VERB'), ('pilot', 'ADJ'), ('topsecret', 'ADJ'), ('mission', 'NOUN'), ('cold', 'VERB'), ('war', 'NOUN'), ('gets', 'VERB'), ('trapped', 'VERB'), ('behind', 'ADP'), ('enemy', 'NOUN'), ('lines', 'NOUN'), ('chance', 'NOUN'), ('survival', 'ADJ'), ('form', 'ADJ'), ('alliance', 'NOUN'), ('eccentric', 'ADJ'), ('agent', 'NOUN')]"
597,Titanic,Titanic,1997-12-18,40.5955,7.901,27837,en,False,"101-year-old Rose DeWitt Bukater tells the story of her life aboard the Titanic, 84 years later. A young Rose boards the ship with her mother and fiancé. Meanwhile, Jack Dawson and Fabrizio De Rossi win third-class tickets aboard the ship. Rose tells the whole story from Titanic's departure through to its death—on its first and last voyage—on April 15, 1912.",rose tells story aboard years later rose boards ship mother meanwhile jack de win aboard ship rose tells whole story departure first last april 15,60,25,rose tell stori aboard year later rose board ship mother meanwhil jack de win aboard ship rose tell whole stori departur first last april 15,rose tell story aboard year later rose board ship mother meanwhile jack de win aboard ship rose tell whole story departure first last april 15,"[('rose', 'VERB'), ('tells', 'NOUN'), ('story', 'NOUN'), ('aboard', 'ADP'), ('years', 'NOUN'), ('later', 'ADV'), ('rose', 'VERB'), ('boards', 'NOUN'), ('ship', 'ADJ'), ('mother', 'ADV'), ('meanwhile', 'ADJ'), ('jack', 'NOUN'), ('de', 'ADP'), ('win', 'X'), ('aboard', 'ADJ'), ('ship', 'NOUN'), ('rose', 'VERB'), ('tells', 'NOUN'), ('whole', 'ADJ'), ('story', 'NOUN'), ('departure', 'NOUN'), ('first', 'ADV'), ('last', 'ADJ'), ('april', 'NOUN'), ('15', 'NUM')]"
1265,Bridge to Terabithia,Bridge to Terabithia,2007-02-15,38.6428,7.355,5498,en,False,"Jesse Aarons trained all summer to become the fastest runner in school. So he's very upset when newcomer Leslie Burke outruns him and everyone else. Despite this and other differences including that she's rich, he's poor, she's a city girl, and he's a country boy the two become fast friends. Together they create Terabithia, a land of monsters, trolls, ogres, and giants where they rule as king and queen.",trained summer become fastest runner school hes everyone else despite differences including shes rich hes shes city girl hes country boy become friends together create land monsters ogres rule king queen,69,31,train summer becom fastest runner school he everyon els despit differ includ she rich he she citi girl he countri boy becom friend togeth creat land monster ogr rule king queen,trained summer become fastest runner school he everyone else despite difference including shes rich he shes city girl he country boy become friend together create land monster ogre rule king queen,"[('trained', 'VERB'), ('summer', 'NOUN'), ('become', 'NOUN'), ('fastest', 'ADJ'), ('runner', 'ADJ'), ('school', 'NOUN'), ('hes', 'NOUN'), ('everyone', 'NOUN'), ('else', 'ADV'), ('despite', 'ADP'), ('differences', 'NOUN'), ('including', 'VERB'), ('shes', 'NOUN'), ('rich', 'ADJ'), ('hes', 'NOUN'), ('shes', 'NOUN'), ('city', 'NOUN'), ('girl', 'NOUN'), ('hes', 'NOUN'), ('country', 'NOUN'), ('boy', 'VERB'), ('become', 'VERB'), ('friends', 'NOUN'), ('together', 'ADV'), ('create', 'VERB'), ('land', 'NOUN'), ('monsters', 'NOUN'), ('ogres', 'VERB'), ('rule', 'NOUN'), ('king', 'VERB'), ('queen', 'NOUN')]"
912649,Venom: The Last Dance,Venom: The Last Dance,2024-10-22,42.2891,6.666,4572,en,False,"Eddie and Venom are on the run. Hunted by both of their worlds and with the net closing in, the duo are forced into a devastating decision that will bring the curtains down on Venom and Eddie's last dance.",eddie venom run hunted worlds closing duo forced devastating decision bring venom last,39,13,eddi venom run hunt world close duo forc devast decis bring venom last,eddie venom run hunted world closing duo forced devastating decision bring venom last,"[('eddie', 'NOUN'), ('venom', 'NOUN'), ('run', 'VERB'), ('hunted', 'VERB'), ('worlds', 'ADP'), ('closing', 'VERB'), ('duo', 'NOUN'), ('forced', 'VERB'), ('devastating', 'VERB'), ('decision', 'NOUN'), ('bring', 'NOUN'), ('venom', 'NOUN'), ('last', 'ADJ')]"
1506560,Clash of the Thundermans,Clash of the Thundermans,2026-09-03,40.7509,6.547,64,en,False,"When Chloe develops a destructive new superpower, the Hero League orders her to an elite boarding school for superheroes to learn control of her abilities. Faced with the prospect of sending Chloe away for years, the Thundermans split apart, with Phoebe, Barb and Billy taking her into hiding. Max, Hank, and Nora track their rogue family members, until the two factions face off against each other in a full-on battle for the Thundermans’ future.",chloe develops destructive hero league orders elite boarding school learn control abilities faced chloe away years apart taking hiding track rogue members factions face battle future,74,26,chloe develop destruct hero leagu order elit board school learn control abil face chloe away year apart take hide track rogu member faction face battl futur,chloe develops destructive hero league order elite boarding school learn control ability faced chloe away year apart taking hiding track rogue member faction face battle future,"[('chloe', 'NOUN'), ('develops', 'VERB'), ('destructive', 'ADJ'), ('hero', 'NOUN'), ('league', 'NOUN'), ('orders', 'NOUN'), ('elite', 'VERB'), ('boarding', 'VERB'), ('school', 'NOUN'), ('learn', 'NOUN'), ('control', 'NOUN'), ('abilities', 'NOUN'), ('faced', 'VERB'), ('chloe', 'ADJ'), ('away', 'ADV'), ('years', 'NOUN'), ('apart', 'ADV'), ('taking', 'VERB'), ('hiding', 'VERB'), ('track', 'NOUN'), ('rogue', 'NOUN'), ('members', 'NOUN'), ('factions', 'NOUN'), ('face', 'VERB'), ('battle', 'NOUN'), ('future', 'NOUN')]"
549509,The Brutalist,The Brutalist,2024-12-20,39.9618,6.921,1843,en,False,"When an innovative modern architect flees post-war Europe, he is given the opportunity to rebuild his legacy. Set during the dawn of the modern United States (in Pennsylvania), his wife joins him, and their lives are forever changed by a demanding, wealthy patron.",modern flees europe given opportunity rebuild legacy set modern united states wife joins lives forever wealthy,43,16,modern flee europ given opportun rebuild legaci set modern unit state wife join live forev wealthi,modern flees europe given opportunity rebuild legacy set modern united state wife join life forever wealthy,"[('modern', 'ADJ'), ('flees', 'NOUN'), ('europe', 'VERB'), ('given', 'VERB'), ('opportunity', 'NOUN'), ('rebuild', 'NOUN'), ('legacy', 'NOUN'), ('set', 'VERB'), ('modern', 'ADJ'), ('united', 'ADJ'), ('states', 'NOUN'), ('wife', 'NOUN'), ('joins', 'VERB'), ('lives', 'VERB'), ('forever', 'ADV'), ('wealthy', 'ADJ')]"
1241982,Moana 2,Moana 2,2024-11-21,41.5453,6.993,3308,en,False,"After receiving an unexpected call from her wayfinding ancestors, Moana journeys alongside Maui and a new crew to the far seas of Oceania and into dangerous, long-lost waters for an adventure unlike anything she's ever faced.",unexpected call moana journeys alongside maui crew far seas dangerous longlost waters adventure unlike anything shes ever faced,36,18,unexpect call moana journey alongsid maui crew far sea danger longlost water adventur unlik anyth she ever face,unexpected call moana journey alongside maui crew far sea dangerous longlost water adventure unlike anything shes ever faced,"[('unexpected', 'ADJ'), ('call', 'NOUN'), ('moana', 'NOUN'), ('journeys', 'NOUN'), ('alongside', 'VERB'), ('maui', 'NOUN'), ('crew', 'NOUN'), ('far', 'ADV'), ('seas', 'ADV'), ('dangerous', 'ADJ'), ('longlost', 'NOUN'), ('waters', 'NOUN'), ('adventure', 'VERB'), ('unlike', 'ADP'), ('anything', 'NOUN'), ('shes', 'NOUN'), ('ever', 'ADV'), ('faced', 'VERB')]"
138843,The Conjuring,The Conjuring,2013-07-18,41.325,7.542,13135,en,False,"Paranormal investigators Ed and Lorraine Warren work to help a family terrorized by a dark presence in their farmhouse. Forced to confront a powerful entity, the Warrens find themselves caught in the most terrifying case of their lives.",ed lorraine warren work help dark forced confront powerful entity find caught terrifying case lives,38,15,ed lorrain warren work help dark forc confront power entiti find caught terrifi case live,ed lorraine warren work help dark forced confront powerful entity find caught terrifying case life,"[('ed', 'ADJ'), ('lorraine', 'NOUN'), ('warren', 'NOUN'), ('work', 'NOUN'), ('help', 'NOUN'), ('dark', 'VERB'), ('forced', 'VERB'), ('confront', 'ADJ'), ('powerful', 'ADJ'), ('entity', 'NOUN'), ('find', 'VERB'), ('caught', 'NOUN'), ('terrifying', 'VERB'), ('case', 'NOUN'), ('lives', 'NOUN')]"
1007757,Swapped,Swapped,2026-05-01,42.95,8.866,2221,en,False,"A small woodland creature and a majestic bird, two natural sworn enemies of the Valley, magically trade places and set off on an adventure of a lifetime to switch back. Their journey soon uncovers a greater threat—one that could endanger not only their species, but the entire valley they call home.",small creature natural enemies valley trade places set adventure lifetime switch journey soon uncovers greater could species entire valley call home,51,21,small creatur natur enemi valley trade place set adventur lifetim switch journey soon uncov greater could speci entir valley call home,small creature natural enemy valley trade place set adventure lifetime switch journey soon uncovers greater could specie entire valley call home,"[('small', 'ADJ'), ('creature', 'NOUN'), ('natural', 'ADJ'), ('enemies', 'NOUN'), ('valley', 'VERB'), ('trade', 'NOUN'), ('places', 'NOUN'), ('set', 'VERB'), ('adventure', 'NOUN'), ('lifetime', 'NOUN'), ('switch', 'VERB'), ('journey', 'NOUN'), ('soon', 'ADV'), ('uncovers', 'NOUN'), ('greater', 'ADJ'), ('could', 'VERB'), ('species', 'VERB'), ('entire', 'ADJ'), ('valley', 'NOUN'), ('call', 'NOUN'), ('home', 'NOUN')]"
10681,WALL·E,WALL·E,2008-06-26,39.2064,8.126,20950,en,False,"After hundreds of years doing what he was built for, WALL•E— a robot designed to clean up the earth—discovers a new purpose in life when he meets a sleek search robot named EVE. EVE comes to realize that WALL•E has inadvertently stumbled upon the key to the planet's future, and races back to space to report to the humans. Meanwhile, WALL•E chases EVE across the galaxy and sets into motion one of the most imaginative adventures ever brought to the big screen.",years built robot designed purpose meets search robot named eve eve comes realize wall•e inadvertently upon key planets future races space humans meanwhile wall•e eve across galaxy sets motion adventures ever brought big,82,33,year built robot design purpos meet search robot name eve eve come realiz wall• inadvert upon key planet futur race space human meanwhil wall• eve across galaxi set motion adventur ever brought big,year built robot designed purpose meet search robot named eve eve come realize wall•e inadvertently upon key planet future race space human meanwhile wall•e eve across galaxy set motion adventure ever brought big,"[('years', 'NOUN'), ('built', 'VERB'), ('robot', 'NOUN'), ('designed', 'VERB'), ('purpose', 'ADJ'), ('meets', 'NOUN'), ('search', 'VERB'), ('robot', 'NOUN'), ('named', 'VERB'), ('eve', 'VERB'), ('eve', 'NOUN'), ('comes', 'VERB'), ('realize', 'VERB'), ('wall•e', 'NOUN'), ('inadvertently', 'ADV'), ('upon', 'ADP'), ('key', 'ADJ'), ('planets', 'NOUN'), ('future', 'ADJ'), ('races', 'NOUN'), ('space', 'NOUN'), ('humans', 'NOUN'), ('meanwhile', 'VERB'), ('wall•e', 'ADJ'), ('eve', 'VERB'), ('across', 'ADP'), ('galaxy', 'ADJ'), ('sets', 'NOUN'), ('motion', 'NOUN'), ('adventures', 'VERB'), ('ever', 'ADV'), ('brought', 'VERB'), ('big', 'ADJ')]"
8587,The Lion King,The Lion King,1994-06-15,41.3674,8.251,20211,en,False,"Young lion prince Simba, eager to one day become king of the Pride Lands, grows up under the watchful eye of his father Mufasa; all the while his villainous uncle Scar conspires to take the throne for himself. Amid betrayal and tragedy, Simba must confront his past and find his rightful place in the Circle of Life.",lion prince simba eager day become king pride lands grows eye father mufasa villainous uncle scar conspires take throne amid betrayal tragedy simba confront past find place circle,57,28,lion princ simba eager day becom king pride land grow eye father mufasa villain uncl scar conspir take throne amid betray tragedi simba confront past find place circl,lion prince simba eager day become king pride land grows eye father mufasa villainous uncle scar conspires take throne amid betrayal tragedy simba confront past find place circle,"[('lion', 'NOUN'), ('prince', 'NOUN'), ('simba', 'ADJ'), ('eager', 'ADJ'), ('day', 'NOUN'), ('become', 'VERB'), ('king', 'ADJ'), ('pride', 'ADJ'), ('lands', 'VERB'), ('grows', 'NOUN'), ('eye', 'NOUN'), ('father', 'ADV'), ('mufasa', 'ADV'), ('villainous', 'ADJ'), ('uncle', 'NOUN'), ('scar', 'NOUN'), ('conspires', 'NOUN'), ('take', 'VERB'), ('throne', 'NOUN'), ('amid', 'ADP'), ('betrayal', 'ADJ'), ('tragedy', 'NOUN'), ('simba', 'NOUN'), ('confront', 'NOUN'), ('past', 'ADP'), ('find', 'ADJ'), ('place', 'NOUN'), ('circle', 'NOUN')]"
557,Spider-Man,Spider-Man,2002-05-01,41.2542,7.357,21510,en,False,"After being bitten by a genetically altered spider at Oscorp, nerdy but endearing high school student Peter Parker is endowed with amazing powers to become the superhero known as Spider-Man.",bitten genetically altered spider high school student peter parker amazing powers become superhero known spiderman,30,15,bitten genet alter spider high school student peter parker amaz power becom superhero known spiderman,bitten genetically altered spider high school student peter parker amazing power become superhero known spiderman,"[('bitten', 'VERB'), ('genetically', 'ADV'), ('altered', 'VERB'), ('spider', 'NOUN'), ('high', 'ADJ'), ('school', 'NOUN'), ('student', 'NOUN'), ('peter', 'NOUN'), ('parker', 'NOUN'), ('amazing', 'VERB'), ('powers', 'NOUN'), ('become', 'VERB'), ('superhero', 'ADJ'), ('known', 'ADJ'), ('spiderman', 'NOUN')]"
76600,Avatar: The Way of Water,Avatar: The Way of Water,2022-12-14,39.6059,7.584,14711,en,False,"Set more than a decade after the events of the first film, learn the story of the Sully family (Jake, Neytiri, and their kids), the trouble that follows them, the lengths they go to keep each other safe, the battles they fight to stay alive, and the tragedies they endure.",set events first film learn story sully jake neytiri kids follows go keep safe battles fight stay alive endure,50,19,set event first film learn stori sulli jake neytiri kid follow go keep safe battl fight stay aliv endur,set event first film learn story sully jake neytiri kid follows go keep safe battle fight stay alive endure,"[('set', 'NOUN'), ('events', 'NOUN'), ('first', 'ADJ'), ('film', 'NOUN'), ('learn', 'VERB'), ('story', 'NOUN'), ('sully', 'ADV'), ('jake', 'ADJ'), ('neytiri', 'ADJ'), ('kids', 'NOUN'), ('follows', 'VERB'), ('go', 'VERB'), ('keep', 'VERB'), ('safe', 'ADJ'), ('battles', 'NOUN'), ('fight', 'VERB'), ('stay', 'ADJ'), ('alive', 'ADJ'), ('endure', 'NOUN')]"
1393326,Ghost in the Cell,Ghost in the Cell,2026-04-16,37.0413,7.114,83,id,False,"In a notorious prison, an invisible force begins killing inmates brutally, compelling enemy gangs and corrupt guards to work together as they try to survive the mounting bloodshed.",notorious prison force begins killing inmates brutally enemy gangs corrupt work together try survive mounting bloodshed,28,16,notori prison forc begin kill inmat brutal enemi gang corrupt work togeth tri surviv mount bloodsh,notorious prison force begin killing inmate brutally enemy gang corrupt work together try survive mounting bloodshed,"[('notorious', 'ADJ'), ('prison', 'NOUN'), ('force', 'NOUN'), ('begins', 'VERB'), ('killing', 'VERB'), ('inmates', 'NOUN'), ('brutally', 'ADV'), ('enemy', 'VERB'), ('gangs', 'NOUN'), ('corrupt', 'ADJ'), ('work', 'NOUN'), ('together', 'ADV'), ('try', 'VERB'), ('survive', 'ADJ'), ('mounting', 'NOUN'), ('bloodshed', 'VERB')]"
129,Spirited Away,千と千尋の神隠し,2001-07-20,40.125,8.535,18982,ja,False,"A young girl, Chihiro, becomes trapped in a strange new world of spirits. When her parents undergo a mysterious transformation, she must call upon the courage she never knew she had to free her family.",girl chihiro becomes trapped strange spirits parents undergo transformation call upon courage never knew free,35,15,girl chihiro becom trap strang spirit parent undergo transform call upon courag never knew free,girl chihiro becomes trapped strange spirit parent undergo transformation call upon courage never knew free,"[('girl', 'NOUN'), ('chihiro', 'NOUN'), ('becomes', 'VERB'), ('trapped', 'VERB'), ('strange', 'ADJ'), ('spirits', 'NOUN'), ('parents', 'NOUN'), ('undergo', 'ADJ'), ('transformation', 'NOUN'), ('call', 'NOUN'), ('upon', 'ADP'), ('courage', 'NOUN'), ('never', 'ADV'), ('knew', 'VERB'), ('free', 'ADJ')]"
122917,The Hobbit: The Battle of the Five Armies,The Hobbit: The Battle of the Five Armies,2014-12-10,39.1868,7.338,15811,en,False,"Following Smaug's attack on Laketown, Bilbo and the dwarves try to defend Erebor's mountain of treasure from others who claim it: the men of the ruined Laketown and the elves of Mirkwood. Meanwhile an army of Orcs led by Azog the Defiler is marching on Erebor, fueled by the rise of the dark lord Sauron. Dwarves, elves and men must unite, and the hope for Middle-Earth falls into Bilbo's hands.",following attack laketown bilbo dwarves try defend mountain others claim men ruined laketown elves meanwhile army led fueled rise dark lord dwarves elves men unite hope falls hands,70,28,follow attack laketown bilbo dwarv tri defend mountain other claim men ruin laketown elv meanwhil armi led fuel rise dark lord dwarv elv men unit hope fall hand,following attack laketown bilbo dwarf try defend mountain others claim men ruined laketown elf meanwhile army led fueled rise dark lord dwarf elf men unite hope fall hand,"[('following', 'VERB'), ('attack', 'NOUN'), ('laketown', 'ADJ'), ('bilbo', 'NOUN'), ('dwarves', 'NOUN'), ('try', 'VERB'), ('defend', 'VERB'), ('mountain', 'NOUN'), ('others', 'NOUN'), ('claim', 'VERB'), ('men', 'NOUN'), ('ruined', 'VERB'), ('laketown', 'ADJ'), ('elves', 'NOUN'), ('meanwhile', 'ADV'), ('army', 'VERB'), ('led', 'VERB'), ('fueled', 'VERB'), ('rise', 'NOUN'), ('dark', 'NOUN'), ('lord', 'NOUN'), ('dwarves', 'VERB'), ('elves', 'NOUN'), ('men', 'NOUN'), ('unite', 'ADJ'), ('hope', 'NOUN'), ('falls', 'VERB'), ('hands', 'NOUN')]"
893723,PAW Patrol: The Mighty Movie,PAW Patrol: The Mighty Movie,2023-09-21,38.8854,6.9,595,en,False,"A magical meteor crash lands in Adventure City and gives the PAW Patrol pups superpowers, transforming them into The Mighty Pups.",magical crash lands adventure city gives paw patrol pups superpowers transforming mighty pups,21,13,magic crash land adventur citi give paw patrol pup superpow transform mighti pup,magical crash land adventure city give paw patrol pup superpower transforming mighty pup,"[('magical', 'ADJ'), ('crash', 'NOUN'), ('lands', 'VERB'), ('adventure', 'ADJ'), ('city', 'NOUN'), ('gives', 'VERB'), ('paw', 'ADJ'), ('patrol', 'NOUN'), ('pups', 'NOUN'), ('superpowers', 'NOUN'), ('transforming', 'VERB'), ('mighty', 'NOUN'), ('pups', 'NOUN')]"
1061474,Superman,Superman,2025-07-09,40.7756,7.323,5543,en,False,"Superman, a journalist in Metropolis, embarks on a journey to reconcile his Kryptonian heritage with his human upbringing as Clark Kent.",superman journalist embarks journey human,21,5,superman journalist embark journey human,superman journalist embarks journey human,"[('superman', 'ADJ'), ('journalist', 'NOUN'), ('embarks', 'NOUN'), ('journey', 'VERB'), ('human', 'ADJ')]"
1290821,Shelter,Shelter,2026-01-28,41.2165,7.752,1933,en,False,"A man living in self-imposed exile on a remote island rescues a young girl from a violent storm, setting off a chain of events that forces him out of seclusion to protect her from enemies tied to his past.",man living selfimposed exile remote island girl violent storm setting chain events forces protect enemies past,39,16,man live selfimpos exil remot island girl violent storm set chain event forc protect enemi past,man living selfimposed exile remote island girl violent storm setting chain event force protect enemy past,"[('man', 'NOUN'), ('living', 'VERB'), ('selfimposed', 'VERB'), ('exile', 'ADJ'), ('remote', 'NOUN'), ('island', 'NOUN'), ('girl', 'NOUN'), ('violent', 'ADJ'), ('storm', 'NOUN'), ('setting', 'VERB'), ('chain', 'NOUN'), ('events', 'NOUN'), ('forces', 'NOUN'), ('protect', 'VERB'), ('enemies', 'NOUN'), ('past', 'ADP')]"
3933,Corpse Bride,Corpse Bride,2005-09-12,40.4187,7.591,10457,en,False,"In a 19th-century European village, a young man about to be married is whisked away to the underworld and wed to a mysterious corpse bride, while his real bride waits bereft in the land of the living.",european village man married away underworld corpse bride real bride land living,37,12,european villag man marri away underworld corps bride real bride land live,european village man married away underworld corpse bride real bride land living,"[('european', 'ADJ'), ('village', 'NOUN'), ('man', 'NOUN'), ('married', 'VERB'), ('away', 'ADV'), ('underworld', 'ADJ'), ('corpse', 'NOUN'), ('bride', 'ADP'), ('real', 'ADJ'), ('bride', 'NOUN'), ('land', 'NOUN'), ('living', 'NOUN')]"
121,The Lord of the Rings: The Two Towers,The Lord of the Rings: The Two Towers,2002-12-18,36.3889,8.43,24675,en,False,"Frodo Baggins and the other members of the Fellowship continue on their sacred quest to destroy the One Ring--but on separate paths. Their destinies lie at two towers--Orthanc Tower in Isengard, where the corrupt wizard Saruman awaits, and Sauron's fortress at Barad-dur, deep within the dark lands of Mordor.",frodo baggins members fellowship continue sacred quest destroy separate paths lie tower corrupt wizard awaits deep within dark lands mordor,49,20,frodo baggin member fellowship continu sacr quest destroy separ path lie tower corrupt wizard await deep within dark land mordor,frodo baggins member fellowship continue sacred quest destroy separate path lie tower corrupt wizard awaits deep within dark land mordor,"[('frodo', 'NOUN'), ('baggins', 'VERB'), ('members', 'NOUN'), ('fellowship', 'ADJ'), ('continue', 'VERB'), ('sacred', 'VERB'), ('quest', 'ADJ'), ('destroy', 'NOUN'), ('separate', 'ADJ'), ('paths', 'NOUN'), ('lie', 'VERB'), ('tower', 'ADJ'), ('corrupt', 'ADJ'), ('wizard', 'NOUN'), ('awaits', 'NOUN'), ('deep', 'VERB'), ('within', 'ADP'), ('dark', 'ADJ'), ('lands', 'NOUN'), ('mordor', 'NOUN')]"
137051,Midnight Matinee,Midnight Matinee,1989-10-12,27.6004,5.4,7,en,False,"Even though a devastating murder took place during a small town's horror film festival two years earlier, townspeople want another festival.",even though devastating murder took place small towns horror film festival years townspeople want another festival,21,16,even though devast murder took place small town horror film festiv year townspeopl want anoth festiv,even though devastating murder took place small town horror film festival year townspeople want another festival,"[('even', 'ADV'), ('though', 'ADP'), ('devastating', 'VERB'), ('murder', 'NOUN'), ('took', 'VERB'), ('place', 'NOUN'), ('small', 'ADJ'), ('towns', 'NOUN'), ('horror', 'NOUN'), ('film', 'NOUN'), ('festival', 'ADJ'), ('years', 'NOUN'), ('townspeople', 'ADJ'), ('want', 'VERB'), ('another', 'DET'), ('festival', 'NOUN')]"
615777,Babylon,Babylon,2022-12-22,38.8528,7.34,3961,en,False,"A tale of outsized ambition and outrageous excess, tracing the rise and fall of multiple characters in an era of unbridled decadence and depravity during Hollywood's transition from silent films to sound films in the late 1920s.",tale ambition outrageous rise fall characters era unbridled transition silent films sound films late 1920s,37,15,tale ambit outrag rise fall charact era unbridl transit silent film sound film late 1920,tale ambition outrageous rise fall character era unbridled transition silent film sound film late 1920s,"[('tale', 'ADJ'), ('ambition', 'NOUN'), ('outrageous', 'ADJ'), ('rise', 'NOUN'), ('fall', 'NOUN'), ('characters', 'NOUN'), ('era', 'VERB'), ('unbridled', 'ADJ'), ('transition', 'NOUN'), ('silent', 'ADJ'), ('films', 'NOUN'), ('sound', 'ADJ'), ('films', 'NOUN'), ('late', 'ADJ'), ('1920s', 'NOUN')]"
1233413,Sinners,Sinners,2025-04-16,41.2926,7.513,5259,en,False,"Trying to leave their troubled lives behind, twin brothers return to their hometown to start again, only to discover that an even greater evil is waiting to welcome them back.",trying leave troubled lives behind twin brothers return start discover even greater evil waiting welcome,30,15,tri leav troubl live behind twin brother return start discov even greater evil wait welcom,trying leave troubled life behind twin brother return start discover even greater evil waiting welcome,"[('trying', 'VERB'), ('leave', 'VERB'), ('troubled', 'VERB'), ('lives', 'NOUN'), ('behind', 'ADP'), ('twin', 'ADJ'), ('brothers', 'NOUN'), ('return', 'VERB'), ('start', 'VERB'), ('discover', 'VERB'), ('even', 'ADV'), ('greater', 'ADJ'), ('evil', 'ADJ'), ('waiting', 'NOUN'), ('welcome', 'NOUN')]"
218,The Terminator,The Terminator,1984-10-26,38.9649,7.697,15216,en,False,"In the post-apocalyptic future, reigning tyrannical supercomputers teleport a cyborg assassin known as the ""Terminator"" back to 1984 to kill Sarah Connor, whose unborn son is destined to lead insurgents against 21st century mechanical hegemony. Meanwhile, the human-resistance movement dispatches a lone warrior to safeguard Sarah. Can he stop the virtually indestructible killing machine?",future tyrannical assassin known kill sarah connor whose son lead insurgents century meanwhile lone warrior sarah stop killing machine,54,19,futur tyrann assassin known kill sarah connor whose son lead insurg centuri meanwhil lone warrior sarah stop kill machin,future tyrannical assassin known kill sarah connor whose son lead insurgent century meanwhile lone warrior sarah stop killing machine,"[('future', 'ADJ'), ('tyrannical', 'ADJ'), ('assassin', 'NOUN'), ('known', 'VERB'), ('kill', 'VERB'), ('sarah', 'ADJ'), ('connor', 'NOUN'), ('whose', 'PRON'), ('son', 'ADJ'), ('lead', 'NOUN'), ('insurgents', 'NOUN'), ('century', 'NOUN'), ('meanwhile', 'ADV'), ('lone', 'ADJ'), ('warrior', 'ADJ'), ('sarah', 'NOUN'), ('stop', 'NOUN'), ('killing', 'NOUN'), ('machine', 'NOUN')]"
496243,Parasite,기생충,2019-05-30,36.9883,8.49,21416,ko,False,"All unemployed, Ki-taek's family takes peculiar interest in the wealthy and glamorous Parks for their livelihood until they get entangled in an unexpected incident.",takes interest wealthy get entangled unexpected incident,24,7,take interest wealthi get entangl unexpect incid,take interest wealthy get entangled unexpected incident,"[('takes', 'VERB'), ('interest', 'NOUN'), ('wealthy', 'NOUN'), ('get', 'VERB'), ('entangled', 'VERB'), ('unexpected', 'ADJ'), ('incident', 'NOUN')]"
1514682,Above & Below,Above & Below,2026-07-29,38.7332,5.976,42,en,False,A group of friends set off for an unforgettable vacation. What begins as an adventure of partying and diving quickly turns into a nightmare when they are attacked by criminals in open waters.,group friends set unforgettable vacation begins adventure partying diving quickly turns nightmare attacked criminals open waters,33,16,group friend set unforgett vacat begin adventur parti dive quickli turn nightmar attack crimin open water,group friend set unforgettable vacation begin adventure partying diving quickly turn nightmare attacked criminal open water,"[('group', 'NOUN'), ('friends', 'VERB'), ('set', 'VERB'), ('unforgettable', 'ADJ'), ('vacation', 'NOUN'), ('begins', 'VERB'), ('adventure', 'ADJ'), ('partying', 'VERB'), ('diving', 'VERB'), ('quickly', 'ADV'), ('turns', 'VERB'), ('nightmare', 'ADJ'), ('attacked', 'ADJ'), ('criminals', 'NOUN'), ('open', 'ADJ'), ('waters', 'NOUN')]"
1514682,Above & Below,Above & Below,2026-07-29,38.7332,5.976,42,en,False,A group of friends set off for an unforgettable vacation. What begins as an adventure of partying and diving quickly turns into a nightmare when they are attacked by criminals in open waters.,group friends set unforgettable vacation begins adventure partying diving quickly turns nightmare attacked criminals open waters,33,16,group friend set unforgett vacat begin adventur parti dive quickli turn nightmar attack crimin open water,group friend set unforgettable vacation begin adventure partying diving quickly turn nightmare attacked criminal open water,"[('group', 'NOUN'), ('friends', 'VERB'), ('set', 'VERB'), ('unforgettable', 'ADJ'), ('vacation', 'NOUN'), ('begins', 'VERB'), ('adventure', 'ADJ'), ('partying', 'VERB'), ('diving', 'VERB'), ('quickly', 'ADV'), ('turns', 'VERB'), ('nightmare', 'ADJ'), ('attacked', 'ADJ'), ('criminals', 'NOUN'), ('open', 'ADJ'), ('waters', 'NOUN')]"
939243,Sonic the Hedgehog 3,Sonic the Hedgehog 3,2024-12-19,37.2455,7.599,3484,en,False,"Sonic, Knuckles, and Tails reunite against a powerful new adversary, Shadow, a mysterious villain with powers unlike anything they have faced before. With their abilities outmatched in every way, Team Sonic must seek out an unlikely alliance in hopes of stopping Shadow and protecting the planet.",sonic reunite powerful adversary shadow villain powers unlike anything faced abilities every way team sonic seek unlikely alliance hopes shadow protecting planet,46,22,sonic reunit power adversari shadow villain power unlik anyth face abil everi way team sonic seek unlik allianc hope shadow protect planet,sonic reunite powerful adversary shadow villain power unlike anything faced ability every way team sonic seek unlikely alliance hope shadow protecting planet,"[('sonic', 'ADJ'), ('reunite', 'NOUN'), ('powerful', 'ADJ'), ('adversary', 'ADJ'), ('shadow', 'NOUN'), ('villain', 'NOUN'), ('powers', 'NOUN'), ('unlike', 'ADP'), ('anything', 'NOUN'), ('faced', 'ADJ'), ('abilities', 'NOUN'), ('every', 'DET'), ('way', 'NOUN'), ('team', 'NOUN'), ('sonic', 'ADJ'), ('seek', 'NOUN'), ('unlikely', 'ADJ'), ('alliance', 'NOUN'), ('hopes', 'VERB'), ('shadow', 'ADJ'), ('protecting', 'VERB'), ('planet', 'NOUN')]"
1314481,The Devil Wears Prada 2,The Devil Wears Prada 2,2026-04-29,41.0753,7.043,2395,en,False,"Andy Sachs returns to Runway as Miranda Priestly navigates a new media landscape and Runway's position within. The duo reconnect with former assistant Emily Charlton, now the head of a luxury brand that possesses funding which could ensure Runway's survival.",andy returns runway navigates media landscape runways within duo former assistant head luxury possesses could ensure runways survival,40,18,andi return runway navig media landscap runway within duo former assist head luxuri possess could ensur runway surviv,andy return runway navigates medium landscape runway within duo former assistant head luxury possesses could ensure runway survival,"[('andy', 'ADJ'), ('returns', 'NOUN'), ('runway', 'ADV'), ('navigates', 'VERB'), ('media', 'NOUN'), ('landscape', 'NOUN'), ('runways', 'NOUN'), ('within', 'ADP'), ('duo', 'NOUN'), ('former', 'ADJ'), ('assistant', 'NOUN'), ('head', 'NOUN'), ('luxury', 'NOUN'), ('possesses', 'NOUN'), ('could', 'VERB'), ('ensure', 'VERB'), ('runways', 'NOUN'), ('survival', 'VERB')]"
1439930,The Punisher: One Last Kill,The Punisher: One Last Kill,2026-05-12,37.3686,8.256,2297,en,False,"As Frank Castle searches for meaning beyond revenge, an unexpected force pulls him back into the fight.",frank castle searches beyond revenge unexpected force fight,17,8,frank castl search beyond reveng unexpect forc fight,frank castle search beyond revenge unexpected force fight,"[('frank', 'ADJ'), ('castle', 'NOUN'), ('searches', 'NOUN'), ('beyond', 'ADP'), ('revenge', 'NOUN'), ('unexpected', 'ADJ'), ('force', 'NOUN'), ('fight', 'NOUN')]"
447365,Guardians of the Galaxy Vol. 3,Guardians of the Galaxy Vol. 3,2023-05-03,37.3423,7.933,8901,en,False,"Peter Quill, still reeling from the loss of Gamora, must rally his team around him to defend the universe along with protecting one of their own. A mission that, if not completed successfully, could quite possibly lead to the end of the Guardians as we know them.",peter still loss team around defend universe along protecting mission successfully could possibly lead end guardians know,47,17,peter still loss team around defend univers along protect mission success could possibl lead end guardian know,peter still loss team around defend universe along protecting mission successfully could possibly lead end guardian know,"[('peter', 'NOUN'), ('still', 'ADV'), ('loss', 'NOUN'), ('team', 'NOUN'), ('around', 'ADP'), ('defend', 'ADJ'), ('universe', 'NOUN'), ('along', 'ADP'), ('protecting', 'VERB'), ('mission', 'NOUN'), ('successfully', 'ADV'), ('could', 'VERB'), ('possibly', 'ADV'), ('lead', 'VERB'), ('end', 'NOUN'), ('guardians', 'NOUN'), ('know', 'VERB')]"
244786,Whiplash,Whiplash,2014-10-10,39.5905,8.377,17168,en,False,"Under the direction of a ruthless instructor, a talented young drummer begins to pursue perfection at any cost, even his humanity.",ruthless talented begins cost even humanity,21,6,ruthless talent begin cost even human,ruthless talented begin cost even humanity,"[('ruthless', 'NOUN'), ('talented', 'VERB'), ('begins', 'VERB'), ('cost', 'NOUN'), ('even', 'ADV'), ('humanity', 'NOUN')]"
1726,Iron Man,Iron Man,2008-04-30,40.4861,7.666,28904,en,False,"After being held captive in an Afghan cave, billionaire engineer Tony Stark creates a unique weaponized suit of armor to fight evil.",held cave billionaire engineer tony stark creates unique fight evil,22,10,held cave billionair engin toni stark creat uniqu fight evil,held cave billionaire engineer tony stark creates unique fight evil,"[('held', 'VERB'), ('cave', 'VERB'), ('billionaire', 'NOUN'), ('engineer', 'NOUN'), ('tony', 'NOUN'), ('stark', 'NOUN'), ('creates', 'VERB'), ('unique', 'ADJ'), ('fight', 'NOUN'), ('evil', 'NOUN')]"
1341138,Spa Weekend,Spa Weekend,2026-08-20,33.2967,6.375,60,en,False,"Four lifelong friends realize that somewhere between careers, relationships, families, and everyday responsibilities, they’ve forgotten how to take care of themselves and each other. Burned out and overdue for a break, the women escape to a luxury spa retreat for an unforgettable weekend dedicated to fun, laughter, and a lot of really bad decisions.",four lifelong friends realize somewhere relationships families forgotten take care burned break women escape luxury retreat unforgettable weekend dedicated fun laughter really bad decisions,54,24,four lifelong friend realiz somewher relationship famili forgotten take care burn break women escap luxuri retreat unforgett weekend dedic fun laughter realli bad decis,four lifelong friend realize somewhere relationship family forgotten take care burned break woman escape luxury retreat unforgettable weekend dedicated fun laughter really bad decision,"[('four', 'NUM'), ('lifelong', 'ADJ'), ('friends', 'NOUN'), ('realize', 'VERB'), ('somewhere', 'ADV'), ('relationships', 'ADJ'), ('families', 'NOUN'), ('forgotten', 'VERB'), ('take', 'VERB'), ('care', 'NOUN'), ('burned', 'VERB'), ('break', 'ADJ'), ('women', 'NOUN'), ('escape', 'VERB'), ('luxury', 'NOUN'), ('retreat', 'NOUN'), ('unforgettable', 'ADJ'), ('weekend', 'NOUN'), ('dedicated', 'VERB'), ('fun', 'ADJ'), ('laughter', 'ADV'), ('really', 'ADV'), ('bad', 'ADJ'), ('decisions', 'NOUN')]"
161,Ocean's Eleven,Ocean's Eleven,2001-12-07,39.7305,7.465,12953,en,False,"Less than 24 hours into his parole, charismatic thief Danny Ocean is already rolling out his next plan: In one night, Danny's hand-picked crew of specialists will attempt to steal more than $150 million from three Las Vegas casinos. But to score the cash, Danny risks his chances of reconciling with ex-wife, Tess.",hours thief danny ocean already next plan night crew attempt steal million three las vegas score cash danny,53,18,hour thief danni ocean alreadi next plan night crew attempt steal million three la vega score cash danni,hour thief danny ocean already next plan night crew attempt steal million three la vega score cash danny,"[('hours', 'NOUN'), ('thief', 'ADJ'), ('danny', 'ADJ'), ('ocean', 'NOUN'), ('already', 'ADV'), ('next', 'ADJ'), ('plan', 'NOUN'), ('night', 'NOUN'), ('crew', 'NOUN'), ('attempt', 'NOUN'), ('steal', 'NOUN'), ('million', 'NUM'), ('three', 'NUM'), ('las', 'NOUN'), ('vegas', 'ADV'), ('score', 'VERB'), ('cash', 'NOUN'), ('danny', 'NOUN')]"
1269325,Drishyam: The Conclusion,दृश्यम्: आख़िरी हिस्सा,2026-10-02,36.2965,10.0,1,hi,False,"Years after outsmarting the police, Vijay Salgaonkar's past resurfaces when a new evidence threatens to expose his secret. As the investigation reopens, he must outwit the system once again to save his family.",years police past resurfaces threatens expose secret outwit system save,33,10,year polic past resurfac threaten expos secret outwit system save,year police past resurfaces threatens expose secret outwit system save,"[('years', 'NOUN'), ('police', 'VERB'), ('past', 'ADJ'), ('resurfaces', 'NOUN'), ('threatens', 'VERB'), ('expose', 'ADJ'), ('secret', 'ADJ'), ('outwit', 'NOUN'), ('system', 'NOUN'), ('save', 'VERB')]"
385687,Fast X,Fast X,2023-05-17,37.274,6.976,6530,en,False,"Over many missions and against impossible odds, Dom Toretto and his family have outsmarted, out-nerved and outdriven every foe in their path. Now, they confront the most lethal opponent they've ever faced: A terrifying threat emerging from the shadows of the past who's fueled by blood revenge, and who is determined to shatter this family and destroy everything—and everyone—that Dom loves, forever.",many impossible odds dom every foe path confront lethal theyve ever faced terrifying threat emerging shadows past whos fueled blood revenge determined destroy dom loves forever,62,26,mani imposs odd dom everi foe path confront lethal theyv ever face terrifi threat emerg shadow past who fuel blood reveng determin destroy dom love forev,many impossible odds dom every foe path confront lethal theyve ever faced terrifying threat emerging shadow past who fueled blood revenge determined destroy dom love forever,"[('many', 'ADJ'), ('impossible', 'ADJ'), ('odds', 'NOUN'), ('dom', 'NOUN'), ('every', 'DET'), ('foe', 'ADJ'), ('path', 'NOUN'), ('confront', 'NOUN'), ('lethal', 'ADJ'), ('theyve', 'NOUN'), ('ever', 'ADV'), ('faced', 'VERB'), ('terrifying', 'VERB'), ('threat', 'NOUN'), ('emerging', 'VERB'), ('shadows', 'NOUN'), ('past', 'ADP'), ('whos', 'NOUN'), ('fueled', 'VERB'), ('blood', 'NOUN'), ('revenge', 'NOUN'), ('determined', 'VERB'), ('destroy', 'ADJ'), ('dom', 'NOUN'), ('loves', 'NOUN'), ('forever', 'ADV')]"
497,The Green Mile,The Green Mile,1999-12-10,41.0144,8.505,19896,en,False,"A supernatural tale set on death row in a Southern prison, where gentle giant John Coffey possesses the mysterious power to heal people's ailments. When the cell block's head guard, Paul Edgecomb, recognizes Coffey's miraculous gift, he tries desperately to help stave off the condemned man's execution.",supernatural tale set death southern prison gentle giant john possesses power head guard paul miraculous gift tries desperately help mans execution,47,21,supernatur tale set death southern prison gentl giant john possess power head guard paul miracul gift tri desper help man execut,supernatural tale set death southern prison gentle giant john possesses power head guard paul miraculous gift try desperately help man execution,"[('supernatural', 'ADJ'), ('tale', 'NOUN'), ('set', 'VERB'), ('death', 'NOUN'), ('southern', 'ADJ'), ('prison', 'NOUN'), ('gentle', 'NOUN'), ('giant', 'NOUN'), ('john', 'NOUN'), ('possesses', 'VERB'), ('power', 'NOUN'), ('head', 'NOUN'), ('guard', 'NOUN'), ('paul', 'NOUN'), ('miraculous', 'ADJ'), ('gift', 'NOUN'), ('tries', 'NOUN'), ('desperately', 'ADV'), ('help', 'VERB'), ('mans', 'NOUN'), ('execution', 'NOUN')]"
1265609,War Machine,War Machine,2026-02-12,37.0543,7.506,2554,en,False,"On one last grueling mission during Army Ranger training, a combat engineer must lead his unit in a fight against a giant otherworldly killing machine.",last grueling mission army ranger training combat engineer lead unit fight giant killing machine,25,14,last gruel mission armi ranger train combat engin lead unit fight giant kill machin,last grueling mission army ranger training combat engineer lead unit fight giant killing machine,"[('last', 'ADJ'), ('grueling', 'ADJ'), ('mission', 'NOUN'), ('army', 'NOUN'), ('ranger', 'NOUN'), ('training', 'VERB'), ('combat', 'NOUN'), ('engineer', 'X'), ('lead', 'ADJ'), ('unit', 'NOUN'), ('fight', 'VERB'), ('giant', 'ADJ'), ('killing', 'NOUN'), ('machine', 'NOUN')]"
1193824,Rabbit Trap,Rabbit Trap,2025-09-12,32.7285,5.685,46,en,False,"When a musician and her husband move to a remote house in Wales, the music they make disturbs local ancient folk magic, bringing a nameless child to their door intent on infiltrating their lives.",musician husband move remote house music make disturbs local ancient magic bringing child door intent infiltrating lives,34,17,musician husband move remot hous music make disturb local ancient magic bring child door intent infiltr live,musician husband move remote house music make disturbs local ancient magic bringing child door intent infiltrating life,"[('musician', 'ADJ'), ('husband', 'NOUN'), ('move', 'NOUN'), ('remote', 'NOUN'), ('house', 'NOUN'), ('music', 'NOUN'), ('make', 'VERB'), ('disturbs', 'ADJ'), ('local', 'ADJ'), ('ancient', 'NOUN'), ('magic', 'NOUN'), ('bringing', 'VERB'), ('child', 'ADJ'), ('door', 'ADJ'), ('intent', 'NOUN'), ('infiltrating', 'VERB'), ('lives', 'NOUN')]"
575265,Mission: Impossible - The Final Reckoning,Mission: Impossible - The Final Reckoning,2025-05-17,38.6267,7.171,3203,en,False,"Ethan Hunt and team continue their search for the terrifying AI known as the Entity — which has infiltrated intelligence networks all over the globe — with the world's governments and a mysterious ghost from Hunt's past on their trail. Joined by new allies and armed with the means to shut the Entity down for good, Hunt is in a race against time to prevent the world as we know it from changing forever.",ethan hunt team continue search terrifying ai known entity — globe — worlds governments hunts past trail joined allies armed means shut entity good hunt race time prevent know changing forever,74,31,ethan hunt team continu search terrifi ai known entiti — globe — world govern hunt past trail join alli arm mean shut entiti good hunt race time prevent know chang forev,ethan hunt team continue search terrifying ai known entity — globe — world government hunt past trail joined ally armed mean shut entity good hunt race time prevent know changing forever,"[('ethan', 'NOUN'), ('hunt', 'NOUN'), ('team', 'NOUN'), ('continue', 'VERB'), ('search', 'NOUN'), ('terrifying', 'NOUN'), ('ai', 'NOUN'), ('known', 'VERB'), ('entity', 'NOUN'), ('—', 'NOUN'), ('globe', 'NOUN'), ('—', 'NOUN'), ('worlds', 'VERB'), ('governments', 'NOUN'), ('hunts', 'NOUN'), ('past', 'ADP'), ('trail', 'NOUN'), ('joined', 'VERB'), ('allies', 'NOUN'), ('armed', 'VERB'), ('means', 'NOUN'), ('shut', 'ADJ'), ('entity', 'NOUN'), ('good', 'ADJ'), ('hunt', 'NOUN'), ('race', 'NOUN'), ('time', 'NOUN'), ('prevent', 'NOUN'), ('know', 'VERB'), ('changing', 'VERB'), ('forever', 'NOUN')]"
803796,KPop Demon Hunters,KPop Demon Hunters,2025-06-20,39.2361,7.991,3251,en,False,"When K-pop superstars Rumi, Mira and Zoey aren't selling out stadiums, they're using their secret powers to protect their fans from supernatural threats.",arent theyre using secret powers protect supernatural threats,23,8,arent theyr use secret power protect supernatur threat,arent theyre using secret power protect supernatural threat,"[('arent', 'NOUN'), ('theyre', 'NOUN'), ('using', 'VERB'), ('secret', 'ADJ'), ('powers', 'NOUN'), ('protect', 'VERB'), ('supernatural', 'ADJ'), ('threats', 'NOUN')]"
39254,Real Steel,Real Steel,2011-09-28,39.4099,7.152,9606,en,False,"Charlie Kenton is a washed-up fighter who retired from the ring when robots took over the sport. After his robot is trashed, he reluctantly teams up with his estranged son to rebuild and train an unlikely contender.",washedup fighter retired ring robots took sport robot reluctantly teams estranged son rebuild train unlikely,37,15,washedup fighter retir ring robot took sport robot reluctantli team estrang son rebuild train unlik,washedup fighter retired ring robot took sport robot reluctantly team estranged son rebuild train unlikely,"[('washedup', 'NOUN'), ('fighter', 'NOUN'), ('retired', 'VERB'), ('ring', 'VERB'), ('robots', 'NOUN'), ('took', 'VERB'), ('sport', 'NOUN'), ('robot', 'NOUN'), ('reluctantly', 'ADV'), ('teams', 'NOUN'), ('estranged', 'VERB'), ('son', 'NOUN'), ('rebuild', 'NOUN'), ('train', 'NOUN'), ('unlikely', 'ADJ')]"
1514026,Buddy,Buddy,2026-08-27,36.9239,7.9,70,en,False,"A magical, singing orange unicorn holds his cast hostage in a surreal TV-show dimension, as he becomes more and more demented.",magical unicorn holds cast hostage dimension becomes,21,7,magic unicorn hold cast hostag dimens becom,magical unicorn hold cast hostage dimension becomes,"[('magical', 'ADJ'), ('unicorn', 'ADJ'), ('holds', 'VERB'), ('cast', 'ADJ'), ('hostage', 'NOUN'), ('dimension', 'NOUN'), ('becomes', 'NOUN')]"
126889,Alien: Covenant,Alien: Covenant,2017-05-09,33.3247,6.19,9715,en,False,"The crew of the colony ship Covenant, bound for a remote planet on the far side of the galaxy, discovers what they think is an uncharted paradise but is actually a dark, dangerous world.",crew ship covenant bound remote planet far side galaxy discovers think paradise actually dark dangerous,34,15,crew ship coven bound remot planet far side galaxi discov think paradis actual dark danger,crew ship covenant bound remote planet far side galaxy discovers think paradise actually dark dangerous,"[('crew', 'NOUN'), ('ship', 'NOUN'), ('covenant', 'NOUN'), ('bound', 'ADP'), ('remote', 'ADJ'), ('planet', 'NOUN'), ('far', 'ADV'), ('side', 'ADJ'), ('galaxy', 'ADJ'), ('discovers', 'NOUN'), ('think', 'VERB'), ('paradise', 'VERB'), ('actually', 'ADV'), ('dark', 'ADJ'), ('dangerous', 'ADJ')]"
986056,Thunderbolts*,Thunderbolts*,2025-04-30,36.56,7.296,4124,en,False,"After finding themselves ensnared in a death trap, seven disillusioned castoffs must embark on a dangerous mission that will force them to confront the darkest corners of their pasts.",finding ensnared death seven disillusioned embark dangerous mission force confront darkest,29,11,find ensnar death seven disillus embark danger mission forc confront darkest,finding ensnared death seven disillusioned embark dangerous mission force confront darkest,"[('finding', 'VERB'), ('ensnared', 'VERB'), ('death', 'NOUN'), ('seven', 'NUM'), ('disillusioned', 'VERB'), ('embark', 'ADV'), ('dangerous', 'ADJ'), ('mission', 'NOUN'), ('force', 'NOUN'), ('confront', 'NOUN'), ('darkest', 'NOUN')]"
73723,The Lorax,The Lorax,2012-03-01,35.3397,6.54,4000,en,False,"A 12-year-old boy searches for the one thing that will enable him to win the affection of the girl of his dreams. To find it he must discover the story of the Lorax, the grumpy yet charming creature who fights to protect his world.",12yearold boy searches thing win girl dreams find discover story yet charming creature fights protect,44,15,12yearold boy search thing win girl dream find discov stori yet charm creatur fight protect,12yearold boy search thing win girl dream find discover story yet charming creature fight protect,"[('12yearold', 'NUM'), ('boy', 'ADJ'), ('searches', 'NOUN'), ('thing', 'NOUN'), ('win', 'VERB'), ('girl', 'ADJ'), ('dreams', 'NOUN'), ('find', 'VERB'), ('discover', 'ADJ'), ('story', 'NOUN'), ('yet', 'ADV'), ('charming', 'VERB'), ('creature', 'NOUN'), ('fights', 'NOUN'), ('protect', 'VERB')]"
101,Léon: The Professional,Léon,1994-09-14,37.4262,8.289,16592,fr,False,"Léon, the top hit man in New York, has earned a rep as an effective ""cleaner"". But when his next-door neighbors are wiped out by a loose-cannon DEA agent, he becomes the unwilling custodian of 12-year-old Mathilda. Before long, Mathilda's thoughts turn to revenge, and she considers following in Léon's footsteps.",top hit man york effective cleaner neighbors loosecannon agent becomes unwilling 12yearold long turn revenge following footsteps,51,17,top hit man york effect cleaner neighbor loosecannon agent becom unwil 12yearold long turn reveng follow footstep,top hit man york effective cleaner neighbor loosecannon agent becomes unwilling 12yearold long turn revenge following footstep,"[('top', 'ADJ'), ('hit', 'NOUN'), ('man', 'NOUN'), ('york', 'NOUN'), ('effective', 'ADJ'), ('cleaner', 'NOUN'), ('neighbors', 'NOUN'), ('loosecannon', 'VERB'), ('agent', 'ADJ'), ('becomes', 'NOUN'), ('unwilling', 'ADJ'), ('12yearold', 'NUM'), ('long', 'ADJ'), ('turn', 'NOUN'), ('revenge', 'NOUN'), ('following', 'VERB'), ('footsteps', 'NOUN')]"
862,Toy Story,Toy Story,1995-11-22,38.4428,7.99,20609,en,False,"Led by Woody, Andy's toys live happily in his room until Andy's birthday brings Buzz Lightyear onto the scene. Afraid of losing his place in Andy's heart, Woody plots against Buzz. But when circumstances separate Buzz and Woody from their owner, the duo eventually learns to put aside their differences.",led woody andys toys live happily room andys birthday brings buzz lightyear onto losing place andys heart woody plots buzz separate buzz woody owner duo eventually learns put differences,50,29,led woodi andi toy live happili room andi birthday bring buzz lightyear onto lose place andi heart woodi plot buzz separ buzz woodi owner duo eventu learn put differ,led woody andys toy live happily room andys birthday brings buzz lightyear onto losing place andys heart woody plot buzz separate buzz woody owner duo eventually learns put difference,"[('led', 'VERB'), ('woody', 'NOUN'), ('andys', 'ADJ'), ('toys', 'VERB'), ('live', 'ADJ'), ('happily', 'ADV'), ('room', 'NOUN'), ('andys', 'ADJ'), ('birthday', 'ADJ'), ('brings', 'NOUN'), ('buzz', 'VERB'), ('lightyear', 'ADJ'), ('onto', 'ADP'), ('losing', 'VERB'), ('place', 'NOUN'), ('andys', 'ADJ'), ('heart', 'NOUN'), ('woody', 'NOUN'), ('plots', 'NOUN'), ('buzz', 'VERB'), ('separate', 'ADJ'), ('buzz', 'NOUN'), ('woody', 'NOUN'), ('owner', 'NOUN'), ('duo', 'NOUN'), ('eventually', 'ADV'), ('learns', 'VERB'), ('put', 'NOUN'), ('differences', 'NOUN')]"
1284046,Onslaught,Onslaught,2026-09-02,35.5051,5.8,31,en,False,"When a rogue squad of genetically engineered super soldiers break loose in the desert, a badass Army sniper must unleash hell to protect her young daughter.",rogue squad genetically super soldiers break loose desert army sniper unleash hell protect daughter,26,14,rogu squad genet super soldier break loos desert armi sniper unleash hell protect daughter,rogue squad genetically super soldier break loose desert army sniper unleash hell protect daughter,"[('rogue', 'NOUN'), ('squad', 'NOUN'), ('genetically', 'ADV'), ('super', 'ADJ'), ('soldiers', 'NOUN'), ('break', 'VERB'), ('loose', 'ADJ'), ('desert', 'ADJ'), ('army', 'NOUN'), ('sniper', 'NOUN'), ('unleash', 'NOUN'), ('hell', 'NOUN'), ('protect', 'VERB'), ('daughter', 'NOUN')]"
12445,Harry Potter and the Deathly Hallows: Part 2,Harry Potter and the Deathly Hallows: Part 2,2011-07-12,36.5652,8.08,22516,en,False,"Harry, Ron and Hermione continue their quest to vanquish the evil Voldemort once and for all. Just as things begin to look hopeless for the young wizards, Harry discovers a trio of magical objects that endow him with powers to rival Voldemort's formidable skills.",harry ron hermione continue quest evil voldemort things begin look hopeless harry discovers trio magical powers rival voldemorts formidable skills,44,20,harri ron hermion continu quest evil voldemort thing begin look hopeless harri discov trio magic power rival voldemort formid skill,harry ron hermione continue quest evil voldemort thing begin look hopeless harry discovers trio magical power rival voldemorts formidable skill,"[('harry', 'NOUN'), ('ron', 'VERB'), ('hermione', 'NOUN'), ('continue', 'NOUN'), ('quest', 'ADJ'), ('evil', 'ADJ'), ('voldemort', 'NOUN'), ('things', 'NOUN'), ('begin', 'VERB'), ('look', 'VERB'), ('hopeless', 'ADJ'), ('harry', 'NOUN'), ('discovers', 'NOUN'), ('trio', 'VERB'), ('magical', 'ADJ'), ('powers', 'NOUN'), ('rival', 'ADJ'), ('voldemorts', 'NOUN'), ('formidable', 'ADJ'), ('skills', 'NOUN')]"
1297842,GOAT,GOAT,2026-02-11,37.2772,8.052,1109,en,False,"A small goat with big dreams gets a once-in-a-lifetime shot to join the pros and play roarball, a high-intensity, co-ed, full-contact sport dominated by the fastest, fiercest animals in the world.",small big dreams gets shot join pros play sport dominated fastest animals,31,12,small big dream get shot join pro play sport domin fastest anim,small big dream get shot join pro play sport dominated fastest animal,"[('small', 'ADJ'), ('big', 'ADJ'), ('dreams', 'NOUN'), ('gets', 'VERB'), ('shot', 'ADJ'), ('join', 'NOUN'), ('pros', 'NOUN'), ('play', 'VERB'), ('sport', 'ADV'), ('dominated', 'VERB'), ('fastest', 'ADJ'), ('animals', 'NOUN')]"
860508,The Whisper Man,The Whisper Man,2026-08-27,35.591,6.877,847,en,False,"When his young son vanishes, a widower enlists help from his estranged father, a retired detective who put away the serial killer now linked to the case.",son enlists help estranged father retired detective put away serial killer linked case,27,13,son enlist help estrang father retir detect put away serial killer link case,son enlists help estranged father retired detective put away serial killer linked case,"[('son', 'NOUN'), ('enlists', 'VERB'), ('help', 'VERB'), ('estranged', 'VERB'), ('father', 'ADV'), ('retired', 'ADJ'), ('detective', 'ADJ'), ('put', 'VERB'), ('away', 'PRT'), ('serial', 'ADJ'), ('killer', 'NOUN'), ('linked', 'VERB'), ('case', 'NOUN')]"
10588,The Cat in the Hat,The Cat in the Hat,2003-11-21,36.1462,5.385,1906,en,False,"During a rainy day, and while their mother is out, Conrad and Sally, and their pet fish, are visited by the mischievous Cat in the Hat. Fun soon turns to mayhem, and the siblings must figure out how to rid themselves of the maniacal Cat.",day mother sally fish mischievous cat fun soon turns mayhem figure cat,45,12,day mother salli fish mischiev cat fun soon turn mayhem figur cat,day mother sally fish mischievous cat fun soon turn mayhem figure cat,"[('day', 'NOUN'), ('mother', 'PRON'), ('sally', 'ADV'), ('fish', 'VERB'), ('mischievous', 'ADJ'), ('cat', 'NOUN'), ('fun', 'NOUN'), ('soon', 'ADV'), ('turns', 'VERB'), ('mayhem', 'ADJ'), ('figure', 'NOUN'), ('cat', 'NOUN')]"
350,The Devil Wears Prada,The Devil Wears Prada,2006-06-29,37.5242,7.4,14285,en,False,"A young woman from the Midwest gets more than she bargained for when she moves to New York to become a writer and ends up as the assistant to the tyrannical, larger-than-life editor-in-chief of a major fashion magazine.",woman gets moves york become ends assistant tyrannical major,38,9,woman get move york becom end assist tyrann major,woman get move york become end assistant tyrannical major,"[('woman', 'NOUN'), ('gets', 'VERB'), ('moves', 'VERB'), ('york', 'NOUN'), ('become', 'ADJ'), ('ends', 'NOUN'), ('assistant', 'ADJ'), ('tyrannical', 'ADJ'), ('major', 'ADJ')]"
675,Harry Potter and the Order of the Phoenix,Harry Potter and the Order of the Phoenix,2007-07-08,37.5364,7.7,21287,en,False,"When a new professor's methods leave Hogwarts unprepared to fight the rising tide of evil, Harry teaches students how to defend against the dark arts.",leave hogwarts fight rising tide evil harry students defend dark arts,25,11,leav hogwart fight rise tide evil harri student defend dark art,leave hogwarts fight rising tide evil harry student defend dark art,"[('leave', 'VERB'), ('hogwarts', 'NOUN'), ('fight', 'VERB'), ('rising', 'VERB'), ('tide', 'ADV'), ('evil', 'ADJ'), ('harry', 'NOUN'), ('students', 'NOUN'), ('defend', 'VERB'), ('dark', 'ADJ'), ('arts', 'NOUN')]"
12,Finding Nemo,Finding Nemo,2003-05-30,37.211,7.822,21042,en,False,"Nemo, an adventurous young clownfish, is unexpectedly taken from his Great Barrier Reef home to a dentist's office aquarium. It's up to his worrisome father Marlin and a friendly but forgetful fish Dory to bring Nemo home -- meeting vegetarian sharks, surfer dude turtles, hypnotic jellyfish, hungry seagulls, and more along the way.",nemo unexpectedly taken great reef home father friendly fish bring nemo home meeting sharks surfer hypnotic along way,53,18,nemo unexpectedli taken great reef home father friendli fish bring nemo home meet shark surfer hypnot along way,nemo unexpectedly taken great reef home father friendly fish bring nemo home meeting shark surfer hypnotic along way,"[('nemo', 'NOUN'), ('unexpectedly', 'ADV'), ('taken', 'VERB'), ('great', 'ADJ'), ('reef', 'NOUN'), ('home', 'NOUN'), ('father', 'NOUN'), ('friendly', 'ADJ'), ('fish', 'ADJ'), ('bring', 'NOUN'), ('nemo', 'NOUN'), ('home', 'NOUN'), ('meeting', 'NOUN'), ('sharks', 'NOUN'), ('surfer', 'VERB'), ('hypnotic', 'ADJ'), ('along', 'ADP'), ('way', 'NOUN')]"
976912,Graphic Desires,Graphic Desires,2023-08-31,35.3134,6.88,158,en,False,"When reclusive Franklin cheats on his partner with a mysterious girl he meets on a dating app, it becomes the start of a deadly obsession.",reclusive partner girl meets becomes start deadly obsession,25,8,reclus partner girl meet becom start deadli obsess,reclusive partner girl meet becomes start deadly obsession,"[('reclusive', 'ADJ'), ('partner', 'NOUN'), ('girl', 'ADJ'), ('meets', 'NOUN'), ('becomes', 'VERB'), ('start', 'VERB'), ('deadly', 'ADJ'), ('obsession', 'NOUN')]"
617126,The Fantastic 4: First Steps,The Fantastic 4: First Steps,2025-07-23,39.7567,6.94,3949,en,False,"Against the vibrant backdrop of a 1960s-inspired, retro-futuristic world, Marvel's First Family is forced to balance their roles as heroes with the strength of their family bond, while defending Earth from a ravenous space god called Galactus and his enigmatic Herald, Silver Surfer.",first forced balance roles heroes strength bond earth space god called enigmatic surfer,43,13,first forc balanc role hero strength bond earth space god call enigmat surfer,first forced balance role hero strength bond earth space god called enigmatic surfer,"[('first', 'ADV'), ('forced', 'VERB'), ('balance', 'NOUN'), ('roles', 'NOUN'), ('heroes', 'NOUN'), ('strength', 'NOUN'), ('bond', 'NOUN'), ('earth', 'NOUN'), ('space', 'NOUN'), ('god', 'NOUN'), ('called', 'VERB'), ('enigmatic', 'ADJ'), ('surfer', 'NOUN')]"
1433583,The Weight,The Weight,2026-09-16,34.0674,6.9,35,pt,False,"When Samuel is torn from his daughter and sent to a brutal prison, Warden Clancy offers him a high-stakes proposition: smuggle gold out of a remote mine with a dangerous crew of prisoners and he’ll win his freedom.",torn daughter sent brutal prison warden offers highstakes gold remote dangerous crew win freedom,38,14,torn daughter sent brutal prison warden offer highstak gold remot danger crew win freedom,torn daughter sent brutal prison warden offer highstakes gold remote dangerous crew win freedom,"[('torn', 'ADJ'), ('daughter', 'NOUN'), ('sent', 'VERB'), ('brutal', 'ADJ'), ('prison', 'NOUN'), ('warden', 'NOUN'), ('offers', 'NOUN'), ('highstakes', 'NOUN'), ('gold', 'VERB'), ('remote', 'VERB'), ('dangerous', 'ADJ'), ('crew', 'NOUN'), ('win', 'NOUN'), ('freedom', 'NOUN')]"
49026,The Dark Knight Rises,The Dark Knight Rises,2012-07-17,40.0599,7.798,25052,en,False,"Following the death of District Attorney Harvey Dent, Batman assumes responsibility for Dent's crimes to protect the late attorney's reputation and is subsequently hunted by the Gotham City Police Department. Eight years later, Batman encounters the mysterious Selina Kyle and the villainous Bane, a new terrorist leader who overwhelms Gotham's finest. The Dark Knight resurfaces to protect a city that has branded him an enemy.",following death district attorney harvey dent batman assumes crimes protect late hunted gotham city police eight years later batman encounters villainous bane terrorist leader finest dark resurfaces protect city enemy,65,30,follow death district attorney harvey dent batman assum crime protect late hunt gotham citi polic eight year later batman encount villain bane terrorist leader finest dark resurfac protect citi enemi,following death district attorney harvey dent batman assumes crime protect late hunted gotham city police eight year later batman encounter villainous bane terrorist leader finest dark resurfaces protect city enemy,"[('following', 'VERB'), ('death', 'NOUN'), ('district', 'NOUN'), ('attorney', 'NOUN'), ('harvey', 'NOUN'), ('dent', 'NOUN'), ('batman', 'NOUN'), ('assumes', 'VERB'), ('crimes', 'NOUN'), ('protect', 'VERB'), ('late', 'ADV'), ('hunted', 'VERB'), ('gotham', 'ADJ'), ('city', 'NOUN'), ('police', 'NOUN'), ('eight', 'NUM'), ('years', 'NOUN'), ('later', 'ADV'), ('batman', 'VERB'), ('encounters', 'NOUN'), ('villainous', 'ADJ'), ('bane', 'ADJ'), ('terrorist', 'ADJ'), ('leader', 'NOUN'), ('finest', 'ADJ'), ('dark', 'NOUN'), ('resurfaces', 'NOUN'), ('protect', 'VERB'), ('city', 'NOUN'), ('enemy', 'NOUN')]"
98,Gladiator,Gladiator,2000-05-04,34.9061,8.231,21596,en,False,"After the death of Emperor Marcus Aurelius, his devious son takes power and demotes Maximus, one of Rome's most capable generals who Marcus preferred. Eventually, Maximus is forced to become a gladiator and battle to the death against other men for the amusement of paying audiences.",death emperor marcus son takes power maximus capable marcus eventually maximus forced become battle death men audiences,46,17,death emperor marcu son take power maximu capabl marcu eventu maximu forc becom battl death men audienc,death emperor marcus son take power maximus capable marcus eventually maximus forced become battle death men audience,"[('death', 'NOUN'), ('emperor', 'NOUN'), ('marcus', 'NOUN'), ('son', 'NOUN'), ('takes', 'VERB'), ('power', 'NOUN'), ('maximus', 'NOUN'), ('capable', 'ADJ'), ('marcus', 'NOUN'), ('eventually', 'ADV'), ('maximus', 'ADV'), ('forced', 'VERB'), ('become', 'ADJ'), ('battle', 'NOUN'), ('death', 'NOUN'), ('men', 'NOUN'), ('audiences', 'NOUN')]"
13,Forrest Gump,Forrest Gump,1994-06-23,36.6933,8.461,30577,en,False,"A man with a low IQ has accomplished great things in his life and been present during significant historic events—in each case, far exceeding what anyone imagined he could do. But despite all he has achieved, his one true love eludes him.",man low accomplished great things present case far anyone imagined could despite true love eludes,42,15,man low accomplish great thing present case far anyon imagin could despit true love elud,man low accomplished great thing present case far anyone imagined could despite true love eludes,"[('man', 'NOUN'), ('low', 'ADJ'), ('accomplished', 'VERB'), ('great', 'ADJ'), ('things', 'NOUN'), ('present', 'ADJ'), ('case', 'NOUN'), ('far', 'ADV'), ('anyone', 'NOUN'), ('imagined', 'VERB'), ('could', 'VERB'), ('despite', 'ADP'), ('true', 'ADJ'), ('love', 'NOUN'), ('eludes', 'NOUN')]"
11770,Shaolin Soccer,少林足球,2001-07-05,34.0207,7.2,2672,cn,False,A young Shaolin follower reunites with his discouraged brothers to form a soccer team using their martial art skills to their advantage.,shaolin follower reunites discouraged brothers form soccer team using martial art skills advantage,22,13,shaolin follow reunit discourag brother form soccer team use martial art skill advantag,shaolin follower reunites discouraged brother form soccer team using martial art skill advantage,"[('shaolin', 'NOUN'), ('follower', 'NOUN'), ('reunites', 'NOUN'), ('discouraged', 'VERB'), ('brothers', 'NOUN'), ('form', 'ADJ'), ('soccer', 'NOUN'), ('team', 'NOUN'), ('using', 'VERB'), ('martial', 'ADJ'), ('art', 'NOUN'), ('skills', 'NOUN'), ('advantage', 'NOUN')]"
808,Shrek,Shrek,2001-05-18,34.8922,7.78,19385,en,False,"It ain't easy bein' green -- especially if you're a likable (albeit smelly) ogre named Shrek. On a mission to retrieve a gorgeous princess from the clutches of a fire-breathing dragon, Shrek teams up with an unlikely compatriot -- a wisecracking donkey.",green ogre named shrek mission gorgeous princess dragon shrek teams unlikely wisecracking donkey,42,13,green ogr name shrek mission gorgeou princess dragon shrek team unlik wisecrack donkey,green ogre named shrek mission gorgeous princess dragon shrek team unlikely wisecracking donkey,"[('green', 'ADJ'), ('ogre', 'NOUN'), ('named', 'VERB'), ('shrek', 'ADJ'), ('mission', 'NOUN'), ('gorgeous', 'ADJ'), ('princess', 'NOUN'), ('dragon', 'NOUN'), ('shrek', 'NOUN'), ('teams', 'NOUN'), ('unlikely', 'ADJ'), ('wisecracking', 'VERB'), ('donkey', 'NOUN')]"
1110034,Kraken,Kraken,2026-02-06,35.2207,6.243,341,no,False,"A marine biologist is doing research on a fish farm when she encounters several strange occurrences. Along with the brutal deaths of two teenagers, all signs point to the deep fjord; can there be more to the depths than the eye can see?",marine research fish farm encounters several strange along brutal deaths teenagers signs point deep depths eye see,43,17,marin research fish farm encount sever strang along brutal death teenag sign point deep depth eye see,marine research fish farm encounter several strange along brutal death teenager sign point deep depth eye see,"[('marine', 'ADJ'), ('research', 'NOUN'), ('fish', 'ADJ'), ('farm', 'NOUN'), ('encounters', 'NOUN'), ('several', 'ADJ'), ('strange', 'ADJ'), ('along', 'ADP'), ('brutal', 'ADJ'), ('deaths', 'NOUN'), ('teenagers', 'NOUN'), ('signs', 'NOUN'), ('point', 'VERB'), ('deep', 'ADJ'), ('depths', 'NOUN'), ('eye', 'NOUN'), ('see', 'VERB')]"
1122573,In the Grey,In the Grey,2026-05-13,35.3162,7.572,1074,en,False,"A covert team of elite operatives are living in the shadows. When a ruthless despot steals a billion-dollar fortune, they're sent to take it back—an impossible heist that erupts into a deadly game of strategy, deception and survival.",covert team elite operatives living shadows ruthless despot theyre sent take impossible heist deadly game survival,38,16,covert team elit oper live shadow ruthless despot theyr sent take imposs heist deadli game surviv,covert team elite operative living shadow ruthless despot theyre sent take impossible heist deadly game survival,"[('covert', 'ADJ'), ('team', 'NOUN'), ('elite', 'NOUN'), ('operatives', 'VERB'), ('living', 'VERB'), ('shadows', 'NOUN'), ('ruthless', 'ADJ'), ('despot', 'NOUN'), ('theyre', 'NOUN'), ('sent', 'VERB'), ('take', 'VERB'), ('impossible', 'ADJ'), ('heist', 'NOUN'), ('deadly', 'ADJ'), ('game', 'NOUN'), ('survival', 'NOUN')]"
9426,The Fly,The Fly,1986-08-15,29.073,7.448,5174,en,False,"When brilliant, eccentric scientist Seth Brundle makes a huge technological breakthrough in teleportation, he decides to test it on himself. Unbeknownst to him, a common housefly manages to get inside the device and the two become one.",brilliant eccentric scientist makes decides test unbeknownst manages get inside become,37,11,brilliant eccentr scientist make decid test unbeknownst manag get insid becom,brilliant eccentric scientist make decides test unbeknownst manages get inside become,"[('brilliant', 'ADJ'), ('eccentric', 'ADJ'), ('scientist', 'NOUN'), ('makes', 'VERB'), ('decides', 'NOUN'), ('test', 'NOUN'), ('unbeknownst', 'NOUN'), ('manages', 'VERB'), ('get', 'VERB'), ('inside', 'ADP'), ('become', 'NOUN')]"
767,Harry Potter and the Half-Blood Prince,Harry Potter and the Half-Blood Prince,2009-07-15,35.1614,7.682,21249,en,False,Dumbledore tries to prepare Harry for the final battle with Voldemort while Death Eaters wreak havoc in both Muggle and Wizard worlds.,dumbledore tries prepare harry final battle voldemort death eaters havoc wizard worlds,22,12,dumbledor tri prepar harri final battl voldemort death eater havoc wizard world,dumbledore try prepare harry final battle voldemort death eater havoc wizard world,"[('dumbledore', 'NOUN'), ('tries', 'NOUN'), ('prepare', 'VERB'), ('harry', 'ADJ'), ('final', 'ADJ'), ('battle', 'NOUN'), ('voldemort', 'NOUN'), ('death', 'NOUN'), ('eaters', 'NOUN'), ('havoc', 'VERB'), ('wizard', 'NOUN'), ('worlds', 'NOUN')]"
539972,Kraven the Hunter,Kraven the Hunter,2024-12-11,31.9818,6.411,2529,en,False,"Kraven Kravinoff's complex relationship with his ruthless gangster father, Nikolai, starts him down a path of vengeance with brutal consequences, motivating him to become not only the greatest hunter in the world, but also one of its most feared.",relationship ruthless father starts path vengeance brutal consequences become greatest hunter also feared,39,13,relationship ruthless father start path vengeanc brutal consequ becom greatest hunter also fear,relationship ruthless father start path vengeance brutal consequence become greatest hunter also feared,"[('relationship', 'NOUN'), ('ruthless', 'NOUN'), ('father', 'NOUN'), ('starts', 'VERB'), ('path', 'NOUN'), ('vengeance', 'NOUN'), ('brutal', 'ADJ'), ('consequences', 'NOUN'), ('become', 'VERB'), ('greatest', 'ADJ'), ('hunter', 'NOUN'), ('also', 'ADV'), ('feared', 'VERB')]"
950387,A Minecraft Movie,A Minecraft Movie,2025-03-31,33.459,6.214,3332,en,False,"Four misfits find themselves struggling with ordinary problems when they are suddenly pulled through a mysterious portal into the Overworld: a bizarre, cubic wonderland that thrives on imagination. To get back home, they'll have to master this world while embarking on a magical quest with an unexpected, expert crafter, Steve.",four misfits find struggling ordinary problems suddenly pulled portal bizarre get home master magical quest unexpected expert,50,17,four misfit find struggl ordinari problem suddenli pull portal bizarr get home master magic quest unexpect expert,four misfit find struggling ordinary problem suddenly pulled portal bizarre get home master magical quest unexpected expert,"[('four', 'NUM'), ('misfits', 'NOUN'), ('find', 'VERB'), ('struggling', 'VERB'), ('ordinary', 'ADJ'), ('problems', 'NOUN'), ('suddenly', 'ADV'), ('pulled', 'VERB'), ('portal', 'ADJ'), ('bizarre', 'ADJ'), ('get', 'NOUN'), ('home', 'NOUN'), ('master', 'NOUN'), ('magical', 'ADJ'), ('quest', 'NOUN'), ('unexpected', 'VERB'), ('expert', 'NOUN')]"
19995,Avatar,Avatar,2009-12-16,35.7474,7.61,34768,en,False,"In the 22nd century, a paraplegic Marine is dispatched to the moon Pandora on a unique mission, but becomes torn between following orders and protecting an alien civilization.",22nd century marine moon pandora unique mission becomes torn following orders protecting alien civilization,28,14,22nd centuri marin moon pandora uniqu mission becom torn follow order protect alien civil,22nd century marine moon pandora unique mission becomes torn following order protecting alien civilization,"[('22nd', 'ADJ'), ('century', 'NOUN'), ('marine', 'NOUN'), ('moon', 'NOUN'), ('pandora', 'NOUN'), ('unique', 'ADJ'), ('mission', 'NOUN'), ('becomes', 'VERB'), ('torn', 'ADJ'), ('following', 'VERB'), ('orders', 'NOUN'), ('protecting', 'VERB'), ('alien', 'ADJ'), ('civilization', 'NOUN')]"
105,Back to the Future,Back to the Future,1985-07-03,32.9089,8.33,22500,en,False,"Eighties teenager Marty McFly is accidentally sent back in time to 1955, inadvertently disrupting his parents' first meeting and attracting his mother's romantic interest. Marty must repair the damage to history by rekindling his parents' romance and - with the help of his eccentric inventor friend Doc Brown - return to 1985.",teenager marty mcfly accidentally sent time 1955 inadvertently parents first meeting mothers romantic interest marty history parents romance help eccentric inventor friend doc return,52,24,teenag marti mcfli accident sent time 1955 inadvert parent first meet mother romant interest marti histori parent romanc help eccentr inventor friend doc return,teenager marty mcfly accidentally sent time 1955 inadvertently parent first meeting mother romantic interest marty history parent romance help eccentric inventor friend doc return,"[('teenager', 'NOUN'), ('marty', 'NOUN'), ('mcfly', 'NOUN'), ('accidentally', 'ADV'), ('sent', 'VERB'), ('time', 'NOUN'), ('1955', 'NUM'), ('inadvertently', 'ADV'), ('parents', 'NOUN'), ('first', 'ADJ'), ('meeting', 'NOUN'), ('mothers', 'NOUN'), ('romantic', 'ADJ'), ('interest', 'NOUN'), ('marty', 'NOUN'), ('history', 'NOUN'), ('parents', 'NOUN'), ('romance', 'NOUN'), ('help', 'NOUN'), ('eccentric', 'VERB'), ('inventor', 'NOUN'), ('friend', 'NOUN'), ('doc', 'VERB'), ('return', 'NOUN')]"
798645,The Running Man,The Running Man,2025-11-11,33.1667,6.723,2024,en,False,"Desperate to save his sick daughter, working-class Ben Richards is convinced by The Running Man's charming but ruthless producer to enter the deadly competition game as a last resort. But Ben's defiance, instincts, and grit turn him into an unexpected fan favorite — and a threat to the entire system. As ratings skyrocket, so does the danger, and Ben must outwit not just the Hunters, but a nation addicted to watching him fall.",desperate save sick daughter workingclass ben convinced running mans charming ruthless enter deadly competition game last resort turn unexpected fan favorite — threat entire system danger ben outwit hunters nation watching fall,73,32,desper save sick daughter workingclass ben convinc run man charm ruthless enter deadli competit game last resort turn unexpect fan favorit — threat entir system danger ben outwit hunter nation watch fall,desperate save sick daughter workingclass ben convinced running man charming ruthless enter deadly competition game last resort turn unexpected fan favorite — threat entire system danger ben outwit hunter nation watching fall,"[('desperate', 'ADJ'), ('save', 'NOUN'), ('sick', 'ADJ'), ('daughter', 'NOUN'), ('workingclass', 'NOUN'), ('ben', 'NOUN'), ('convinced', 'VERB'), ('running', 'VERB'), ('mans', 'NOUN'), ('charming', 'VERB'), ('ruthless', 'NOUN'), ('enter', 'NOUN'), ('deadly', 'ADV'), ('competition', 'NOUN'), ('game', 'NOUN'), ('last', 'ADJ'), ('resort', 'NOUN'), ('turn', 'NOUN'), ('unexpected', 'ADJ'), ('fan', 'NOUN'), ('favorite', 'ADJ'), ('—', 'NOUN'), ('threat', 'NOUN'), ('entire', 'ADJ'), ('system', 'NOUN'), ('danger', 'NOUN'), ('ben', 'NOUN'), ('outwit', 'NOUN'), ('hunters', 'NOUN'), ('nation', 'NOUN'), ('watching', 'VERB'), ('fall', 'NOUN')]"
603692,John Wick: Chapter 4,John Wick: Chapter 4,2023-03-21,34.664,7.712,8366,en,False,"With the price on his head ever increasing, John Wick uncovers a path to defeating The High Table. But before he can earn his freedom, Wick must face off against a new enemy with powerful alliances across the globe and forces that turn old friends into foes.",price head ever john wick uncovers path defeating high table freedom wick face enemy powerful alliances across globe forces turn old friends,47,22,price head ever john wick uncov path defeat high tabl freedom wick face enemi power allianc across globe forc turn old friend,price head ever john wick uncovers path defeating high table freedom wick face enemy powerful alliance across globe force turn old friend,"[('price', 'NOUN'), ('head', 'NOUN'), ('ever', 'ADV'), ('john', 'VERB'), ('wick', 'ADJ'), ('uncovers', 'NOUN'), ('path', 'VERB'), ('defeating', 'VERB'), ('high', 'ADJ'), ('table', 'NOUN'), ('freedom', 'NOUN'), ('wick', 'ADJ'), ('face', 'NOUN'), ('enemy', 'NOUN'), ('powerful', 'ADJ'), ('alliances', 'NOUN'), ('across', 'ADP'), ('globe', 'NOUN'), ('forces', 'NOUN'), ('turn', 'VERB'), ('old', 'ADJ'), ('friends', 'NOUN')]"
931285,Mortal Kombat II,Mortal Kombat II,2026-05-06,36.4095,7.788,2654,en,False,"The fan favorite champions—now joined by Johnny Cage himself—are pitted against one another in the ultimate, no-holds barred, gory battle to defeat the dark rule of Shao Kahn that threatens the very existence of the Earthrealm and its defenders.",fan favorite joined pitted another ultimate battle defeat dark rule threatens existence,39,12,fan favorit join pit anoth ultim battl defeat dark rule threaten exist,fan favorite joined pitted another ultimate battle defeat dark rule threatens existence,"[('fan', 'NOUN'), ('favorite', 'NOUN'), ('joined', 'VERB'), ('pitted', 'VERB'), ('another', 'DET'), ('ultimate', 'ADJ'), ('battle', 'NOUN'), ('defeat', 'NOUN'), ('dark', 'ADJ'), ('rule', 'NOUN'), ('threatens', 'NOUN'), ('existence', 'NOUN')]"
585,"Monsters, Inc.","Monsters, Inc.",2001-11-01,34.6103,7.9,20325,en,False,"Lovable Sulley and his wisecracking sidekick Mike Wazowski are the top scare team at Monsters, Inc., the scream-processing factory in Monstropolis. When a little girl named Boo wanders into their world, it's the monsters who are scared silly, and it's up to Sulley and Mike to keep her out of sight and get her back home.",sulley wisecracking sidekick mike top team monsters factory little girl named monsters sulley mike keep get home,56,17,sulley wisecrack sidekick mike top team monster factori littl girl name monster sulley mike keep get home,sulley wisecracking sidekick mike top team monster factory little girl named monster sulley mike keep get home,"[('sulley', 'NOUN'), ('wisecracking', 'VERB'), ('sidekick', 'ADJ'), ('mike', 'NOUN'), ('top', 'NOUN'), ('team', 'NOUN'), ('monsters', 'NOUN'), ('factory', 'VERB'), ('little', 'ADJ'), ('girl', 'NOUN'), ('named', 'VERB'), ('monsters', 'NOUN'), ('sulley', 'VERB'), ('mike', 'ADJ'), ('keep', 'VERB'), ('get', 'NOUN'), ('home', 'NOUN')]"
552524,Lilo & Stitch,Lilo & Stitch,2025-05-17,36.4677,7.2,2306,en,False,The wildly funny and touching story of a lonely Hawaiian girl and the fugitive alien who helps to mend her broken family.,wildly funny story lonely hawaiian girl fugitive alien helps broken,22,10,wildli funni stori lone hawaiian girl fugit alien help broken,wildly funny story lonely hawaiian girl fugitive alien help broken,"[('wildly', 'ADV'), ('funny', 'ADJ'), ('story', 'NOUN'), ('lonely', 'ADV'), ('hawaiian', 'ADJ'), ('girl', 'NOUN'), ('fugitive', 'ADJ'), ('alien', 'NOUN'), ('helps', 'VERB'), ('broken', 'VERB')]"
284053,Thor: Ragnarok,Thor: Ragnarok,2017-10-02,35.6634,7.579,22563,en,False,"Thor is imprisoned on the other side of the universe and finds himself in a race against time to get back to Asgard to stop Ragnarok, the destruction of his home-world and the end of Asgardian civilization, at the hands of a powerful new threat, the ruthless Hela.",thor imprisoned side universe finds race time get asgard stop destruction homeworld end civilization hands powerful threat ruthless,48,18,thor imprison side univers find race time get asgard stop destruct homeworld end civil hand power threat ruthless,thor imprisoned side universe find race time get asgard stop destruction homeworld end civilization hand powerful threat ruthless,"[('thor', 'NOUN'), ('imprisoned', 'VERB'), ('side', 'ADJ'), ('universe', 'ADJ'), ('finds', 'NOUN'), ('race', 'NOUN'), ('time', 'NOUN'), ('get', 'VERB'), ('asgard', 'ADJ'), ('stop', 'NOUN'), ('destruction', 'NOUN'), ('homeworld', 'ADJ'), ('end', 'NOUN'), ('civilization', 'NOUN'), ('hands', 'VERB'), ('powerful', 'ADJ'), ('threat', 'NOUN'), ('ruthless', 'NOUN')]"
1078605,Weapons,Weapons,2025-08-04,34.2163,7.264,4042,en,False,"When all but one child from the same class mysteriously vanish on the same night at exactly the same time, a community is left questioning who or what is behind their disappearance.",child class mysteriously night exactly time community left behind disappearance,32,10,child class mysteri night exactli time commun left behind disappear,child class mysteriously night exactly time community left behind disappearance,"[('child', 'ADJ'), ('class', 'NOUN'), ('mysteriously', 'ADV'), ('night', 'NOUN'), ('exactly', 'ADV'), ('time', 'NOUN'), ('community', 'NOUN'), ('left', 'VERB'), ('behind', 'PRT'), ('disappearance', 'NOUN')]"
1159559,Scream 7,Scream 7,2026-02-25,34.8117,6.215,1324,en,False,"When a new Ghostface killer emerges in the quiet town where Sidney Prescott has built a new life, her darkest fears are realized as her daughter becomes the next target. Determined to protect her family, Sidney must face the horrors of her past to put an end to the bloodshed once and for all.",killer emerges quiet town sidney built darkest fears daughter becomes next determined protect sidney face horrors past put end bloodshed,54,20,killer emerg quiet town sidney built darkest fear daughter becom next determin protect sidney face horror past put end bloodsh,killer emerges quiet town sidney built darkest fear daughter becomes next determined protect sidney face horror past put end bloodshed,"[('killer', 'NOUN'), ('emerges', 'VERB'), ('quiet', 'ADJ'), ('town', 'NOUN'), ('sidney', 'NOUN'), ('built', 'VERB'), ('darkest', 'ADJ'), ('fears', 'NOUN'), ('daughter', 'ADV'), ('becomes', 'NOUN'), ('next', 'ADV'), ('determined', 'VERB'), ('protect', 'ADJ'), ('sidney', 'NOUN'), ('face', 'NOUN'), ('horrors', 'NOUN'), ('past', 'ADP'), ('put', 'ADJ'), ('end', 'NOUN'), ('bloodshed', 'VERB')]"
68718,Django Unchained,Django Unchained,2012-12-25,35.2551,8.193,28694,en,False,"With the help of a German bounty hunter, a freed slave sets out to rescue his wife from a brutal Mississippi plantation owner.",help bounty hunter freed slave sets rescue wife brutal mississippi owner,23,11,help bounti hunter freed slave set rescu wife brutal mississippi owner,help bounty hunter freed slave set rescue wife brutal mississippi owner,"[('help', 'NOUN'), ('bounty', 'VERB'), ('hunter', 'ADJ'), ('freed', 'NOUN'), ('slave', 'VERB'), ('sets', 'NOUN'), ('rescue', 'VERB'), ('wife', 'NOUN'), ('brutal', 'ADJ'), ('mississippi', 'NOUN'), ('owner', 'NOUN')]"
1288059,I Want Your Sex,I Want Your Sex,2026-07-29,31.8992,6.1,93,en,False,"When a naive young man becomes the sexual muse for a renowned and provocative artist, his dream job quickly turns dangerous as he is drawn into an obsessive world of power, betrayal, and murder.",man becomes sexual renowned artist dream job quickly turns dangerous drawn obsessive power betrayal murder,34,15,man becom sexual renown artist dream job quickli turn danger drawn obsess power betray murder,man becomes sexual renowned artist dream job quickly turn dangerous drawn obsessive power betrayal murder,"[('man', 'NOUN'), ('becomes', 'VERB'), ('sexual', 'ADJ'), ('renowned', 'ADJ'), ('artist', 'NOUN'), ('dream', 'NOUN'), ('job', 'NOUN'), ('quickly', 'ADV'), ('turns', 'VERB'), ('dangerous', 'ADJ'), ('drawn', 'NOUN'), ('obsessive', 'ADJ'), ('power', 'NOUN'), ('betrayal', 'NOUN'), ('murder', 'NOUN')]"
240,The Godfather Part II,The Godfather Part II,1974-12-20,33.6918,8.573,14405,en,False,"In the continuing saga of the Corleone crime family, a young Vito Corleone grows up in Sicily and in 1910s New York. In the 1950s, Michael Corleone attempts to expand the family business into Las Vegas, Hollywood and Cuba.",corleone crime vito corleone grows york michael corleone attempts business las vegas hollywood,39,13,corleon crime vito corleon grow york michael corleon attempt busi la vega hollywood,corleone crime vito corleone grows york michael corleone attempt business la vega hollywood,"[('corleone', 'NOUN'), ('crime', 'NOUN'), ('vito', 'NOUN'), ('corleone', 'NOUN'), ('grows', 'VERB'), ('york', 'NOUN'), ('michael', 'NOUN'), ('corleone', 'NOUN'), ('attempts', 'VERB'), ('business', 'NOUN'), ('las', 'NOUN'), ('vegas', 'NOUN'), ('hollywood', 'NOUN')]"
49013,Cars 2,Cars 2,2011-06-11,31.7502,6.193,8736,en,False,Star race car Lightning McQueen and his pal Mater head overseas to compete in the World Grand Prix race. But the road to the championship becomes rocky as Mater gets caught up in an intriguing adventure of his own: international espionage.,star race car lightning mcqueen pal mater head compete race road championship becomes mater gets caught adventure international espionage,41,19,star race car lightn mcqueen pal mater head compet race road championship becom mater get caught adventur intern espionag,star race car lightning mcqueen pal mater head compete race road championship becomes mater get caught adventure international espionage,"[('star', 'NOUN'), ('race', 'NOUN'), ('car', 'NOUN'), ('lightning', 'VERB'), ('mcqueen', 'ADJ'), ('pal', 'ADJ'), ('mater', 'NOUN'), ('head', 'NOUN'), ('compete', 'VERB'), ('race', 'NOUN'), ('road', 'NOUN'), ('championship', 'NOUN'), ('becomes', 'VERB'), ('mater', 'ADJ'), ('gets', 'VERB'), ('caught', 'ADJ'), ('adventure', 'NOUN'), ('international', 'ADJ'), ('espionage', 'NOUN')]"
1304313,Lee Cronin's The Mummy,Lee Cronin's The Mummy,2026-04-15,36.0564,7.84,2752,en,False,"The young daughter of a journalist disappears into the desert without a trace—eight years later, the broken family is shocked when she is returned to them, as what should be a joyful reunion turns into a living nightmare.",daughter journalist desert without years later broken reunion turns living nightmare,38,11,daughter journalist desert without year later broken reunion turn live nightmar,daughter journalist desert without year later broken reunion turn living nightmare,"[('daughter', 'NOUN'), ('journalist', 'NOUN'), ('desert', 'NOUN'), ('without', 'ADP'), ('years', 'NOUN'), ('later', 'ADV'), ('broken', 'VERB'), ('reunion', 'NOUN'), ('turns', 'VERB'), ('living', 'VERB'), ('nightmare', 'NOUN')]"
12444,Harry Potter and the Deathly Hallows: Part 1,Harry Potter and the Deathly Hallows: Part 1,2010-11-17,33.9653,7.733,20854,en,False,"Harry, Ron and Hermione walk away from their last year at Hogwarts to find and destroy the remaining Horcruxes, putting an end to Voldemort's bid for immortality. But with Harry's beloved Dumbledore dead and Voldemort's unscrupulous Death Eaters on the loose, the world is more dangerous than ever.",harry ron hermione away last year hogwarts find destroy remaining putting end voldemorts harrys beloved dumbledore dead voldemorts death eaters loose dangerous ever,48,23,harri ron hermion away last year hogwart find destroy remain put end voldemort harri belov dumbledor dead voldemort death eater loos danger ever,harry ron hermione away last year hogwarts find destroy remaining putting end voldemorts harrys beloved dumbledore dead voldemorts death eater loose dangerous ever,"[('harry', 'NOUN'), ('ron', 'VERB'), ('hermione', 'NOUN'), ('away', 'ADV'), ('last', 'ADJ'), ('year', 'NOUN'), ('hogwarts', 'NOUN'), ('find', 'VERB'), ('destroy', 'ADJ'), ('remaining', 'VERB'), ('putting', 'VERB'), ('end', 'NOUN'), ('voldemorts', 'NOUN'), ('harrys', 'VERB'), ('beloved', 'VERB'), ('dumbledore', 'ADV'), ('dead', 'ADJ'), ('voldemorts', 'NOUN'), ('death', 'NOUN'), ('eaters', 'NOUN'), ('loose', 'VERB'), ('dangerous', 'ADJ'), ('ever', 'ADV')]"
11,Star Wars,Star Wars,1977-05-25,33.8578,8.207,22953,en,False,Princess Leia is captured and held hostage by the evil Imperial forces in their effort to take over the galactic Empire. Venturesome Luke Skywalker and dashing captain Han Solo team together with the loveable robot duo R2-D2 and C-3PO to rescue the beautiful princess and restore peace and justice in the Empire.,princess held hostage evil imperial forces effort take galactic empire luke skywalker dashing captain han solo team together robot duo rescue beautiful princess restore peace justice empire,52,27,princess held hostag evil imperi forc effort take galact empir luke skywalk dash captain han solo team togeth robot duo rescu beauti princess restor peac justic empir,princess held hostage evil imperial force effort take galactic empire luke skywalker dashing captain han solo team together robot duo rescue beautiful princess restore peace justice empire,"[('princess', 'NOUN'), ('held', 'VERB'), ('hostage', 'NOUN'), ('evil', 'ADJ'), ('imperial', 'ADJ'), ('forces', 'NOUN'), ('effort', 'NOUN'), ('take', 'VERB'), ('galactic', 'ADJ'), ('empire', 'NOUN'), ('luke', 'NOUN'), ('skywalker', 'NOUN'), ('dashing', 'VERB'), ('captain', 'NOUN'), ('han', 'NOUN'), ('solo', 'NOUN'), ('team', 'NOUN'), ('together', 'ADV'), ('robot', 'ADJ'), ('duo', 'NOUN'), ('rescue', 'NOUN'), ('beautiful', 'NOUN'), ('princess', 'NOUN'), ('restore', 'VERB'), ('peace', 'NOUN'), ('justice', 'NOUN'), ('empire', 'NOUN')]"
284054,Black Panther,Black Panther,2018-02-13,33.7974,7.361,24037,en,False,"King T'Challa returns home to the reclusive, technologically advanced African nation of Wakanda to serve as his country's new leader. However, T'Challa soon finds that he is challenged for the throne by factions within his own country as well as without. Using powers reserved to Wakandan kings, T'Challa assumes the Black Panther mantle to join with ex-girlfriend Nakia, the queen-mother, his princess-kid sister, members of the Dora Milaje (the Wakandan 'special forces') and an American secret agent, to prevent Wakanda from being dragged into a world war.",king tchalla returns home reclusive advanced nation wakanda serve leader however tchalla soon finds throne factions within country well without using powers wakandan kings tchalla assumes black join exgirlfriend nakia sister members dora milaje wakandan special forces american secret agent prevent wakanda war,87,43,king tchalla return home reclus advanc nation wakanda serv leader howev tchalla soon find throne faction within countri well without use power wakandan king tchalla assum black join exgirlfriend nakia sister member dora milaj wakandan special forc american secret agent prevent wakanda war,king tchalla return home reclusive advanced nation wakanda serve leader however tchalla soon find throne faction within country well without using power wakandan king tchalla assumes black join exgirlfriend nakia sister member dora milaje wakandan special force american secret agent prevent wakanda war,"[('king', 'VERB'), ('tchalla', 'NOUN'), ('returns', 'NOUN'), ('home', 'NOUN'), ('reclusive', 'NOUN'), ('advanced', 'VERB'), ('nation', 'NOUN'), ('wakanda', 'NOUN'), ('serve', 'NOUN'), ('leader', 'NOUN'), ('however', 'ADV'), ('tchalla', 'ADV'), ('soon', 'ADV'), ('finds', 'VERB'), ('throne', 'ADJ'), ('factions', 'NOUN'), ('within', 'ADP'), ('country', 'NOUN'), ('well', 'ADV'), ('without', 'ADP'), ('using', 'VERB'), ('powers', 'NOUN'), ('wakandan', 'ADJ'), ('kings', 'NOUN'), ('tchalla', 'NOUN'), ('assumes', 'VERB'), ('black', 'ADJ'), ('join', 'NOUN'), ('exgirlfriend', 'VERB'), ('nakia', 'ADJ'), ('sister', 'NOUN'), ('members', 'NOUN'), ('dora', 'VERB'), ('milaje', 'ADJ'), ('wakandan', 'NOUN'), ('special', 'ADJ'), ('forces', 'NOUN'), ('american', 'ADJ'), ('secret', 'ADJ'), ('agent', 'NOUN'), ('prevent', 'NOUN'), ('wakanda', 'NOUN'), ('war', 'NOUN')]"
216015,Fifty Shades of Grey,Fifty Shades of Grey,2015-02-11,32.2978,5.859,12565,en,False,"When college senior Anastasia Steele steps in for her sick roommate to interview prominent businessman Christian Grey for their campus paper, little does she realize the path her life will take. Christian, as enigmatic as he is rich and powerful, finds himself strangely drawn to Ana, and she to him. Though sexually inexperienced, Ana plunges headlong into an affair -- and learns that Christian's true sexual proclivities push the boundaries of pain and pleasure.",college steps sick businessman christian grey campus little realize path take christian enigmatic rich powerful finds strangely drawn ana though ana affair learns true sexual push,74,26,colleg step sick businessman christian grey campu littl realiz path take christian enigmat rich power find strang drawn ana though ana affair learn true sexual push,college step sick businessman christian grey campus little realize path take christian enigmatic rich powerful find strangely drawn ana though ana affair learns true sexual push,"[('college', 'NOUN'), ('steps', 'NOUN'), ('sick', 'ADJ'), ('businessman', 'NOUN'), ('christian', 'ADJ'), ('grey', 'NOUN'), ('campus', 'NOUN'), ('little', 'ADJ'), ('realize', 'ADJ'), ('path', 'NOUN'), ('take', 'VERB'), ('christian', 'ADJ'), ('enigmatic', 'ADJ'), ('rich', 'ADJ'), ('powerful', 'ADJ'), ('finds', 'NOUN'), ('strangely', 'ADV'), ('drawn', 'VERB'), ('ana', 'PRT'), ('though', 'ADP'), ('ana', 'ADJ'), ('affair', 'NOUN'), ('learns', 'VERB'), ('true', 'ADJ'), ('sexual', 'ADJ'), ('push', 'NOUN')]"
545611,Everything Everywhere All at Once,Everything Everywhere All at Once,2022-03-24,32.5212,7.715,8482,en,False,"An aging Chinese immigrant is swept up in an insane adventure, where she alone can save what's important to her by connecting with the lives she could have led in other universes.",aging swept insane adventure alone save whats important lives could led universes,32,12,age swept insan adventur alon save what import live could led univers,aging swept insane adventure alone save whats important life could led universe,"[('aging', 'VERB'), ('swept', 'ADJ'), ('insane', 'ADJ'), ('adventure', 'NOUN'), ('alone', 'ADV'), ('save', 'ADJ'), ('whats', 'NOUN'), ('important', 'ADJ'), ('lives', 'NOUN'), ('could', 'VERB'), ('led', 'VERB'), ('universes', 'NOUN')]"
58,Pirates of the Caribbean: Dead Man's Chest,Pirates of the Caribbean: Dead Man's Chest,2006-07-06,32.6468,7.391,17659,en,False,"Captain Jack Sparrow’s got a blood debt to pay: he owes his soul to the legendary Davy Jones, ghastly Ruler of the Ocean Depths. To escape eternal servitude aboard the Flying Dutchman, ever-crafty Jack must track down the still-beating heart of Jones. But he won’t do it alone: Will Turner and Elizabeth Swann are drawn back into another one of his perilous quests—assuming they can evade execution for aiding a pirate.",captain jack sparrow’s got blood debt soul legendary davy jones ocean depths escape eternal aboard flying jack track heart jones alone turner elizabeth swann drawn another perilous evade execution pirate,71,30,captain jack sparrow’ got blood debt soul legendari davi jone ocean depth escap etern aboard fli jack track heart jone alon turner elizabeth swann drawn anoth peril evad execut pirat,captain jack sparrow’s got blood debt soul legendary davy jones ocean depth escape eternal aboard flying jack track heart jones alone turner elizabeth swann drawn another perilous evade execution pirate,"[('captain', 'NOUN'), ('jack', 'NOUN'), ('sparrow', 'NOUN'), ('’', 'NOUN'), ('s', 'NOUN'), ('got', 'VERB'), ('blood', 'ADJ'), ('debt', 'NOUN'), ('soul', 'NOUN'), ('legendary', 'ADJ'), ('davy', 'NOUN'), ('jones', 'NOUN'), ('ocean', 'VERB'), ('depths', 'NOUN'), ('escape', 'VERB'), ('eternal', 'ADJ'), ('aboard', 'ADP'), ('flying', 'VERB'), ('jack', 'NOUN'), ('track', 'NOUN'), ('heart', 'NOUN'), ('jones', 'VERB'), ('alone', 'ADV'), ('turner', 'ADJ'), ('elizabeth', 'NOUN'), ('swann', 'VERB'), ('drawn', 'NOUN'), ('another', 'DET'), ('perilous', 'ADJ'), ('evade', 'NOUN'), ('execution', 'NOUN'), ('pirate', 'NOUN')]"
11324,Shutter Island,Shutter Island,2010-02-14,34.135,8.197,26518,en,False,"World War II soldier-turned-U.S. Marshal Teddy Daniels investigates the disappearance of a patient from a hospital for the criminally insane, but his efforts are compromised by troubling visions and a mysterious doctor.",war ii investigates disappearance hospital insane efforts visions doctor,32,9,war ii investig disappear hospit insan effort vision doctor,war ii investigates disappearance hospital insane effort vision doctor,"[('war', 'NOUN'), ('ii', 'NOUN'), ('investigates', 'VERB'), ('disappearance', 'ADJ'), ('hospital', 'NOUN'), ('insane', 'NOUN'), ('efforts', 'NOUN'), ('visions', 'NOUN'), ('doctor', 'NOUN')]"
840464,Greenland 2: Migration,Greenland 2: Migration,2026-01-07,34.7591,6.367,1580,en,False,"Having found the safety of the Greenland bunker after the comet Clarke decimated the Earth, the Garrity family must now risk everything to embark on a perilous journey across the wasteland of Europe to find a new home.",found safety bunker earth risk everything embark perilous journey across wasteland europe find home,38,14,found safeti bunker earth risk everyth embark peril journey across wasteland europ find home,found safety bunker earth risk everything embark perilous journey across wasteland europe find home,"[('found', 'VERB'), ('safety', 'NOUN'), ('bunker', 'NOUN'), ('earth', 'NOUN'), ('risk', 'NOUN'), ('everything', 'NOUN'), ('embark', 'ADV'), ('perilous', 'ADJ'), ('journey', 'NOUN'), ('across', 'ADP'), ('wasteland', 'NOUN'), ('europe', 'NOUN'), ('find', 'VERB'), ('home', 'NOUN')]"
11770,Shaolin Soccer,少林足球,2001-07-05,34.0207,7.221,2672,cn,False,A young Shaolin follower reunites with his discouraged brothers to form a soccer team using their martial art skills to their advantage.,shaolin follower reunites discouraged brothers form soccer team using martial art skills advantage,22,13,shaolin follow reunit discourag brother form soccer team use martial art skill advantag,shaolin follower reunites discouraged brother form soccer team using martial art skill advantage,"[('shaolin', 'NOUN'), ('follower', 'NOUN'), ('reunites', 'NOUN'), ('discouraged', 'VERB'), ('brothers', 'NOUN'), ('form', 'ADJ'), ('soccer', 'NOUN'), ('team', 'NOUN'), ('using', 'VERB'), ('martial', 'ADJ'), ('art', 'NOUN'), ('skills', 'NOUN'), ('advantage', 'NOUN')]"
637649,Wrath of Man,Wrath of Man,2021-04-22,31.026,7.573,6340,en,False,"A cold and mysterious new security guard for a Los Angeles cash truck company surprises his co-workers when he unleashes precision skills during a heist. The crew is left wondering who he is and where he came from. Soon, the marksman's ultimate motive becomes clear as he takes dramatic and irrevocable steps to settle a score.",cold security guard los angeles cash company unleashes skills heist crew left came soon ultimate becomes clear takes steps settle score,56,21,cold secur guard lo angel cash compani unleash skill heist crew left came soon ultim becom clear take step settl score,cold security guard los angeles cash company unleashes skill heist crew left came soon ultimate becomes clear take step settle score,"[('cold', 'ADJ'), ('security', 'NOUN'), ('guard', 'NOUN'), ('los', 'NOUN'), ('angeles', 'VERB'), ('cash', 'NOUN'), ('company', 'NOUN'), ('unleashes', 'VERB'), ('skills', 'NOUN'), ('heist', 'NOUN'), ('crew', 'NOUN'), ('left', 'VERB'), ('came', 'VERB'), ('soon', 'ADV'), ('ultimate', 'ADJ'), ('becomes', 'NOUN'), ('clear', 'ADJ'), ('takes', 'VERB'), ('steps', 'NOUN'), ('settle', 'ADV'), ('score', 'VERB')]"
390062,Jungle,Jungle,2017-06-27,32.0544,6.732,2301,en,False,"In 1981, an enthusiastic young adventurer follows his dreams into the Bolivian Amazon jungle with two friends and a guide with a mysterious past. Their journey quickly turns into a terrifying ordeal as the darkest elements of human nature and the deadliest threats of the wilderness lead to an all-out fight for survival.",enthusiastic follows dreams amazon jungle friends past journey quickly turns terrifying darkest elements human nature threats wilderness lead allout fight survival,53,21,enthusiast follow dream amazon jungl friend past journey quickli turn terrifi darkest element human natur threat wilder lead allout fight surviv,enthusiastic follows dream amazon jungle friend past journey quickly turn terrifying darkest element human nature threat wilderness lead allout fight survival,"[('enthusiastic', 'ADJ'), ('follows', 'VERB'), ('dreams', 'NOUN'), ('amazon', 'VERB'), ('jungle', 'NOUN'), ('friends', 'NOUN'), ('past', 'ADJ'), ('journey', 'NOUN'), ('quickly', 'ADV'), ('turns', 'VERB'), ('terrifying', 'VERB'), ('darkest', 'ADJ'), ('elements', 'NOUN'), ('human', 'ADJ'), ('nature', 'NOUN'), ('threats', 'NOUN'), ('wilderness', 'VERB'), ('lead', 'ADJ'), ('allout', 'ADP'), ('fight', 'ADJ'), ('survival', 'NOUN')]"
921711,Tamil Rockers,தமிழ் ராக்கர்ஸ்,2021-12-31,30.1063,4.2,5,ta,False,4 Major characters running for the Money facing more challenges by forgetting the fact that it's not the decision of money to reach human.,major characters running money facing challenges decision money reach human,24,10,major charact run money face challeng decis money reach human,major character running money facing challenge decision money reach human,"[('major', 'ADJ'), ('characters', 'NOUN'), ('running', 'VERB'), ('money', 'NOUN'), ('facing', 'NOUN'), ('challenges', 'NOUN'), ('decision', 'NOUN'), ('money', 'NOUN'), ('reach', 'NOUN'), ('human', 'NOUN')]"
1301421,The Sheep Detectives,The Sheep Detectives,2026-04-30,33.212,7.931,1751,en,False,"George Hardy is a shepherd who reads detective novels to his beloved sheep every night, assuming they can't possibly understand. But when a mysterious incident disrupts life on the farm, the sheep realize they must become the detectives. As they follow the clues and investigate human suspects, they prove that even sheep can be brilliant crime-solvers.",george reads detective novels beloved sheep every night cant possibly incident farm sheep realize become detectives follow clues investigate human prove even sheep brilliant,56,24,georg read detect novel belov sheep everi night cant possibl incid farm sheep realiz becom detect follow clue investig human prove even sheep brilliant,george read detective novel beloved sheep every night cant possibly incident farm sheep realize become detective follow clue investigate human prove even sheep brilliant,"[('george', 'NOUN'), ('reads', 'NOUN'), ('detective', 'ADJ'), ('novels', 'NOUN'), ('beloved', 'VERB'), ('sheep', 'ADJ'), ('every', 'DET'), ('night', 'NOUN'), ('cant', 'NOUN'), ('possibly', 'ADV'), ('incident', 'ADJ'), ('farm', 'NOUN'), ('sheep', 'NOUN'), ('realize', 'VERB'), ('become', 'ADJ'), ('detectives', 'NOUN'), ('follow', 'VERB'), ('clues', 'NOUN'), ('investigate', 'VERB'), ('human', 'ADJ'), ('prove', 'VERB'), ('even', 'ADV'), ('sheep', 'ADJ'), ('brilliant', 'NOUN')]"
436969,The Suicide Squad,The Suicide Squad,2021-07-28,31.5653,7.443,9955,en,False,"Supervillains Harley Quinn, Bloodsport, Peacemaker and a collection of nutty cons at Belle Reve prison join the super-secret, super-shady Task Force X as they are dropped off at the remote, enemy-infused island of Corto Maltese.",belle prison join task force remote island,35,7,bell prison join task forc remot island,belle prison join task force remote island,"[('belle', 'NOUN'), ('prison', 'NOUN'), ('join', 'NOUN'), ('task', 'NOUN'), ('force', 'NOUN'), ('remote', 'NOUN'), ('island', 'NOUN')]"
285,Pirates of the Caribbean: At World's End,Pirates of the Caribbean: At World's End,2007-05-19,34.2919,7.278,15891,en,False,"After losing Captain Jack Sparrow to the locker of Davy Jones, Will Turner, Elizabeth Swann, and Captain Barbossa journey to the ends of the earth to rescue him. And as the East India Trading Company tightens its grip on the seas under Lord Cutler Beckett—now in control of Davy Jones—the fate of piracy hangs by a thread. Now, they must unite the pirate lords for one final stand. But as loyalties are tested and alliances shift, each must ultimately choose where they stand in the battle for freedom on the high seas.",losing captain jack davy jones turner elizabeth swann captain barbossa journey ends earth rescue company grip seas lord control davy fate hangs unite pirate lords final stand loyalties alliances shift ultimately stand battle freedom high seas,92,36,lose captain jack davi jone turner elizabeth swann captain barbossa journey end earth rescu compani grip sea lord control davi fate hang unit pirat lord final stand loyalti allianc shift ultim stand battl freedom high sea,losing captain jack davy jones turner elizabeth swann captain barbossa journey end earth rescue company grip sea lord control davy fate hang unite pirate lord final stand loyalty alliance shift ultimately stand battle freedom high sea,"[('losing', 'VERB'), ('captain', 'NOUN'), ('jack', 'NOUN'), ('davy', 'NOUN'), ('jones', 'NOUN'), ('turner', 'VERB'), ('elizabeth', 'ADJ'), ('swann', 'NOUN'), ('captain', 'NOUN'), ('barbossa', 'ADP'), ('journey', 'NOUN'), ('ends', 'NOUN'), ('earth', 'VERB'), ('rescue', 'ADJ'), ('company', 'NOUN'), ('grip', 'NOUN'), ('seas', 'VERB'), ('lord', 'NOUN'), ('control', 'NOUN'), ('davy', 'ADJ'), ('fate', 'NOUN'), ('hangs', 'NOUN'), ('unite', 'ADJ'), ('pirate', 'NOUN'), ('lords', 'NOUN'), ('final', 'ADJ'), ('stand', 'NOUN'), ('loyalties', 'NOUN'), ('alliances', 'NOUN'), ('shift', 'VERB'), ('ultimately', 'ADV'), ('stand', 'ADJ'), ('battle', 'NOUN'), ('freedom', 'NOUN'), ('high', 'ADJ'), ('seas', 'NOUN')]"
1508168,Bethlehem Kudumba Unit,ബെത്‌ലഹേം കുടുംബ യൂണിറ്റ്,2026-08-21,31.719,8.5,26,ml,False,"Ashley's homecoming from abroad takes an emotional turn when a wedding next door stirs memories of her first love, Justin.",takes emotional turn wedding next door memories first love,20,9,take emot turn wed next door memori first love,take emotional turn wedding next door memory first love,"[('takes', 'VERB'), ('emotional', 'ADJ'), ('turn', 'NOUN'), ('wedding', 'VERB'), ('next', 'ADJ'), ('door', 'NOUN'), ('memories', 'NOUN'), ('first', 'ADV'), ('love', 'VERB')]"
1087192,How to Train Your Dragon,How to Train Your Dragon,2025-06-06,33.516,7.93,3159,en,False,"On the rugged isle of Berk, where Vikings and dragons have been bitter enemies for generations, Hiccup stands apart, defying centuries of tradition when he befriends Toothless, a feared Night Fury dragon. Their unlikely bond reveals the true nature of dragons, challenging the very foundations of Viking society.",dragons enemies generations stands apart tradition feared night fury dragon unlikely bond reveals true nature dragons challenging society,48,18,dragon enemi gener stand apart tradit fear night furi dragon unlik bond reveal true natur dragon challeng societi,dragon enemy generation stand apart tradition feared night fury dragon unlikely bond reveals true nature dragon challenging society,"[('dragons', 'NOUN'), ('enemies', 'NOUN'), ('generations', 'NOUN'), ('stands', 'VERB'), ('apart', 'ADJ'), ('tradition', 'NOUN'), ('feared', 'VERB'), ('night', 'NOUN'), ('fury', 'NOUN'), ('dragon', 'NOUN'), ('unlikely', 'ADJ'), ('bond', 'NOUN'), ('reveals', 'NOUN'), ('true', 'ADJ'), ('nature', 'NOUN'), ('dragons', 'NOUN'), ('challenging', 'VERB'), ('society', 'NOUN')]"
324786,Hacksaw Ridge,Hacksaw Ridge,2016-10-07,32.7959,8.193,15362,en,False,"WWII American Army Medic Desmond T. Doss, who served during the Battle of Okinawa, refuses to kill people and becomes the first Conscientious Objector in American history to receive the Congressional Medal of Honor.",american army battle refuses kill people becomes first american history honor,34,11,american armi battl refus kill peopl becom first american histori honor,american army battle refuse kill people becomes first american history honor,"[('american', 'ADJ'), ('army', 'NOUN'), ('battle', 'NOUN'), ('refuses', 'VERB'), ('kill', 'ADJ'), ('people', 'NOUN'), ('becomes', 'NOUN'), ('first', 'ADJ'), ('american', 'ADJ'), ('history', 'NOUN'), ('honor', 'NOUN')]"
843352,Legend of the White Dragon,Legend of the White Dragon,2026-08-28,29.5775,5.722,18,en,False,"Forced to hide in the shadows, fugitive hero Erik Reed must clear his name to reunite with his family. Standing in his way is a mysterious villain obsessed with destroying the White Dragon for good.",forced shadows fugitive hero reed clear name reunite way villain obsessed white dragon good,35,14,forc shadow fugit hero reed clear name reunit way villain obsess white dragon good,forced shadow fugitive hero reed clear name reunite way villain obsessed white dragon good,"[('forced', 'VERB'), ('shadows', 'NOUN'), ('fugitive', 'ADJ'), ('hero', 'NOUN'), ('reed', 'VERB'), ('clear', 'ADJ'), ('name', 'NOUN'), ('reunite', 'ADJ'), ('way', 'NOUN'), ('villain', 'NOUN'), ('obsessed', 'VERB'), ('white', 'ADJ'), ('dragon', 'NOUN'), ('good', 'NOUN')]"
466272,Once Upon a Time... in Hollywood,Once Upon a Time... in Hollywood,2019-07-24,33.9059,7.417,15340,en,False,"Los Angeles, 1969. TV star Rick Dalton, a struggling actor specializing in westerns, and stuntman Cliff Booth, his best friend, try to survive in a constantly changing movie industry. Dalton is the neighbor of the young and promising actress and model Sharon Tate, who has just married the prestigious Polish director Roman Polanski…",los angeles tv star rick dalton struggling actor best friend try survive changing movie industry dalton actress married prestigious director,53,20,lo angel tv star rick dalton struggl actor best friend tri surviv chang movi industri dalton actress marri prestigi director,los angeles tv star rick dalton struggling actor best friend try survive changing movie industry dalton actress married prestigious director,"[('los', 'NOUN'), ('angeles', 'NOUN'), ('tv', 'NOUN'), ('star', 'NOUN'), ('rick', 'VERB'), ('dalton', 'NOUN'), ('struggling', 'VERB'), ('actor', 'NOUN'), ('best', 'ADJ'), ('friend', 'NOUN'), ('try', 'NOUN'), ('survive', 'ADJ'), ('changing', 'VERB'), ('movie', 'NOUN'), ('industry', 'NOUN'), ('dalton', 'NOUN'), ('actress', 'NOUN'), ('married', 'VERB'), ('prestigious', 'ADJ'), ('director', 'NOUN')]"
165,Back to the Future Part II,Back to the Future Part II,1989-11-22,32.9541,7.784,14351,en,False,"Marty and Doc are at it again as the time-traveling duo head to 2015 to nip some McFly family woes in the bud. But things go awry thanks to bully Biff Tannen and a pesky sports almanac. In a last-ditch attempt to set things straight, Marty finds himself bound for 1955 and face to face with his teenage parents -- again.",marty doc duo head mcfly things go awry thanks bully attempt set things marty finds bound 1955 face face teenage parents,61,21,marti doc duo head mcfli thing go awri thank bulli attempt set thing marti find bound 1955 face face teenag parent,marty doc duo head mcfly thing go awry thanks bully attempt set thing marty find bound 1955 face face teenage parent,"[('marty', 'NOUN'), ('doc', 'NOUN'), ('duo', 'NOUN'), ('head', 'VERB'), ('mcfly', 'NOUN'), ('things', 'NOUN'), ('go', 'VERB'), ('awry', 'ADV'), ('thanks', 'NOUN'), ('bully', 'ADV'), ('attempt', 'VERB'), ('set', 'VERB'), ('things', 'NOUN'), ('marty', 'ADJ'), ('finds', 'NOUN'), ('bound', 'ADP'), ('1955', 'NUM'), ('face', 'NOUN'), ('face', 'NOUN'), ('teenage', 'NOUN'), ('parents', 'NOUN')]"
1325734,The Drama,The Drama,2026-04-01,33.0714,6.893,1895,en,False,A happily engaged couple is put to the test when an unexpected turn sends their wedding week off the rails.,happily couple put test unexpected turn sends wedding rails,20,9,happili coupl put test unexpect turn send wed rail,happily couple put test unexpected turn sends wedding rail,"[('happily', 'ADV'), ('couple', 'NOUN'), ('put', 'VERB'), ('test', 'ADV'), ('unexpected', 'ADJ'), ('turn', 'NOUN'), ('sends', 'VERB'), ('wedding', 'VERB'), ('rails', 'NOUN')]"
10193,Toy Story 3,Toy Story 3,2010-06-16,32.1763,7.817,16299,en,False,"Woody, Buzz, and the rest of Andy's toys haven't been played with in years. With Andy about to go to college, the gang find themselves accidentally left at a nefarious day care center. The toys must band together to escape and return home to Andy.",woody buzz rest andys toys years andy go college gang find accidentally left nefarious day care center toys band together escape return home andy,45,24,woodi buzz rest andi toy year andi go colleg gang find accident left nefari day care center toy band togeth escap return home andi,woody buzz rest andys toy year andy go college gang find accidentally left nefarious day care center toy band together escape return home andy,"[('woody', 'NOUN'), ('buzz', 'NOUN'), ('rest', 'NOUN'), ('andys', 'ADP'), ('toys', 'NOUN'), ('years', 'NOUN'), ('andy', 'ADV'), ('go', 'VERB'), ('college', 'NOUN'), ('gang', 'NOUN'), ('find', 'VERB'), ('accidentally', 'ADV'), ('left', 'ADJ'), ('nefarious', 'ADJ'), ('day', 'NOUN'), ('care', 'NOUN'), ('center', 'NOUN'), ('toys', 'VERB'), ('band', 'VERB'), ('together', 'ADV'), ('escape', 'ADJ'), ('return', 'NOUN'), ('home', 'NOUN'), ('andy', 'NOUN')]"
286217,The Martian,The Martian,2015-09-30,37.8157,7.708,21895,en,False,"During a manned mission to Mars, Astronaut Mark Watney is presumed dead after a fierce storm and left behind by his crew. But Watney has survived and finds himself stranded and alone on the hostile planet. With only meager supplies, he must draw upon his ingenuity, wit and spirit to subsist and find a way to signal to Earth that he is alive.",mission astronaut watney dead storm left behind crew watney finds stranded alone planet supplies draw upon spirit find way signal earth alive,63,22,mission astronaut watney dead storm left behind crew watney find strand alon planet suppli draw upon spirit find way signal earth aliv,mission astronaut watney dead storm left behind crew watney find stranded alone planet supply draw upon spirit find way signal earth alive,"[('mission', 'NOUN'), ('astronaut', 'VERB'), ('watney', 'ADJ'), ('dead', 'ADJ'), ('storm', 'NOUN'), ('left', 'VERB'), ('behind', 'PRT'), ('crew', 'ADJ'), ('watney', 'NOUN'), ('finds', 'NOUN'), ('stranded', 'VERB'), ('alone', 'ADV'), ('planet', 'ADJ'), ('supplies', 'NOUN'), ('draw', 'VERB'), ('upon', 'ADP'), ('spirit', 'NOUN'), ('find', 'VERB'), ('way', 'NOUN'), ('signal', 'ADJ'), ('earth', 'NOUN'), ('alive', 'ADJ')]"
389,12 Angry Men,12 Angry Men,1957-04-10,34.113,8.574,10431,en,False,"The defense and the prosecution have rested and the jury is filing into the jury room to decide if a young Spanish-American is guilty or innocent of murdering his father. What begins as an open and shut case soon becomes a mini-drama of each of the jurors' prejudices and preconceptions about the trial, the accused, and each other.",defense jury jury room decide innocent murdering father begins open shut case soon becomes prejudices accused,58,16,defens juri juri room decid innoc murder father begin open shut case soon becom prejudic accus,defense jury jury room decide innocent murdering father begin open shut case soon becomes prejudice accused,"[('defense', 'NOUN'), ('jury', 'NOUN'), ('jury', 'NOUN'), ('room', 'NOUN'), ('decide', 'VERB'), ('innocent', 'ADJ'), ('murdering', 'VERB'), ('father', 'NOUN'), ('begins', 'VERB'), ('open', 'ADJ'), ('shut', 'NOUN'), ('case', 'NOUN'), ('soon', 'ADV'), ('becomes', 'VERB'), ('prejudices', 'NOUN'), ('accused', 'VERB')]"
1171145,Crime 101,Crime 101,2026-02-11,33.1419,7.028,1397,en,False,"When an elusive thief whose high-stakes heists unfold along the iconic 101 freeway in Los Angeles eyes the score of a lifetime, with hopes of this being his final job, his path collides with a disillusioned insurance broker who is facing her own crossroads. Determined to crack the case, a relentless detective closes in on the operation, raising the stakes even higher.",elusive thief whose highstakes heists along iconic los angeles score lifetime hopes final job path disillusioned insurance facing determined crack case relentless detective operation raising stakes even,62,27,elus thief whose highstak heist along icon lo angel score lifetim hope final job path disillus insur face determin crack case relentless detect oper rais stake even,elusive thief whose highstakes heist along iconic los angeles score lifetime hope final job path disillusioned insurance facing determined crack case relentless detective operation raising stake even,"[('elusive', 'ADJ'), ('thief', 'NOUN'), ('whose', 'PRON'), ('highstakes', 'NOUN'), ('heists', 'NOUN'), ('along', 'ADP'), ('iconic', 'ADJ'), ('los', 'NOUN'), ('angeles', 'NOUN'), ('score', 'VERB'), ('lifetime', 'ADJ'), ('hopes', 'NOUN'), ('final', 'ADJ'), ('job', 'NOUN'), ('path', 'NOUN'), ('disillusioned', 'VERB'), ('insurance', 'NOUN'), ('facing', 'NOUN'), ('determined', 'VERB'), ('crack', 'NOUN'), ('case', 'NOUN'), ('relentless', 'ADJ'), ('detective', 'NOUN'), ('operation', 'NOUN'), ('raising', 'VERB'), ('stakes', 'NOUN'), ('even', 'ADV')]"
346698,Barbie,Barbie,2023-07-19,33.5968,6.907,11638,en,False,"Barbie and Ken are having the time of their lives in the colorful and seemingly perfect world of Barbie Land. However, when they get a chance to go to the real world, they soon discover the joys and perils of living among humans.",barbie time lives colorful seemingly perfect barbie land however get chance go real soon discover living among humans,43,18,barbi time live color seemingli perfect barbi land howev get chanc go real soon discov live among human,barbie time life colorful seemingly perfect barbie land however get chance go real soon discover living among human,"[('barbie', 'NOUN'), ('time', 'NOUN'), ('lives', 'VERB'), ('colorful', 'ADJ'), ('seemingly', 'ADV'), ('perfect', 'ADJ'), ('barbie', 'NOUN'), ('land', 'NOUN'), ('however', 'ADV'), ('get', 'VERB'), ('chance', 'NOUN'), ('go', 'VERB'), ('real', 'ADJ'), ('soon', 'ADV'), ('discover', 'ADV'), ('living', 'VERB'), ('among', 'ADP'), ('humans', 'NOUN')]"
1481343,The Devil's Mouth,The Devil's Mouth,2026-07-29,27.3893,6.491,808,en,False,"A group of college friends' Thailand adventure turns deadly when they become trapped in submerged caves with a dangerous predator. As oxygen runs low, past conflicts emerge in their desperate fight for survival.",group college friends thailand adventure turns deadly become trapped dangerous predator runs low past emerge desperate fight survival,33,18,group colleg friend thailand adventur turn deadli becom trap danger predat run low past emerg desper fight surviv,group college friend thailand adventure turn deadly become trapped dangerous predator run low past emerge desperate fight survival,"[('group', 'NOUN'), ('college', 'NOUN'), ('friends', 'NOUN'), ('thailand', 'VERB'), ('adventure', 'NOUN'), ('turns', 'VERB'), ('deadly', 'ADV'), ('become', 'VERB'), ('trapped', 'VERB'), ('dangerous', 'ADJ'), ('predator', 'NOUN'), ('runs', 'VERB'), ('low', 'ADJ'), ('past', 'ADP'), ('emerge', 'NOUN'), ('desperate', 'ADJ'), ('fight', 'NOUN'), ('survival', 'NOUN')]"
315162,Puss in Boots: The Last Wish,Puss in Boots: The Last Wish,2022-12-07,32.6738,8.219,9268,en,False,"Puss in Boots discovers that his passion for adventure has taken its toll: He has burned through eight of his nine lives, leaving him with only one life left. Puss sets out on an epic journey to find the mythical Last Wish and restore his nine lives.",puss discovers passion adventure taken toll burned eight nine lives leaving left puss sets epic journey find last wish restore nine lives,47,22,puss discov passion adventur taken toll burn eight nine live leav left puss set epic journey find last wish restor nine live,pus discovers passion adventure taken toll burned eight nine life leaving left pus set epic journey find last wish restore nine life,"[('puss', 'NOUN'), ('discovers', 'NOUN'), ('passion', 'VERB'), ('adventure', 'NOUN'), ('taken', 'VERB'), ('toll', 'NOUN'), ('burned', 'VERB'), ('eight', 'NUM'), ('nine', 'NUM'), ('lives', 'NOUN'), ('leaving', 'VERB'), ('left', 'VERB'), ('puss', 'ADJ'), ('sets', 'NOUN'), ('epic', 'VERB'), ('journey', 'NOUN'), ('find', 'NOUN'), ('last', 'ADJ'), ('wish', 'ADJ'), ('restore', 'NOUN'), ('nine', 'NUM'), ('lives', 'NOUN')]"
11036,The Notebook,The Notebook,2004-06-25,31.634,7.889,12916,en,False,"An epic love story centered around an older man who reads aloud to a woman with Alzheimer's. From a faded notebook, the old man's words bring to life the story about a couple who is separated by World War II, and is then passionately reunited, seven years later, after they have taken different paths.",epic love story around older man reads woman old mans bring story couple separated war ii reunited seven years later taken different paths,54,23,epic love stori around older man read woman old man bring stori coupl separ war ii reunit seven year later taken differ path,epic love story around older man read woman old man bring story couple separated war ii reunited seven year later taken different path,"[('epic', 'NOUN'), ('love', 'VERB'), ('story', 'NOUN'), ('around', 'ADP'), ('older', 'ADJ'), ('man', 'NOUN'), ('reads', 'VERB'), ('woman', 'NOUN'), ('old', 'ADJ'), ('mans', 'NOUN'), ('bring', 'VERB'), ('story', 'NOUN'), ('couple', 'NOUN'), ('separated', 'VERB'), ('war', 'NOUN'), ('ii', 'NOUN'), ('reunited', 'VERB'), ('seven', 'NUM'), ('years', 'NOUN'), ('later', 'ADV'), ('taken', 'VERB'), ('different', 'ADJ'), ('paths', 'NOUN')]"
156022,The Equalizer,The Equalizer,2014-09-24,33.2422,7.295,10245,en,False,"McCall believes he has put his mysterious past behind him and dedicated himself to beginning a new, quiet life. But when he meets Teri, a young girl under the control of ultra-violent Russian gangsters, he can’t stand idly by – he has to help her. Armed with hidden skills that allow him to serve vengeance against anyone who would brutalize the helpless, McCall comes out of his self-imposed retirement and finds his desire for justice reawakened. If someone has a problem, if the odds are stacked against them, if they have nowhere else to turn, McCall will help. He is The Equalizer.",mccall believes put past behind dedicated beginning quiet meets girl control gangsters can’t stand – help armed hidden skills serve vengeance anyone would mccall comes selfimposed retirement finds desire justice someone problem odds else turn mccall help,102,37,mccall believ put past behind dedic begin quiet meet girl control gangster can’t stand – help arm hidden skill serv vengeanc anyon would mccall come selfimpos retir find desir justic someon problem odd els turn mccall help,mccall belief put past behind dedicated beginning quiet meet girl control gangster can’t stand – help armed hidden skill serve vengeance anyone would mccall come selfimposed retirement find desire justice someone problem odds else turn mccall help,"[('mccall', 'NOUN'), ('believes', 'VERB'), ('put', 'VERB'), ('past', 'ADP'), ('behind', 'ADP'), ('dedicated', 'ADJ'), ('beginning', 'VERB'), ('quiet', 'ADJ'), ('meets', 'NOUN'), ('girl', 'VERB'), ('control', 'NOUN'), ('gangsters', 'NOUN'), ('can', 'VERB'), ('’', 'VERB'), ('t', 'ADJ'), ('stand', 'NOUN'), ('–', 'NOUN'), ('help', 'NOUN'), ('armed', 'VERB'), ('hidden', 'ADJ'), ('skills', 'NOUN'), ('serve', 'VERB'), ('vengeance', 'NOUN'), ('anyone', 'NOUN'), ('would', 'VERB'), ('mccall', 'VERB'), ('comes', 'VERB'), ('selfimposed', 'ADJ'), ('retirement', 'NOUN'), ('finds', 'NOUN'), ('desire', 'VERB'), ('justice', 'NOUN'), ('someone', 'NOUN'), ('problem', 'NOUN'), ('odds', 'NOUN'), ('else', 'ADV'), ('turn', 'VERB'), ('mccall', 'NOUN'), ('help', 'NOUN')]"
271110,Captain America: Civil War,Captain America: Civil War,2016-04-27,36.5854,7.454,24645,en,False,"Following the events of Age of Ultron, the collective governments of the world pass an act designed to regulate all superhuman activity. This polarizes opinion amongst the Avengers, causing two factions to side with Iron Man or Captain America, which causes an epic battle between former allies.",following events age ultron collective governments act designed superhuman avengers causing factions side iron man captain america causes epic battle former allies,47,22,follow event age ultron collect govern act design superhuman aveng caus faction side iron man captain america caus epic battl former alli,following event age ultron collective government act designed superhuman avenger causing faction side iron man captain america cause epic battle former ally,"[('following', 'VERB'), ('events', 'NOUN'), ('age', 'NOUN'), ('ultron', 'ADV'), ('collective', 'ADJ'), ('governments', 'NOUN'), ('act', 'NOUN'), ('designed', 'VERB'), ('superhuman', 'ADJ'), ('avengers', 'NOUN'), ('causing', 'VERB'), ('factions', 'NOUN'), ('side', 'NOUN'), ('iron', 'NOUN'), ('man', 'NOUN'), ('captain', 'NOUN'), ('america', 'ADJ'), ('causes', 'VERB'), ('epic', 'ADJ'), ('battle', 'NOUN'), ('former', 'ADJ'), ('allies', 'NOUN')]"
330457,Frozen II,Frozen II,2019-11-20,32.3828,7.222,10495,en,False,"Elsa, Anna, Kristoff and Olaf head far into the forest to learn the truth about an ancient mystery of their kingdom.",anna kristoff olaf head far forest learn truth ancient mystery kingdom,21,11,anna kristoff olaf head far forest learn truth ancient mysteri kingdom,anna kristoff olaf head far forest learn truth ancient mystery kingdom,"[('anna', 'ADV'), ('kristoff', 'NOUN'), ('olaf', 'ADJ'), ('head', 'NOUN'), ('far', 'ADV'), ('forest', 'ADJ'), ('learn', 'ADJ'), ('truth', 'NOUN'), ('ancient', 'ADJ'), ('mystery', 'NOUN'), ('kingdom', 'NOUN')]"
807,Se7en,Se7en,1995-09-22,32.6923,8.382,23899,en,False,"Two homicide detectives are on a desperate hunt for a serial killer whose crimes are based on the ""seven deadly sins"" in this dark and haunting film that takes viewers from the tortured remains of one victim to the next. The seasoned Det. Somerset researches each sin in an effort to get inside the killer's mind, while his novice partner, Mills, scoffs at his efforts to unravel the case.",detectives desperate hunt serial killer whose crimes based seven deadly sins dark haunting film takes remains next seasoned effort get inside killers novice partner efforts unravel case,69,27,detect desper hunt serial killer whose crime base seven deadli sin dark haunt film take remain next season effort get insid killer novic partner effort unravel case,detective desperate hunt serial killer whose crime based seven deadly sin dark haunting film take remains next seasoned effort get inside killer novice partner effort unravel case,"[('detectives', 'NOUN'), ('desperate', 'ADJ'), ('hunt', 'NOUN'), ('serial', 'ADJ'), ('killer', 'NOUN'), ('whose', 'PRON'), ('crimes', 'NOUN'), ('based', 'VERB'), ('seven', 'NUM'), ('deadly', 'ADJ'), ('sins', 'NOUN'), ('dark', 'ADJ'), ('haunting', 'NOUN'), ('film', 'NOUN'), ('takes', 'VERB'), ('remains', 'VERB'), ('next', 'ADJ'), ('seasoned', 'ADJ'), ('effort', 'NOUN'), ('get', 'VERB'), ('inside', 'ADP'), ('killers', 'NOUN'), ('novice', 'ADJ'), ('partner', 'NOUN'), ('efforts', 'NOUN'), ('unravel', 'ADJ'), ('case', 'NOUN')]"
1930,The Amazing Spider-Man,The Amazing Spider-Man,2012-06-23,32.6155,6.763,19171,en,False,A teenage Peter Parker grapples with both high school and amazing super-human crises as his alter-ego Spider-Man.,teenage peter parker grapples high school amazing superhuman spiderman,17,9,teenag peter parker grappl high school amaz superhuman spiderman,teenage peter parker grapple high school amazing superhuman spiderman,"[('teenage', 'NOUN'), ('peter', 'NOUN'), ('parker', 'NOUN'), ('grapples', 'VERB'), ('high', 'ADJ'), ('school', 'NOUN'), ('amazing', 'VERB'), ('superhuman', 'NOUN'), ('spiderman', 'NOUN')]"
9489,You've Got Mail,You've Got Mail,1998-12-18,33.1934,6.711,3769,en,False,Book superstore magnate Joe Fox and independent book shop owner Kathleen Kelly fall in love in the anonymity of the Internet—both blissfully unaware that he's trying to put her out of business.,book joe fox independent book shop owner fall love unaware hes trying put business,32,14,book joe fox independ book shop owner fall love unawar he tri put busi,book joe fox independent book shop owner fall love unaware he trying put business,"[('book', 'NOUN'), ('joe', 'NOUN'), ('fox', 'ADJ'), ('independent', 'ADJ'), ('book', 'NOUN'), ('shop', 'NOUN'), ('owner', 'NOUN'), ('fall', 'NOUN'), ('love', 'NOUN'), ('unaware', 'ADJ'), ('hes', 'NOUN'), ('trying', 'VERB'), ('put', 'NOUN'), ('business', 'NOUN')]"
694,The Shining,The Shining,1980-05-23,30.9286,8.2,19461,en,False,"Jack Torrance accepts a caretaker job at the Overlook Hotel, where he, along with his wife Wendy and their son Danny, must live isolated from the rest of the world for the winter. But they aren't prepared for the madness that lurks within.",jack accepts job hotel along wife son danny live rest winter arent madness lurks within,43,15,jack accept job hotel along wife son danni live rest winter arent mad lurk within,jack accepts job hotel along wife son danny live rest winter arent madness lurks within,"[('jack', 'NOUN'), ('accepts', 'NOUN'), ('job', 'NOUN'), ('hotel', 'NOUN'), ('along', 'ADP'), ('wife', 'NOUN'), ('son', 'NOUN'), ('danny', 'ADJ'), ('live', 'ADJ'), ('rest', 'NOUN'), ('winter', 'NOUN'), ('arent', 'NOUN'), ('madness', 'NOUN'), ('lurks', 'NOUN'), ('within', 'ADP')]"
9806,The Incredibles,The Incredibles,2004-10-27,33.1554,7.73,19362,en,False,"Bob Parr has given up his superhero days to log in time as an insurance adjuster and raise his three children with his formerly heroic wife in suburbia. But when he receives a mysterious assignment, it's time to get back into costume.",bob given superhero days time insurance three children wife suburbia receives time get,42,13,bob given superhero day time insur three children wife suburbia receiv time get,bob given superhero day time insurance three child wife suburbia receives time get,"[('bob', 'NOUN'), ('given', 'VERB'), ('superhero', 'ADJ'), ('days', 'NOUN'), ('time', 'NOUN'), ('insurance', 'NOUN'), ('three', 'NUM'), ('children', 'NOUN'), ('wife', 'NOUN'), ('suburbia', 'VERB'), ('receives', 'NOUN'), ('time', 'NOUN'), ('get', 'VERB')]"
383498,Deadpool 2,Deadpool 2,2018-05-15,29.7528,7.488,19723,en,False,Wisecracking mercenary Deadpool battles the evil and powerful Cable and other bad guys to save a boy's life.,wisecracking mercenary deadpool battles evil powerful bad guys save boys,18,10,wisecrack mercenari deadpool battl evil power bad guy save boy,wisecracking mercenary deadpool battle evil powerful bad guy save boy,"[('wisecracking', 'VERB'), ('mercenary', 'ADJ'), ('deadpool', 'NOUN'), ('battles', 'NOUN'), ('evil', 'VERB'), ('powerful', 'ADJ'), ('bad', 'ADJ'), ('guys', 'NOUN'), ('save', 'VERB'), ('boys', 'NOUN')]"
38757,Tangled,Tangled,2010-11-24,26.4798,7.617,12736,en,False,"Feisty teenager Rapunzel, who has long and magical hair, wants to go and see sky lanterns on her eighteenth birthday, but she's bound to a tower by her overprotective mother. She strikes a deal with Flynn Rider, a charming wanted thief, and the duo set off on an action-packed escapade.",feisty teenager long magical wants go see birthday shes bound tower mother strikes deal charming thief duo set actionpacked,50,19,feisti teenag long magic want go see birthday she bound tower mother strike deal charm thief duo set actionpack,feisty teenager long magical want go see birthday shes bound tower mother strike deal charming thief duo set actionpacked,"[('feisty', 'ADJ'), ('teenager', 'NOUN'), ('long', 'ADV'), ('magical', 'ADJ'), ('wants', 'VERB'), ('go', 'VERB'), ('see', 'ADJ'), ('birthday', 'ADJ'), ('shes', 'NOUN'), ('bound', 'VERB'), ('tower', 'ADJ'), ('mother', 'NOUN'), ('strikes', 'NOUN'), ('deal', 'VERB'), ('charming', 'VERB'), ('thief', 'NOUN'), ('duo', 'NOUN'), ('set', 'VERB'), ('actionpacked', 'VERB')]"
1380291,Tom Clancy's Jack Ryan: Ghost War,Tom Clancy's Jack Ryan: Ghost War,2026-05-20,32.7208,6.9,797,en,False,"Jack Ryan is reluctantly pulled back into espionage when an international covert mission unravels a deadly conspiracy. Racing against time, he joins CIA allies Mike November & James Greer and sharp MI6 officer Emma Marlowe to battle a rogue black-ops unit in a high-stakes, deeply personal fight.",jack reluctantly pulled espionage international covert mission unravels deadly conspiracy racing time joins cia allies mike james officer battle rogue unit highstakes personal fight,47,24,jack reluctantli pull espionag intern covert mission unravel deadli conspiraci race time join cia alli mike jame offic battl rogu unit highstak person fight,jack reluctantly pulled espionage international covert mission unravels deadly conspiracy racing time join cia ally mike james officer battle rogue unit highstakes personal fight,"[('jack', 'NOUN'), ('reluctantly', 'ADV'), ('pulled', 'VERB'), ('espionage', 'ADJ'), ('international', 'ADJ'), ('covert', 'ADJ'), ('mission', 'NOUN'), ('unravels', 'NOUN'), ('deadly', 'ADV'), ('conspiracy', 'VERB'), ('racing', 'VERB'), ('time', 'NOUN'), ('joins', 'VERB'), ('cia', 'ADJ'), ('allies', 'NOUN'), ('mike', 'ADP'), ('james', 'NOUN'), ('officer', 'NOUN'), ('battle', 'NOUN'), ('rogue', 'NOUN'), ('unit', 'NOUN'), ('highstakes', 'VERB'), ('personal', 'ADJ'), ('fight', 'NOUN')]"
272,Batman Begins,Batman Begins,2005-06-10,33.5938,7.73,23277,en,False,"Driven by tragedy, billionaire Bruce Wayne dedicates his life to uncovering and defeating the corruption that plagues his home, Gotham City.  Unable to work within the system, he instead creates a new identity, a symbol of fear for the criminal underworld - The Batman.",driven tragedy billionaire bruce uncovering defeating corruption home gotham city unable work within system instead creates identity symbol fear criminal underworld batman,44,22,driven tragedi billionair bruce uncov defeat corrupt home gotham citi unabl work within system instead creat ident symbol fear crimin underworld batman,driven tragedy billionaire bruce uncovering defeating corruption home gotham city unable work within system instead creates identity symbol fear criminal underworld batman,"[('driven', 'ADV'), ('tragedy', 'NOUN'), ('billionaire', 'NOUN'), ('bruce', 'NOUN'), ('uncovering', 'VERB'), ('defeating', 'VERB'), ('corruption', 'NOUN'), ('home', 'NOUN'), ('gotham', 'NOUN'), ('city', 'NOUN'), ('unable', 'ADJ'), ('work', 'NOUN'), ('within', 'ADP'), ('system', 'NOUN'), ('instead', 'ADV'), ('creates', 'VERB'), ('identity', 'NOUN'), ('symbol', 'NOUN'), ('fear', 'VERB'), ('criminal', 'ADJ'), ('underworld', 'NOUN'), ('batman', 'NOUN')]"
1380417,By Any Means,By Any Means,2026-09-02,30.8796,7.558,26,en,False,"In 1960s Mississippi, a young Black FBI agent is forced to partner with a notorious mafia hitman to investigate a wave of brutal civil rights murders.",1960s mississippi black fbi agent forced partner notorious mafia hitman investigate brutal civil,26,13,1960 mississippi black fbi agent forc partner notori mafia hitman investig brutal civil,1960s mississippi black fbi agent forced partner notorious mafia hitman investigate brutal civil,"[('1960s', 'NUM'), ('mississippi', 'ADJ'), ('black', 'ADJ'), ('fbi', 'NOUN'), ('agent', 'NOUN'), ('forced', 'VERB'), ('partner', 'NOUN'), ('notorious', 'ADJ'), ('mafia', 'NOUN'), ('hitman', 'NOUN'), ('investigate', 'VERB'), ('brutal', 'ADJ'), ('civil', 'ADJ')]"
6435,Practical Magic,Practical Magic,1998-10-16,31.1837,6.813,2004,en,False,"Sally and Gillian Owens, born into a magical family, have mostly avoided witchcraft themselves. But when Gillian's vicious boyfriend, Jimmy Angelov, dies unexpectedly, the Owens sisters give themselves a crash course in hard magic. With policeman Gary Hallet growing suspicious, the girls struggle to resurrect Angelov -- and unwittingly inject his corpse with an evil spirit that threatens to end their family line.",sally owens born magical witchcraft boyfriend jimmy angelov dies unexpectedly owens sisters crash course hard magic growing girls struggle angelov unwittingly corpse evil spirit threatens end line,63,27,salli owen born magic witchcraft boyfriend jimmi angelov die unexpectedli owen sister crash cours hard magic grow girl struggl angelov unwittingli corps evil spirit threaten end line,sally owen born magical witchcraft boyfriend jimmy angelov dy unexpectedly owen sister crash course hard magic growing girl struggle angelov unwittingly corpse evil spirit threatens end line,"[('sally', 'ADV'), ('owens', 'VERB'), ('born', 'ADJ'), ('magical', 'ADJ'), ('witchcraft', 'NOUN'), ('boyfriend', 'NOUN'), ('jimmy', 'NOUN'), ('angelov', 'NOUN'), ('dies', 'VERB'), ('unexpectedly', 'ADV'), ('owens', 'ADJ'), ('sisters', 'NOUN'), ('crash', 'VERB'), ('course', 'NOUN'), ('hard', 'ADJ'), ('magic', 'NOUN'), ('growing', 'VERB'), ('girls', 'NOUN'), ('struggle', 'VERB'), ('angelov', 'ADJ'), ('unwittingly', 'ADV'), ('corpse', 'VERB'), ('evil', 'ADJ'), ('spirit', 'NOUN'), ('threatens', 'NOUN'), ('end', 'VERB'), ('line', 'NOUN')]"
810,Shrek the Third,Shrek the Third,2007-05-17,33.0447,6.315,10029,en,False,"After the King of Far Far Away dies, Shrek and Fiona are to succede. However, Shrek wants to return to his cozy swamp and live in peace and quiet, so when he finds out there is another heir to the throne, he and Donkey set off to bring him back to rule the kingdom.",king far far away dies shrek fiona however shrek wants return live peace quiet finds another heir throne donkey set bring rule kingdom,54,23,king far far away die shrek fiona howev shrek want return live peac quiet find anoth heir throne donkey set bring rule kingdom,king far far away dy shrek fiona however shrek want return live peace quiet find another heir throne donkey set bring rule kingdom,"[('king', 'VERB'), ('far', 'ADV'), ('far', 'ADV'), ('away', 'ADV'), ('dies', 'VERB'), ('shrek', 'ADJ'), ('fiona', 'NOUN'), ('however', 'ADV'), ('shrek', 'ADJ'), ('wants', 'VERB'), ('return', 'VERB'), ('live', 'ADJ'), ('peace', 'NOUN'), ('quiet', 'ADJ'), ('finds', 'VERB'), ('another', 'DET'), ('heir', 'NOUN'), ('throne', 'NOUN'), ('donkey', 'NOUN'), ('set', 'VERB'), ('bring', 'NOUN'), ('rule', 'NOUN'), ('kingdom', 'NOUN')]"
49051,The Hobbit: An Unexpected Journey,The Hobbit: An Unexpected Journey,2012-12-12,31.2021,7.383,20129,en,False,"Bilbo Baggins, a hobbit enjoying his quiet life, is swept into an epic quest by Gandalf the Grey and thirteen dwarves who seek to reclaim their mountain home from Smaug, the dragon.",bilbo baggins hobbit enjoying quiet swept epic quest grey dwarves seek reclaim mountain home dragon,32,15,bilbo baggin hobbit enjoy quiet swept epic quest grey dwarv seek reclaim mountain home dragon,bilbo baggins hobbit enjoying quiet swept epic quest grey dwarf seek reclaim mountain home dragon,"[('bilbo', 'NOUN'), ('baggins', 'NOUN'), ('hobbit', 'VERB'), ('enjoying', 'VERB'), ('quiet', 'ADJ'), ('swept', 'ADJ'), ('epic', 'NOUN'), ('quest', 'ADJ'), ('grey', 'NOUN'), ('dwarves', 'NOUN'), ('seek', 'VERB'), ('reclaim', 'NOUN'), ('mountain', 'NOUN'), ('home', 'NOUN'), ('dragon', 'NOUN')]"
948,Halloween,Halloween,1978-10-24,28.4224,7.558,6398,en,False,"Fifteen years after murdering his sister on Halloween Night 1963, Michael Myers escapes from a mental hospital and returns to the small town of Haddonfield, Illinois to kill again.",years murdering sister halloween night michael escapes mental hospital returns small town kill,29,13,year murder sister halloween night michael escap mental hospit return small town kill,year murdering sister halloween night michael escape mental hospital return small town kill,"[('years', 'NOUN'), ('murdering', 'VERB'), ('sister', 'NOUN'), ('halloween', 'ADJ'), ('night', 'NOUN'), ('michael', 'NOUN'), ('escapes', 'VERB'), ('mental', 'ADJ'), ('hospital', 'NOUN'), ('returns', 'NOUN'), ('small', 'ADJ'), ('town', 'NOUN'), ('kill', 'NOUN')]"
198663,The Maze Runner,The Maze Runner,2014-09-10,30.6813,7.19,18517,en,False,"A teenager with no memory of his past finds himself among a group of boys living in a walled enclosure surrounded by a massive, ever-changing maze. As he struggles to adapt to their rules and society, he begins to uncover clues that may lead to escape and the truth behind their confinement.",teenager memory past finds among group boys living surrounded massive struggles rules society begins uncover clues may lead escape truth behind,52,21,teenag memori past find among group boy live surround massiv struggl rule societi begin uncov clue may lead escap truth behind,teenager memory past find among group boy living surrounded massive struggle rule society begin uncover clue may lead escape truth behind,"[('teenager', 'NOUN'), ('memory', 'NOUN'), ('past', 'ADP'), ('finds', 'NOUN'), ('among', 'ADP'), ('group', 'NOUN'), ('boys', 'VERB'), ('living', 'VERB'), ('surrounded', 'VERB'), ('massive', 'ADJ'), ('struggles', 'NOUN'), ('rules', 'NOUN'), ('society', 'NOUN'), ('begins', 'VERB'), ('uncover', 'ADJ'), ('clues', 'NOUN'), ('may', 'VERB'), ('lead', 'VERB'), ('escape', 'NOUN'), ('truth', 'NOUN'), ('behind', 'ADP')]"
2062,Ratatouille,Ratatouille,2007-06-28,30.3886,7.8,19006,en,False,"In one of Paris's finest restaurants, Remy, a determined young rat, dreams of becoming a renowned French chef. Torn between his family's wishes and his true calling, Remy and his pal Linguini set in motion a hilarious chain of events that turns the City of Lights upside down.",finest remy determined dreams becoming renowned torn familys true calling remy pal set motion hilarious chain events turns city upside,48,20,finest remi determin dream becom renown torn famili true call remi pal set motion hilari chain event turn citi upsid,finest remy determined dream becoming renowned torn family true calling remy pal set motion hilarious chain event turn city upside,"[('finest', 'ADJ'), ('remy', 'NOUN'), ('determined', 'VERB'), ('dreams', 'NOUN'), ('becoming', 'VERB'), ('renowned', 'VERB'), ('torn', 'ADJ'), ('familys', 'NOUN'), ('true', 'ADJ'), ('calling', 'VERB'), ('remy', 'NOUN'), ('pal', 'NOUN'), ('set', 'VERB'), ('motion', 'NOUN'), ('hilarious', 'ADJ'), ('chain', 'NOUN'), ('events', 'NOUN'), ('turns', 'VERB'), ('city', 'NOUN'), ('upside', 'NOUN')]"
71578,Desnudos,Desnudos,2004-10-22,31.004,3.9,13,es,False,"A gentle artist contends with his cheating girlfriend, and an innocent girl longs to break free from an abusive relationship. When fate brings these two lovelorn people together, true love finally blossoms.",gentle artist cheating girlfriend innocent girl break free relationship fate brings people together true love finally,32,16,gentl artist cheat girlfriend innoc girl break free relationship fate bring peopl togeth true love final,gentle artist cheating girlfriend innocent girl break free relationship fate brings people together true love finally,"[('gentle', 'ADJ'), ('artist', 'NOUN'), ('cheating', 'VERB'), ('girlfriend', 'ADJ'), ('innocent', 'ADJ'), ('girl', 'NOUN'), ('break', 'NOUN'), ('free', 'ADJ'), ('relationship', 'NOUN'), ('fate', 'ADJ'), ('brings', 'NOUN'), ('people', 'NOUN'), ('together', 'ADV'), ('true', 'ADJ'), ('love', 'NOUN'), ('finally', 'ADV')]"
1433367,One Night Only,One Night Only,2026-08-06,30.9106,6.436,180,en,False,Two love-starved strangers crash into each other on the one night of the year when single people are allowed to have sex.,strangers crash night year single people allowed,22,7,stranger crash night year singl peopl allow,stranger crash night year single people allowed,"[('strangers', 'NOUN'), ('crash', 'VERB'), ('night', 'NOUN'), ('year', 'NOUN'), ('single', 'ADJ'), ('people', 'NOUN'), ('allowed', 'VERB')]"
10192,Shrek Forever After,Shrek Forever After,2010-05-16,30.841,6.415,8152,en,False,"A midlife-crisis burdened Shrek, longing for the days of when he felt like a real ogre, makes a pact with magic deal-maker Rumpelstiltskin. But when he's duped and sent to a twisted version of Far Far Away—where Rumpelstiltskin is king, ogres are hunted, and he and Fiona have never met—he sets out to restore his world and reclaim his true love.",shrek longing days like real ogre makes magic rumpelstiltskin hes sent twisted version far far rumpelstiltskin king ogres hunted fiona never sets restore reclaim true love,61,26,shrek long day like real ogr make magic rumpelstiltskin he sent twist version far far rumpelstiltskin king ogr hunt fiona never set restor reclaim true love,shrek longing day like real ogre make magic rumpelstiltskin he sent twisted version far far rumpelstiltskin king ogre hunted fiona never set restore reclaim true love,"[('shrek', 'ADJ'), ('longing', 'NOUN'), ('days', 'NOUN'), ('like', 'ADP'), ('real', 'ADJ'), ('ogre', 'ADJ'), ('makes', 'VERB'), ('magic', 'ADJ'), ('rumpelstiltskin', 'ADJ'), ('hes', 'NOUN'), ('sent', 'VERB'), ('twisted', 'ADJ'), ('version', 'NOUN'), ('far', 'ADV'), ('far', 'ADV'), ('rumpelstiltskin', 'ADJ'), ('king', 'NOUN'), ('ogres', 'NOUN'), ('hunted', 'VERB'), ('fiona', 'ADJ'), ('never', 'ADV'), ('sets', 'VERB'), ('restore', 'ADJ'), ('reclaim', 'NOUN'), ('true', 'ADJ'), ('love', 'NOUN')]"
429617,Spider-Man: Far From Home,Spider-Man: Far From Home,2019-06-28,32.0934,7.39,17685,en,False,"Peter Parker and his friends go on a summer trip to Europe. However, they will hardly be able to rest - Peter will have to agree to help Nick Fury uncover the mystery of creatures that cause natural disasters and destruction throughout the continent.",peter parker friends go summer trip europe however able rest peter help nick fury uncover mystery creatures cause natural destruction throughout continent,44,22,peter parker friend go summer trip europ howev abl rest peter help nick furi uncov mysteri creatur caus natur destruct throughout contin,peter parker friend go summer trip europe however able rest peter help nick fury uncover mystery creature cause natural destruction throughout continent,"[('peter', 'NOUN'), ('parker', 'NOUN'), ('friends', 'NOUN'), ('go', 'VERB'), ('summer', 'NOUN'), ('trip', 'NOUN'), ('europe', 'NOUN'), ('however', 'ADV'), ('able', 'ADJ'), ('rest', 'NOUN'), ('peter', 'NOUN'), ('help', 'NOUN'), ('nick', 'ADJ'), ('fury', 'NOUN'), ('uncover', 'ADJ'), ('mystery', 'NOUN'), ('creatures', 'NOUN'), ('cause', 'VERB'), ('natural', 'ADJ'), ('destruction', 'NOUN'), ('throughout', 'ADP'), ('continent', 'NOUN')]"
1400837,Other Mommy,Other Mommy,2026-10-07,29.9864,0.0,0,en,False,"Young Bela forms a relationship with a sinister entity in her home that looks uncannily like her own mother, drawing her into a terrifying and increasingly dark world.",relationship sinister entity home like mother drawing terrifying increasingly dark,28,10,relationship sinist entiti home like mother draw terrifi increasingli dark,relationship sinister entity home like mother drawing terrifying increasingly dark,"[('relationship', 'NOUN'), ('sinister', 'NOUN'), ('entity', 'NOUN'), ('home', 'NOUN'), ('like', 'ADP'), ('mother', 'NOUN'), ('drawing', 'VERB'), ('terrifying', 'VERB'), ('increasingly', 'ADV'), ('dark', 'ADJ')]"
985939,Fall,Fall,2022-08-11,33.2825,7.1,4917,en,False,"For best friends Becky and Hunter, life is all about conquering fears and pushing limits. But after they climb 2,000 feet to the top of a remote, abandoned radio tower, they find themselves stranded with no way down. Now Becky and Hunter's expert climbing skills will be put to the ultimate test as they desperately fight to survive the elements, a lack of supplies, and vertigo-inducing heights.",best friends becky hunter fears pushing limits climb feet top remote abandoned radio tower find stranded way becky hunters expert skills put ultimate test desperately fight survive elements supplies vertigoinducing heights,67,31,best friend becki hunter fear push limit climb feet top remot abandon radio tower find strand way becki hunter expert skill put ultim test desper fight surviv element suppli vertigoinduc height,best friend becky hunter fear pushing limit climb foot top remote abandoned radio tower find stranded way becky hunter expert skill put ultimate test desperately fight survive element supply vertigoinducing height,"[('best', 'ADJ'), ('friends', 'NOUN'), ('becky', 'ADJ'), ('hunter', 'NOUN'), ('fears', 'NOUN'), ('pushing', 'VERB'), ('limits', 'NOUN'), ('climb', 'ADJ'), ('feet', 'NOUN'), ('top', 'ADJ'), ('remote', 'NOUN'), ('abandoned', 'VERB'), ('radio', 'NOUN'), ('tower', 'NOUN'), ('find', 'NOUN'), ('stranded', 'VERB'), ('way', 'NOUN'), ('becky', 'ADJ'), ('hunters', 'NOUN'), ('expert', 'VERB'), ('skills', 'NOUN'), ('put', 'VERB'), ('ultimate', 'ADJ'), ('test', 'NOUN'), ('desperately', 'ADV'), ('fight', 'VERB'), ('survive', 'ADJ'), ('elements', 'NOUN'), ('supplies', 'NOUN'), ('vertigoinducing', 'VERB'), ('heights', 'NOUN')]"
424,Schindler's List,Schindler's List,1993-12-15,30.8041,8.568,17987,en,False,The true story of how businessman Oskar Schindler saved over a thousand Jewish lives from the Nazis while they worked as slaves in his factory during World War II.,true story businessman saved thousand lives nazis worked factory war ii,29,11,true stori businessman save thousand live nazi work factori war ii,true story businessman saved thousand life nazi worked factory war ii,"[('true', 'ADJ'), ('story', 'NOUN'), ('businessman', 'NOUN'), ('saved', 'VERB'), ('thousand', 'NUM'), ('lives', 'NOUN'), ('nazis', 'ADV'), ('worked', 'VERB'), ('factory', 'ADJ'), ('war', 'NOUN'), ('ii', 'NOUN')]"
177572,Big Hero 6,Big Hero 6,2014-10-24,31.8497,7.725,16957,en,False,"A special bond develops between plus-sized inflatable robot Baymax, and prodigy Hiro Hamada, who team up with a group of friends to form a band of high-tech heroes.",special bond develops robot prodigy team group friends form band heroes,28,11,special bond develop robot prodigi team group friend form band hero,special bond develops robot prodigy team group friend form band hero,"[('special', 'ADJ'), ('bond', 'NOUN'), ('develops', 'NOUN'), ('robot', 'VERB'), ('prodigy', 'ADJ'), ('team', 'NOUN'), ('group', 'NOUN'), ('friends', 'VERB'), ('form', 'ADJ'), ('band', 'NOUN'), ('heroes', 'NOUN')]"
38365,Grown Ups,Grown Ups,2010-06-24,32.622,6.438,6915,en,False,"After their high school basketball coach passes away, five good friends and former teammates reunite for a Fourth of July holiday weekend.",high school away five good friends former reunite fourth weekend,22,10,high school away five good friend former reunit fourth weekend,high school away five good friend former reunite fourth weekend,"[('high', 'ADJ'), ('school', 'NOUN'), ('away', 'ADV'), ('five', 'NUM'), ('good', 'ADJ'), ('friends', 'NOUN'), ('former', 'ADJ'), ('reunite', 'ADJ'), ('fourth', 'ADJ'), ('weekend', 'NOUN')]"
76338,Thor: The Dark World,Thor: The Dark World,2013-10-30,32.0628,6.508,18787,en,False,"Thor fights to restore order across the cosmos… but an ancient race led by the vengeful Malekith returns to plunge the universe back into darkness. Faced with an enemy that even Odin and Asgard cannot withstand, Thor must embark on his most perilous and personal journey yet, one that will reunite him with Jane Foster and force him to sacrifice everything to save us all.",thor fights restore order across ancient race led returns plunge universe darkness faced enemy even odin asgard cannot thor embark perilous personal journey yet reunite jane foster force sacrifice everything save us,65,32,thor fight restor order across ancient race led return plung univers dark face enemi even odin asgard cannot thor embark peril person journey yet reunit jane foster forc sacrific everyth save us,thor fight restore order across ancient race led return plunge universe darkness faced enemy even odin asgard cannot thor embark perilous personal journey yet reunite jane foster force sacrifice everything save u,"[('thor', 'NOUN'), ('fights', 'NOUN'), ('restore', 'VERB'), ('order', 'NOUN'), ('across', 'ADP'), ('ancient', 'NOUN'), ('race', 'NOUN'), ('led', 'VERB'), ('returns', 'NOUN'), ('plunge', 'NOUN'), ('universe', 'ADJ'), ('darkness', 'NOUN'), ('faced', 'VERB'), ('enemy', 'ADV'), ('even', 'ADV'), ('odin', 'ADJ'), ('asgard', 'NOUN'), ('can', 'VERB'), ('not', 'ADV'), ('thor', 'VERB'), ('embark', 'ADV'), ('perilous', 'ADJ'), ('personal', 'ADJ'), ('journey', 'NOUN'), ('yet', 'ADV'), ('reunite', 'ADJ'), ('jane', 'NOUN'), ('foster', 'NOUN'), ('force', 'NOUN'), ('sacrifice', 'NOUN'), ('everything', 'NOUN'), ('save', 'VERB'), ('us', 'PRON')]"
502356,The Super Mario Bros. Movie,The Super Mario Bros. Movie,2023-04-05,32.099,7.59,11182,en,False,"While working underground to fix a water main, Brooklyn plumbers—and brothers—Mario and Luigi are transported down a mysterious pipe and wander into a magical new world. But when the brothers are separated, Mario embarks on an epic quest to find Luigi.",working underground main brooklyn luigi transported magical brothers separated mario embarks epic quest find luigi,41,15,work underground main brooklyn luigi transport magic brother separ mario embark epic quest find luigi,working underground main brooklyn luigi transported magical brother separated mario embarks epic quest find luigi,"[('working', 'VERB'), ('underground', 'PRT'), ('main', 'ADJ'), ('brooklyn', 'NOUN'), ('luigi', 'NOUN'), ('transported', 'VERB'), ('magical', 'ADJ'), ('brothers', 'NOUN'), ('separated', 'VERB'), ('mario', 'NOUN'), ('embarks', 'NOUN'), ('epic', 'VERB'), ('quest', 'ADJ'), ('find', 'VERB'), ('luigi', 'ADJ')]"
109445,Frozen,Frozen,2013-11-20,29.8723,7.25,17930,en,False,"Young princess Anna of Arendelle dreams about finding true love at her sister Elsa’s coronation. Fate takes her on a dangerous journey in an attempt to end the eternal winter that has fallen over the kingdom. She's accompanied by ice delivery man Kristoff, his reindeer Sven, and snowman Olaf. On an adventure where she will find out what friendship, courage, family, and true love really means.",princess anna dreams finding true love sister fate takes dangerous journey attempt end eternal winter fallen kingdom shes accompanied ice delivery man kristoff olaf adventure find friendship courage true love really means,66,32,princess anna dream find true love sister fate take danger journey attempt end etern winter fallen kingdom she accompani ice deliveri man kristoff olaf adventur find friendship courag true love realli mean,princess anna dream finding true love sister fate take dangerous journey attempt end eternal winter fallen kingdom shes accompanied ice delivery man kristoff olaf adventure find friendship courage true love really mean,"[('princess', 'NOUN'), ('anna', 'NOUN'), ('dreams', 'VERB'), ('finding', 'VERB'), ('true', 'ADJ'), ('love', 'NOUN'), ('sister', 'NOUN'), ('fate', 'NOUN'), ('takes', 'VERB'), ('dangerous', 'ADJ'), ('journey', 'NOUN'), ('attempt', 'ADJ'), ('end', 'NOUN'), ('eternal', 'ADJ'), ('winter', 'NOUN'), ('fallen', 'VERB'), ('kingdom', 'NOUN'), ('shes', 'NOUN'), ('accompanied', 'VERB'), ('ice', 'ADJ'), ('delivery', 'NOUN'), ('man', 'NOUN'), ('kristoff', 'NOUN'), ('olaf', 'ADJ'), ('adventure', 'NOUN'), ('find', 'VERB'), ('friendship', 'ADJ'), ('courage', 'NOUN'), ('true', 'ADJ'), ('love', 'NOUN'), ('really', 'ADV'), ('means', 'VERB')]"
822653,Puella Magi Madoka Magica the Movie -Walpurgisnacht: Rising-,劇場版 魔法少女まどか☆マギカ〈ワルプルギスの廻天〉,2026-08-28,33.7283,9.0,2,ja,False,"After the events of Rebellion, the world appears to be in balance—but that peace is fragile. As a new threat connected to Walpurgisnacht emerges, Homura Akemi is forced to face the consequences of her choices and question how far she is willing to go to protect Madoka.",events rebellion appears peace fragile threat connected emerges forced face consequences choices question far go protect,47,16,event rebellion appear peac fragil threat connect emerg forc face consequ choic question far go protect,event rebellion appears peace fragile threat connected emerges forced face consequence choice question far go protect,"[('events', 'NOUN'), ('rebellion', 'NOUN'), ('appears', 'VERB'), ('peace', 'NOUN'), ('fragile', 'ADJ'), ('threat', 'NOUN'), ('connected', 'VERB'), ('emerges', 'NOUN'), ('forced', 'VERB'), ('face', 'NOUN'), ('consequences', 'NOUN'), ('choices', 'NOUN'), ('question', 'NOUN'), ('far', 'ADV'), ('go', 'VERB'), ('protect', 'ADJ')]"
866398,The Beekeeper,The Beekeeper,2024-01-08,30.858,7.281,4577,en,False,One man's campaign for vengeance takes on national stakes after he is revealed to be a former operative of a powerful and clandestine organization known as Beekeepers.,mans campaign vengeance takes stakes revealed former operative powerful organization known,27,11,man campaign vengeanc take stake reveal former oper power organ known,man campaign vengeance take stake revealed former operative powerful organization known,"[('mans', 'NOUN'), ('campaign', 'NOUN'), ('vengeance', 'NOUN'), ('takes', 'VERB'), ('stakes', 'NOUN'), ('revealed', 'VERB'), ('former', 'ADJ'), ('operative', 'ADJ'), ('powerful', 'ADJ'), ('organization', 'NOUN'), ('known', 'VERB')]"
653346,Kingdom of the Planet of the Apes,Kingdom of the Planet of the Apes,2024-05-08,30.4926,7.048,4488,en,False,"Several generations following Caesar's reign, apes – now the dominant species – live harmoniously while humans have been reduced to living in the shadows. As a new tyrannical ape leader builds his empire, one young ape undertakes a harrowing journey that will cause him to question all he's known about the past and to make choices that will define a future for apes and humans alike.",several generations following reign apes – species – live humans living shadows tyrannical ape leader empire ape harrowing journey cause question hes known past make choices future apes humans,66,29,sever gener follow reign ape – speci – live human live shadow tyrann ape leader empir ape harrow journey caus question he known past make choic futur ape human,several generation following reign ape – specie – live human living shadow tyrannical ape leader empire ape harrowing journey cause question he known past make choice future ape human,"[('several', 'ADJ'), ('generations', 'NOUN'), ('following', 'VERB'), ('reign', 'NOUN'), ('apes', 'NOUN'), ('–', 'ADJ'), ('species', 'NOUN'), ('–', 'VERB'), ('live', 'ADJ'), ('humans', 'NOUN'), ('living', 'VERB'), ('shadows', 'NOUN'), ('tyrannical', 'ADJ'), ('ape', 'NOUN'), ('leader', 'NOUN'), ('empire', 'NOUN'), ('ape', 'NOUN'), ('harrowing', 'VERB'), ('journey', 'NOUN'), ('cause', 'NOUN'), ('question', 'NOUN'), ('hes', 'NOUN'), ('known', 'VERB'), ('past', 'ADJ'), ('make', 'NOUN'), ('choices', 'NOUN'), ('future', 'ADJ'), ('apes', 'NOUN'), ('humans', 'NOUN')]"
47260,Caught,Caught,1996-01-24,25.3207,5.7,28,en,False,A middle-aged couple has a drifter enter their lives. The fish-store owners find that the mysterious young man awakens the couple in ways they didn't expect. Things get tense when the drifter begins an affair with the woman of the house.,couple drifter enter lives find man awakens couple didnt things get drifter begins affair woman house,41,16,coupl drifter enter live find man awaken coupl didnt thing get drifter begin affair woman hous,couple drifter enter life find man awakens couple didnt thing get drifter begin affair woman house,"[('couple', 'NOUN'), ('drifter', 'NOUN'), ('enter', 'NOUN'), ('lives', 'VERB'), ('find', 'VERB'), ('man', 'NOUN'), ('awakens', 'VERB'), ('couple', 'ADJ'), ('didnt', 'ADJ'), ('things', 'NOUN'), ('get', 'VERB'), ('drifter', 'ADJ'), ('begins', 'NOUN'), ('affair', 'VERB'), ('woman', 'NOUN'), ('house', 'NOUN')]"
489,Good Will Hunting,Good Will Hunting,1997-12-05,30.8643,8.165,14375,en,False,"Will Hunting is a headstrong, working-class genius who is failing the lessons of life. After one too many run-ins with the law, Will's last chance is a psychology professor, who might be the only man who can reach him.",hunting workingclass genius failing many law wills last chance psychology professor might man reach,39,14,hunt workingclass geniu fail mani law will last chanc psycholog professor might man reach,hunting workingclass genius failing many law will last chance psychology professor might man reach,"[('hunting', 'VERB'), ('workingclass', 'NOUN'), ('genius', 'NOUN'), ('failing', 'VERB'), ('many', 'ADJ'), ('law', 'NOUN'), ('wills', 'NOUN'), ('last', 'ADJ'), ('chance', 'NOUN'), ('psychology', 'NOUN'), ('professor', 'NOUN'), ('might', 'VERB'), ('man', 'NOUN'), ('reach', 'VERB')]"
16869,Inglourious Basterds,Inglourious Basterds,2009-08-02,32.022,8.217,24872,en,False,"In Nazi-occupied France during World War II, a group of Jewish-American soldiers known as ""The Basterds"" are chosen specifically to spread fear throughout the Third Reich by scalping and brutally killing Nazis. The Basterds, lead by Lt. Aldo Raine soon cross paths with a French-Jewish teenage girl who runs a movie theater in Paris which is targeted by the soldiers.",war ii group soldiers known basterds chosen fear throughout brutally killing nazis basterds lead lt soon cross paths teenage girl runs movie theater paris soldiers,60,25,war ii group soldier known basterd chosen fear throughout brutal kill nazi basterd lead lt soon cross path teenag girl run movi theater pari soldier,war ii group soldier known basterds chosen fear throughout brutally killing nazi basterds lead lt soon cross path teenage girl run movie theater paris soldier,"[('war', 'NOUN'), ('ii', 'NOUN'), ('group', 'NOUN'), ('soldiers', 'NOUN'), ('known', 'VERB'), ('basterds', 'NOUN'), ('chosen', 'VERB'), ('fear', 'VERB'), ('throughout', 'ADP'), ('brutally', 'ADV'), ('killing', 'VERB'), ('nazis', 'ADJ'), ('basterds', 'NOUN'), ('lead', 'VERB'), ('lt', 'ADV'), ('soon', 'ADV'), ('cross', 'ADJ'), ('paths', 'NOUN'), ('teenage', 'VERB'), ('girl', 'ADJ'), ('runs', 'NOUN'), ('movie', 'NOUN'), ('theater', 'NOUN'), ('paris', 'NOUN'), ('soldiers', 'NOUN')]"
106646,The Wolf of Wall Street,The Wolf of Wall Street,2013-12-25,31.6485,8.027,26637,en,False,"A New York stockbroker refuses to cooperate in a large securities fraud case involving corruption on Wall Street, corporate banking world and mob infiltration. Based on Jordan Belfort's autobiography.",york refuses large case corruption wall street corporate mob based,29,10,york refus larg case corrupt wall street corpor mob base,york refuse large case corruption wall street corporate mob based,"[('york', 'NOUN'), ('refuses', 'VERB'), ('large', 'ADJ'), ('case', 'NOUN'), ('corruption', 'NOUN'), ('wall', 'NOUN'), ('street', 'NOUN'), ('corporate', 'ADJ'), ('mob', 'NOUN'), ('based', 'VERB')]"
259693,The Conjuring 2,The Conjuring 2,2016-06-08,30.8536,7.295,9449,en,False,Lorraine and Ed Warren travel to north London to help a single mother raising four children alone in a house plagued by malicious spirits.,lorraine ed warren travel north london help single mother raising four children alone house plagued spirits,24,16,lorrain ed warren travel north london help singl mother rais four children alon hous plagu spirit,lorraine ed warren travel north london help single mother raising four child alone house plagued spirit,"[('lorraine', 'NOUN'), ('ed', 'VERB'), ('warren', 'NOUN'), ('travel', 'VERB'), ('north', 'ADJ'), ('london', 'NOUN'), ('help', 'NOUN'), ('single', 'ADJ'), ('mother', 'NOUN'), ('raising', 'VERB'), ('four', 'NUM'), ('children', 'NOUN'), ('alone', 'ADV'), ('house', 'NOUN'), ('plagued', 'VERB'), ('spirits', 'NOUN')]"
419430,Get Out,Get Out,2017-02-24,32.6957,7.625,19416,en,False,"Chris and his girlfriend Rose go upstate to visit her parents for the weekend. At first, Chris reads the family's overly accommodating behavior as nervous attempts to deal with their daughter's interracial relationship, but as the weekend progresses, a series of increasingly disturbing discoveries lead him to a truth that he never could have imagined.",chris girlfriend rose go visit parents weekend first chris reads familys attempts deal daughters relationship weekend series increasingly disturbing lead truth never could imagined,55,24,chri girlfriend rose go visit parent weekend first chri read famili attempt deal daughter relationship weekend seri increasingli disturb lead truth never could imagin,chris girlfriend rose go visit parent weekend first chris read family attempt deal daughter relationship weekend series increasingly disturbing lead truth never could imagined,"[('chris', 'ADJ'), ('girlfriend', 'NOUN'), ('rose', 'VERB'), ('go', 'ADJ'), ('visit', 'ADJ'), ('parents', 'NOUN'), ('weekend', 'NOUN'), ('first', 'ADV'), ('chris', 'ADJ'), ('reads', 'NOUN'), ('familys', 'VERB'), ('attempts', 'NOUN'), ('deal', 'VERB'), ('daughters', 'NOUN'), ('relationship', 'NOUN'), ('weekend', 'NOUN'), ('series', 'NOUN'), ('increasingly', 'ADV'), ('disturbing', 'ADJ'), ('lead', 'NOUN'), ('truth', 'NOUN'), ('never', 'ADV'), ('could', 'VERB'), ('imagined', 'VERB')]"
228150,Fury,Fury,2014-10-15,31.9137,7.545,13279,en,False,"April, 1945. As the Allies make their final push in the European Theater, a battle-hardened army sergeant commands a Sherman tank with a five-man crew on a deadly mission behind enemy lines.",april 1945 allies make final push european theater army crew deadly mission behind enemy lines,32,15,april 1945 alli make final push european theater armi crew deadli mission behind enemi line,april 1945 ally make final push european theater army crew deadly mission behind enemy line,"[('april', 'NOUN'), ('1945', 'NUM'), ('allies', 'NOUN'), ('make', 'VERB'), ('final', 'ADJ'), ('push', 'NOUN'), ('european', 'ADJ'), ('theater', 'NOUN'), ('army', 'NOUN'), ('crew', 'VERB'), ('deadly', 'ADJ'), ('mission', 'NOUN'), ('behind', 'ADP'), ('enemy', 'NOUN'), ('lines', 'NOUN')]"
72190,World War Z,World War Z,2013-06-19,30.836,6.854,17111,en,False,"Life for former United Nations investigator Gerry Lane and his family seems content. Suddenly, the world is plagued by a mysterious infection turning whole human populations into rampaging mindless zombies. After barely escaping the chaos, Lane is persuaded to go on a mission to investigate this disease. What follows is a perilous trek around the world where Lane must brave horrific dangers and long odds to find answers before human civilization falls.",former united nations lane seems content suddenly plagued turning whole human barely chaos lane go mission investigate follows perilous around lane brave horrific long odds find answers human civilization falls,72,30,former unit nation lane seem content suddenli plagu turn whole human bare chao lane go mission investig follow peril around lane brave horrif long odd find answer human civil fall,former united nation lane seems content suddenly plagued turning whole human barely chaos lane go mission investigate follows perilous around lane brave horrific long odds find answer human civilization fall,"[('former', 'ADJ'), ('united', 'ADJ'), ('nations', 'NOUN'), ('lane', 'NOUN'), ('seems', 'VERB'), ('content', 'ADJ'), ('suddenly', 'ADV'), ('plagued', 'VERB'), ('turning', 'VERB'), ('whole', 'ADJ'), ('human', 'ADJ'), ('barely', 'ADV'), ('chaos', 'NOUN'), ('lane', 'NOUN'), ('go', 'VERB'), ('mission', 'NOUN'), ('investigate', 'NOUN'), ('follows', 'VERB'), ('perilous', 'ADJ'), ('around', 'ADP'), ('lane', 'NOUN'), ('brave', 'VERB'), ('horrific', 'VERB'), ('long', 'ADV'), ('odds', 'ADJ'), ('find', 'VERB'), ('answers', 'NOUN'), ('human', 'ADJ'), ('civilization', 'NOUN'), ('falls', 'NOUN')]"
8966,Twilight,Twilight,2008-11-20,31.8096,6.272,14712,en,False,"When Bella Swan moves to a small town in the Pacific Northwest, she falls in love with Edward Cullen, a mysterious classmate who reveals himself to be a 108-year-old vampire. Despite Edward's repeated cautions, Bella can't stay away from him, a fatal move that endangers her own life.",bella moves small town pacific falls love reveals despite bella cant stay away fatal move,48,15,bella move small town pacif fall love reveal despit bella cant stay away fatal move,bella move small town pacific fall love reveals despite bella cant stay away fatal move,"[('bella', 'NOUN'), ('moves', 'NOUN'), ('small', 'ADJ'), ('town', 'NOUN'), ('pacific', 'NOUN'), ('falls', 'VERB'), ('love', 'ADP'), ('reveals', 'NOUN'), ('despite', 'ADP'), ('bella', 'NOUN'), ('cant', 'NOUN'), ('stay', 'VERB'), ('away', 'ADV'), ('fatal', 'ADJ'), ('move', 'NOUN')]"
845781,Red One,Red One,2024-10-31,30.3943,6.951,3184,en,False,"After Santa Claus (codename: Red One) is kidnapped, the North Pole's Head of Security must team up with the world's most infamous tracker in a globe-trotting, action-packed mission to save Christmas.",santa claus red kidnapped north head security team worlds infamous globetrotting actionpacked mission save christmas,31,15,santa clau red kidnap north head secur team world infam globetrot actionpack mission save christma,santa claus red kidnapped north head security team world infamous globetrotting actionpacked mission save christmas,"[('santa', 'NOUN'), ('claus', 'NOUN'), ('red', 'VERB'), ('kidnapped', 'VERB'), ('north', 'ADJ'), ('head', 'NOUN'), ('security', 'NOUN'), ('team', 'NOUN'), ('worlds', 'VERB'), ('infamous', 'ADJ'), ('globetrotting', 'VERB'), ('actionpacked', 'ADJ'), ('mission', 'NOUN'), ('save', 'VERB'), ('christmas', 'NOUN')]"
967941,Wicked: For Good,Wicked: For Good,2025-11-19,29.9963,6.573,1169,en,False,"As an angry mob rises against the Wicked Witch, Glinda and Elphaba must unite one last time with honesty and empathy to fulfill their shared destiny and change the fate of Oz forever.",angry mob rises witch unite last time shared destiny change fate forever,33,12,angri mob rise witch unit last time share destini chang fate forev,angry mob rise witch unite last time shared destiny change fate forever,"[('angry', 'ADJ'), ('mob', 'NOUN'), ('rises', 'VERB'), ('witch', 'VERB'), ('unite', 'ADP'), ('last', 'ADJ'), ('time', 'NOUN'), ('shared', 'VERB'), ('destiny', 'ADJ'), ('change', 'NOUN'), ('fate', 'NOUN'), ('forever', 'NOUN')]"
411,"The Chronicles of Narnia: The Lion, the Witch and the Wardrobe","The Chronicles of Narnia: The Lion, the Witch and the Wardrobe",2005-12-07,29.5357,7.144,11806,en,False,Four kids travel through a wardrobe to the land of Narnia and learn of their destiny to free it with the guidance of a mystical lion.,four kids travel land learn destiny free guidance mystical lion,26,10,four kid travel land learn destini free guidanc mystic lion,four kid travel land learn destiny free guidance mystical lion,"[('four', 'NUM'), ('kids', 'NOUN'), ('travel', 'NOUN'), ('land', 'NOUN'), ('learn', 'VERB'), ('destiny', 'ADJ'), ('free', 'ADJ'), ('guidance', 'NOUN'), ('mystical', 'ADJ'), ('lion', 'NOUN')]"
181808,Star Wars: The Last Jedi,Star Wars: The Last Jedi,2017-12-13,30.9762,6.734,16729,en,False,"Rey develops her newly discovered abilities with the guidance of Luke Skywalker, who is unsettled by the strength of her powers. Meanwhile, the Resistance prepares to do battle with the First Order.",develops newly discovered abilities guidance luke skywalker strength powers meanwhile resistance prepares battle first order,32,15,develop newli discov abil guidanc luke skywalk strength power meanwhil resist prepar battl first order,develops newly discovered ability guidance luke skywalker strength power meanwhile resistance prepares battle first order,"[('develops', 'NOUN'), ('newly', 'ADV'), ('discovered', 'VERB'), ('abilities', 'NOUN'), ('guidance', 'NOUN'), ('luke', 'NOUN'), ('skywalker', 'NOUN'), ('strength', 'NOUN'), ('powers', 'NOUN'), ('meanwhile', 'VERB'), ('resistance', 'NOUN'), ('prepares', 'NOUN'), ('battle', 'NOUN'), ('first', 'ADV'), ('order', 'NOUN')]"
1598766,Crayon Shin-chan the Movie: Very Bizarre! My Yokai Vacation,クレヨンしんちゃん 奇々怪々！オラの妖怪バケ～ション,2026-07-31,30.5338,0.0,0,ja,False,"Shin-chan and his family visit his father's home town of Akita in order to view the Omagari Fireworks Festival. When a strange incident to causes the residents of “Yokai Land” to begin running wild throughout Akita and the rest of Japan, Shin-chan and company are lured to “Yokai Land” for an unusual adventure.",shinchan visit fathers home town akita order festival strange incident causes “yokai land” begin running wild throughout akita rest shinchan company “yokai land” unusual adventure,53,25,shinchan visit father home town akita order festiv strang incid caus “yokai land” begin run wild throughout akita rest shinchan compani “yokai land” unusu adventur,shinchan visit father home town akita order festival strange incident cause “yokai land” begin running wild throughout akita rest shinchan company “yokai land” unusual adventure,"[('shinchan', 'ADJ'), ('visit', 'NOUN'), ('fathers', 'NOUN'), ('home', 'VERB'), ('town', 'NOUN'), ('akita', 'ADJ'), ('order', 'NOUN'), ('festival', 'NOUN'), ('strange', 'ADJ'), ('incident', 'NOUN'), ('causes', 'VERB'), ('“', 'NOUN'), ('yokai', 'NOUN'), ('land', 'NOUN'), ('”', 'NOUN'), ('begin', 'VERB'), ('running', 'VERB'), ('wild', 'ADJ'), ('throughout', 'ADP'), ('akita', 'ADJ'), ('rest', 'NOUN'), ('shinchan', 'NOUN'), ('company', 'NOUN'), ('“', 'NOUN'), ('yokai', 'NOUN'), ('land', 'NOUN'), ('”', 'NOUN'), ('unusual', 'ADJ'), ('adventure', 'NOUN')]"
425274,Now You See Me: Now You Don't,Now You See Me: Now You Don't,2025-11-12,31.3392,6.44,1860,en,False,"The original Four Horsemen reunite with a new generation of illusionists to take on powerful diamond heiress Veronika Vanderberg, who leads a criminal empire built on money laundering and trafficking. The new and old magicians must overcome their differences to work together on their most ambitious heist yet.",original four reunite generation illusionists take powerful leads criminal empire built money old magicians overcome differences work together ambitious heist yet,48,21,origin four reunit gener illusionist take power lead crimin empir built money old magician overcom differ work togeth ambiti heist yet,original four reunite generation illusionist take powerful lead criminal empire built money old magician overcome difference work together ambitious heist yet,"[('original', 'ADJ'), ('four', 'NUM'), ('reunite', 'ADJ'), ('generation', 'NOUN'), ('illusionists', 'NOUN'), ('take', 'VERB'), ('powerful', 'ADJ'), ('leads', 'NOUN'), ('criminal', 'ADJ'), ('empire', 'NOUN'), ('built', 'VERB'), ('money', 'NOUN'), ('old', 'ADJ'), ('magicians', 'VERB'), ('overcome', 'ADJ'), ('differences', 'NOUN'), ('work', 'VERB'), ('together', 'ADV'), ('ambitious', 'ADJ'), ('heist', 'NOUN'), ('yet', 'ADV')]"
466420,Killers of the Flower Moon,Killers of the Flower Moon,2023-10-18,29.3984,7.392,4379,en,False,"When oil is discovered in 1920s Oklahoma under Osage Nation land, the Osage people are murdered one by one—until the FBI steps in to unravel the mystery.",discovered 1920s osage nation land osage people murdered fbi steps unravel mystery,27,12,discov 1920 osag nation land osag peopl murder fbi step unravel mysteri,discovered 1920s osage nation land osage people murdered fbi step unravel mystery,"[('discovered', 'VERB'), ('1920s', 'NUM'), ('osage', 'NOUN'), ('nation', 'NOUN'), ('land', 'NOUN'), ('osage', 'NOUN'), ('people', 'NOUN'), ('murdered', 'VERB'), ('fbi', 'ADJ'), ('steps', 'NOUN'), ('unravel', 'ADJ'), ('mystery', 'NOUN')]"
37165,The Truman Show,The Truman Show,1998-06-04,28.9006,8.16,20948,en,False,"In a picture-perfect seaside town, an insurance salesman begins to realize that his entire existence may be staged and observed by a vast unseen audience as part of a long-running real-time reality TV show.",town insurance salesman begins realize entire existence may vast unseen part reality tv show,34,14,town insur salesman begin realiz entir exist may vast unseen part realiti tv show,town insurance salesman begin realize entire existence may vast unseen part reality tv show,"[('town', 'NOUN'), ('insurance', 'NOUN'), ('salesman', 'NOUN'), ('begins', 'VERB'), ('realize', 'VERB'), ('entire', 'ADJ'), ('existence', 'NOUN'), ('may', 'VERB'), ('vast', 'VERB'), ('unseen', 'ADJ'), ('part', 'NOUN'), ('reality', 'NOUN'), ('tv', 'NOUN'), ('show', 'NOUN')]"
1489187,You Drive Me Crazy,Сводишь с ума,2025-10-09,53.9102,7.872,39,ru,False,"Alisa moves into a spacious apartment in St. Petersburg, where the mirror starts to malfunction, showing the young lodger a parallel reality of the same apartment. Only it is not Alisa who lives in this parallel reality, but the party animal Ivan. Will the young people be able to recognize true love and will they be able to unite their worlds in order to meet in reality and simply touch each other?",alisa moves apartment starts parallel reality apartment alisa lives parallel reality party animal people able true love able unite worlds order meet reality touch,72,24,alisa move apart start parallel realiti apart alisa live parallel realiti parti anim peopl abl true love abl unit world order meet realiti touch,alisa move apartment start parallel reality apartment alisa life parallel reality party animal people able true love able unite world order meet reality touch,"[('alisa', 'ADJ'), ('moves', 'NOUN'), ('apartment', 'NOUN'), ('starts', 'VERB'), ('parallel', 'ADJ'), ('reality', 'NOUN'), ('apartment', 'NOUN'), ('alisa', 'NOUN'), ('lives', 'VERB'), ('parallel', 'ADJ'), ('reality', 'NOUN'), ('party', 'NOUN'), ('animal', 'ADJ'), ('people', 'NOUN'), ('able', 'ADJ'), ('true', 'ADJ'), ('love', 'NOUN'), ('able', 'ADJ'), ('unite', 'ADJ'), ('worlds', 'NOUN'), ('order', 'NOUN'), ('meet', 'NOUN'), ('reality', 'NOUN'), ('touch', 'NOUN')]"
950396,The Gorge,The Gorge,2025-02-13,29.7121,7.701,4257,en,False,"Two highly trained operatives grow close from a distance after being sent to guard opposite sides of a mysterious gorge. When an evil below emerges, they must work together to survive what lies within.",highly trained operatives grow close sent guard sides evil emerges work together survive lies within,34,15,highli train oper grow close sent guard side evil emerg work togeth surviv lie within,highly trained operative grow close sent guard side evil emerges work together survive lie within,"[('highly', 'ADV'), ('trained', 'ADJ'), ('operatives', 'NOUN'), ('grow', 'VERB'), ('close', 'ADJ'), ('sent', 'ADJ'), ('guard', 'NOUN'), ('sides', 'NOUN'), ('evil', 'VERB'), ('emerges', 'VERB'), ('work', 'VERB'), ('together', 'ADV'), ('survive', 'ADJ'), ('lies', 'NOUN'), ('within', 'ADP')]"
1329016,Tony,Tony,2026-08-07,28.156,7.542,119,en,False,"A 19-year-old Anthony Bourdain travels to Provincetown and stumbles into the chaotic world of a restaurant kitchen, setting off a summer that will shape the course of his life.",travels stumbles chaotic restaurant setting summer shape course,29,8,travel stumbl chaotic restaur set summer shape cours,travel stumble chaotic restaurant setting summer shape course,"[('travels', 'NOUN'), ('stumbles', 'NOUN'), ('chaotic', 'ADJ'), ('restaurant', 'NOUN'), ('setting', 'VERB'), ('summer', 'NOUN'), ('shape', 'NOUN'), ('course', 'NOUN')]"
559,Spider-Man 3,Spider-Man 3,2007-05-01,30.5377,6.484,15835,en,False,"The seemingly invincible Spider-Man goes up against an all-new crop of villains—including the shape-shifting Sandman. While Spider-Man’s superpowers are altered by an alien organism, his alter ego, Peter Parker, deals with nemesis Eddie Brock and also gets caught up in a love triangle.",seemingly invincible spiderman goes allnew shapeshifting superpowers altered alien alter ego peter parker nemesis eddie also gets caught love,43,19,seemingli invinc spiderman goe allnew shapeshift superpow alter alien alter ego peter parker nemesi eddi also get caught love,seemingly invincible spiderman go allnew shapeshifting superpower altered alien alter ego peter parker nemesis eddie also get caught love,"[('seemingly', 'ADV'), ('invincible', 'ADJ'), ('spiderman', 'NOUN'), ('goes', 'VERB'), ('allnew', 'ADV'), ('shapeshifting', 'VERB'), ('superpowers', 'NOUN'), ('altered', 'VERB'), ('alien', 'ADJ'), ('alter', 'NOUN'), ('ego', 'NOUN'), ('peter', 'NOUN'), ('parker', 'NOUN'), ('nemesis', 'NOUN'), ('eddie', 'NOUN'), ('also', 'ADV'), ('gets', 'VERB'), ('caught', 'VERB'), ('love', 'NOUN')]"
760104,X,X,2022-03-17,30.714,6.703,4163,en,False,"In 1979, a group of young filmmakers set out to make an adult film in rural Texas, but when their reclusive, elderly hosts catch them in the act, the cast find themselves fighting for their lives.",1979 group set make adult film texas reclusive elderly catch act cast find fighting lives,36,15,1979 group set make adult film texa reclus elderli catch act cast find fight live,1979 group set make adult film texas reclusive elderly catch act cast find fighting life,"[('1979', 'NUM'), ('group', 'NOUN'), ('set', 'VERB'), ('make', 'VERB'), ('adult', 'NOUN'), ('film', 'NOUN'), ('texas', 'NOUN'), ('reclusive', 'VERB'), ('elderly', 'ADJ'), ('catch', 'NOUN'), ('act', 'NOUN'), ('cast', 'VERB'), ('find', 'ADJ'), ('fighting', 'NOUN'), ('lives', 'NOUN')]"
1580190,The Scavenger,除暴之路,2026-09-23,21.14,2.0,1,zh,False,"When his aspiring-celebrity sister becomes trapped in a criminal scheme within an entertainment company, a devoted brother teams up with local police to uncover the truth and take down the powerful underworld behind it.",sister becomes trapped criminal scheme within company devoted brother teams local police uncover truth take powerful underworld behind,34,18,sister becom trap crimin scheme within compani devot brother team local polic uncov truth take power underworld behind,sister becomes trapped criminal scheme within company devoted brother team local police uncover truth take powerful underworld behind,"[('sister', 'NOUN'), ('becomes', 'VERB'), ('trapped', 'VERB'), ('criminal', 'ADJ'), ('scheme', 'NOUN'), ('within', 'ADP'), ('company', 'NOUN'), ('devoted', 'VERB'), ('brother', 'NOUN'), ('teams', 'NOUN'), ('local', 'ADJ'), ('police', 'NOUN'), ('uncover', 'ADV'), ('truth', 'VERB'), ('take', 'VERB'), ('powerful', 'ADJ'), ('underworld', 'NOUN'), ('behind', 'ADP')]"
269149,Zootopia,Zootopia,2016-02-11,29.4073,7.765,18569,en,False,"Determined to prove herself, Officer Judy Hopps, the first bunny on Zootopia's police force, jumps at the chance to crack her first case - even if it means partnering with scam-artist fox Nick Wilde to solve the mystery.",determined prove officer first police force chance crack first case even means fox nick solve mystery,38,16,determin prove offic first polic forc chanc crack first case even mean fox nick solv mysteri,determined prove officer first police force chance crack first case even mean fox nick solve mystery,"[('determined', 'VERB'), ('prove', 'ADJ'), ('officer', 'NOUN'), ('first', 'ADV'), ('police', 'ADJ'), ('force', 'NOUN'), ('chance', 'NOUN'), ('crack', 'NOUN'), ('first', 'ADJ'), ('case', 'NOUN'), ('even', 'ADV'), ('means', 'VERB'), ('fox', 'ADJ'), ('nick', 'ADJ'), ('solve', 'NOUN'), ('mystery', 'NOUN')]"
447332,A Quiet Place,A Quiet Place,2018-04-03,30.7559,7.395,15780,en,False,A family is forced to live in silence while hiding from creatures that hunt by sound.,forced live silence hiding creatures hunt sound,16,7,forc live silenc hide creatur hunt sound,forced live silence hiding creature hunt sound,"[('forced', 'VERB'), ('live', 'ADJ'), ('silence', 'NOUN'), ('hiding', 'NOUN'), ('creatures', 'NOUN'), ('hunt', 'VERB'), ('sound', 'NOUN')]"
377670,Chapo: El Escape Del Siglo,Chapo: El Escape Del Siglo,2016-01-15,26.6865,5.5,31,es,False,A famous drug kingpin escapes from prison. The mexican president wants him back in jail whereas the U.S. government wants him dead.,famous drug kingpin escapes prison mexican president wants us government wants dead,22,12,famou drug kingpin escap prison mexican presid want us govern want dead,famous drug kingpin escape prison mexican president want u government want dead,"[('famous', 'ADJ'), ('drug', 'NOUN'), ('kingpin', 'NOUN'), ('escapes', 'VERB'), ('prison', 'ADJ'), ('mexican', 'ADJ'), ('president', 'NOUN'), ('wants', 'VERB'), ('us', 'PRON'), ('government', 'NOUN'), ('wants', 'VERB'), ('dead', 'ADJ')]"
1124620,The Monkey,The Monkey,2025-02-10,29.7693,5.985,1477,en,False,"When twin brothers find a mysterious wind-up monkey, a series of outrageous deaths tear their family apart. Twenty-five years later, the monkey begins a new killing spree forcing the estranged brothers to confront the cursed toy.",twin brothers find monkey series outrageous deaths tear apart years later monkey begins killing spree forcing estranged brothers confront cursed toy,36,21,twin brother find monkey seri outrag death tear apart year later monkey begin kill spree forc estrang brother confront curs toy,twin brother find monkey series outrageous death tear apart year later monkey begin killing spree forcing estranged brother confront cursed toy,"[('twin', 'NOUN'), ('brothers', 'NOUN'), ('find', 'VERB'), ('monkey', 'ADJ'), ('series', 'NOUN'), ('outrageous', 'ADJ'), ('deaths', 'NOUN'), ('tear', 'ADP'), ('apart', 'ADV'), ('years', 'NOUN'), ('later', 'ADV'), ('monkey', 'VERB'), ('begins', 'NOUN'), ('killing', 'VERB'), ('spree', 'ADJ'), ('forcing', 'VERB'), ('estranged', 'ADJ'), ('brothers', 'NOUN'), ('confront', 'VERB'), ('cursed', 'VERB'), ('toy', 'NOUN')]"
497698,Black Widow,Black Widow,2021-07-07,28.3709,7.145,11669,en,False,"Natasha Romanoff, also known as Black Widow, confronts the darker parts of her ledger when a dangerous conspiracy with ties to her past arises. Pursued by a force that will stop at nothing to bring her down, Natasha must deal with her history as a spy and the broken relationships left in her wake long before she became an Avenger.",natasha also known black dangerous conspiracy past arises force stop nothing bring natasha deal history spy broken relationships left wake long became,60,22,natasha also known black danger conspiraci past aris forc stop noth bring natasha deal histori spi broken relationship left wake long becam,natasha also known black dangerous conspiracy past arises force stop nothing bring natasha deal history spy broken relationship left wake long became,"[('natasha', 'NOUN'), ('also', 'ADV'), ('known', 'VERB'), ('black', 'ADJ'), ('dangerous', 'ADJ'), ('conspiracy', 'NOUN'), ('past', 'ADJ'), ('arises', 'NOUN'), ('force', 'VERB'), ('stop', 'VERB'), ('nothing', 'NOUN'), ('bring', 'NOUN'), ('natasha', 'ADJ'), ('deal', 'NOUN'), ('history', 'NOUN'), ('spy', 'NOUN'), ('broken', 'VERB'), ('relationships', 'NOUN'), ('left', 'VERB'), ('wake', 'NOUN'), ('long', 'ADJ'), ('became', 'VERB')]"
1339588,Finding Emily,Finding Emily,2026-05-21,28.3345,6.801,73,en,False,"When a lovesick musician is given the wrong number for his dream girl, he teams up with a driven psychology student to find her. Together, they spark a hilarious campus-wide frenzy that tests their own hearts and ambitions along the way.",musician given wrong dream girl teams driven psychology student find together spark hilarious frenzy hearts along way,41,17,musician given wrong dream girl team driven psycholog student find togeth spark hilari frenzi heart along way,musician given wrong dream girl team driven psychology student find together spark hilarious frenzy heart along way,"[('musician', 'ADJ'), ('given', 'VERB'), ('wrong', 'ADJ'), ('dream', 'NOUN'), ('girl', 'NOUN'), ('teams', 'NOUN'), ('driven', 'VERB'), ('psychology', 'ADJ'), ('student', 'NOUN'), ('find', 'VERB'), ('together', 'ADV'), ('spark', 'ADJ'), ('hilarious', 'ADJ'), ('frenzy', 'NOUN'), ('hearts', 'NOUN'), ('along', 'ADP'), ('way', 'NOUN')]"
10625,Mean Girls,Mean Girls,2004-04-30,31.4814,7.231,9703,en,False,"Cady Heron is a hit with The Plastics, the A-list girl clique at her new school, until she makes the mistake of falling for Aaron Samuels, the ex-boyfriend of alpha Plastic Regina George.",hit girl school makes falling george,33,6,hit girl school make fall georg,hit girl school make falling george,"[('hit', 'VERB'), ('girl', 'ADJ'), ('school', 'NOUN'), ('makes', 'VERB'), ('falling', 'VERB'), ('george', 'VERB')]"
28322,Madness,Vacanze per un massacro,1980-03-20,23.2245,5.2,35,it,False,"An escaped convicted murderer invades the cottage of a man, his wife and the wife's sister, whereupon he proceeds to torment this already dysfunctional trio with rape and violence.",escaped man wife wifes sister already dysfunctional trio violence,29,9,escap man wife wife sister alreadi dysfunct trio violenc,escaped man wife wife sister already dysfunctional trio violence,"[('escaped', 'VERB'), ('man', 'NOUN'), ('wife', 'NOUN'), ('wifes', 'ADJ'), ('sister', 'NOUN'), ('already', 'ADV'), ('dysfunctional', 'ADJ'), ('trio', 'NOUN'), ('violence', 'NOUN')]"
105864,The Good Dinosaur,The Good Dinosaur,2015-11-14,27.0319,6.755,6177,en,False,An epic journey into the world of dinosaurs where an Apatosaurus named Arlo makes an unlikely human friend.,epic journey dinosaurs named makes unlikely human friend,18,8,epic journey dinosaur name make unlik human friend,epic journey dinosaur named make unlikely human friend,"[('epic', 'NOUN'), ('journey', 'NOUN'), ('dinosaurs', 'NOUN'), ('named', 'VERB'), ('makes', 'VERB'), ('unlikely', 'ADJ'), ('human', 'ADJ'), ('friend', 'NOUN')]"
68721,Iron Man 3,Iron Man 3,2013-04-18,30.3522,6.933,23942,en,False,"When Tony Stark's world is torn apart by a formidable terrorist called the Mandarin, he starts an odyssey of rebuilding and retribution.",tony torn apart formidable terrorist called starts,22,7,toni torn apart formid terrorist call start,tony torn apart formidable terrorist called start,"[('tony', 'ADJ'), ('torn', 'ADJ'), ('apart', 'ADV'), ('formidable', 'ADJ'), ('terrorist', 'NOUN'), ('called', 'VERB'), ('starts', 'NOUN')]"
675871,Super Troopers 3,Super Troopers 3,2026-08-06,26.3634,6.564,39,en,False,"When Farva’s wildly over-the-top Indian engagement to Thorny’s sister spirals into chaos, the Super Troopers must navigate Thorny’s schemes to break up the relationship, while trying to crack a pernicious new drug ring  — all to save the day and maybe the wedding itself.",wildly thorny’s sister spirals chaos super navigate thorny’s schemes break relationship trying crack drug ring — save day maybe wedding,44,20,wildli thorny’ sister spiral chao super navig thorny’ scheme break relationship tri crack drug ring — save day mayb wed,wildly thorny’s sister spiral chaos super navigate thorny’s scheme break relationship trying crack drug ring — save day maybe wedding,"[('wildly', 'ADV'), ('thorny', 'ADJ'), ('’', 'NOUN'), ('s', 'NOUN'), ('sister', 'NOUN'), ('spirals', 'NOUN'), ('chaos', 'VERB'), ('super', 'ADJ'), ('navigate', 'NOUN'), ('thorny', 'NOUN'), ('’', 'NOUN'), ('s', 'VERB'), ('schemes', 'ADV'), ('break', 'ADJ'), ('relationship', 'NOUN'), ('trying', 'VERB'), ('crack', 'ADJ'), ('drug', 'NOUN'), ('ring', 'VERB'), ('—', 'NOUN'), ('save', 'VERB'), ('day', 'NOUN'), ('maybe', 'ADV'), ('wedding', 'VERB')]"
170,28 Days Later,28 Days Later,2002-10-31,28.5408,7.244,8927,en,False,"Twenty-eight days after a killer virus was accidentally unleashed from a British research facility, a small group of London survivors are caught in a desperate struggle to protect themselves from the infected. Carried by animals and humans, the virus turns those it infects into homicidal maniacs -- and it's absolutely impossible to contain.",twentyeight days killer virus accidentally unleashed research facility small group london survivors caught desperate struggle protect infected animals humans virus turns absolutely impossible,53,23,twentyeight day killer viru accident unleash research facil small group london survivor caught desper struggl protect infect anim human viru turn absolut imposs,twentyeight day killer virus accidentally unleashed research facility small group london survivor caught desperate struggle protect infected animal human virus turn absolutely impossible,"[('twentyeight', 'ADJ'), ('days', 'NOUN'), ('killer', 'VERB'), ('virus', 'NOUN'), ('accidentally', 'ADV'), ('unleashed', 'ADJ'), ('research', 'NOUN'), ('facility', 'NOUN'), ('small', 'ADJ'), ('group', 'NOUN'), ('london', 'ADJ'), ('survivors', 'NOUN'), ('caught', 'VERB'), ('desperate', 'ADJ'), ('struggle', 'NOUN'), ('protect', 'NOUN'), ('infected', 'VERB'), ('animals', 'NOUN'), ('humans', 'NOUN'), ('virus', 'VERB'), ('turns', 'VERB'), ('absolutely', 'ADV'), ('impossible', 'ADJ')]"
284052,Doctor Strange,Doctor Strange,2016-10-25,30.5719,7.426,23990,en,False,"After his career is destroyed, a brilliant but arrogant surgeon gets a new lease on life when a sorcerer takes him under her wing and trains him to defend the world against evil.",career destroyed brilliant arrogant gets lease takes wing defend evil,33,10,career destroy brilliant arrog get leas take wing defend evil,career destroyed brilliant arrogant get lease take wing defend evil,"[('career', 'NOUN'), ('destroyed', 'VERB'), ('brilliant', 'ADJ'), ('arrogant', 'ADJ'), ('gets', 'VERB'), ('lease', 'ADJ'), ('takes', 'VERB'), ('wing', 'VERB'), ('defend', 'VERB'), ('evil', 'NOUN')]"
769,GoodFellas,GoodFellas,1990-09-12,30.5603,8.45,14825,en,False,"The true story of Henry Hill, a half-Irish, half-Sicilian Brooklyn kid who is adopted by neighbourhood gangsters at an early age and climbs the ranks of a Mafia family under the guidance of Jimmy Conway.",true story henry brooklyn kid adopted gangsters early age ranks mafia guidance jimmy,35,13,true stori henri brooklyn kid adopt gangster earli age rank mafia guidanc jimmi,true story henry brooklyn kid adopted gangster early age rank mafia guidance jimmy,"[('true', 'ADJ'), ('story', 'NOUN'), ('henry', 'NOUN'), ('brooklyn', 'NOUN'), ('kid', 'NOUN'), ('adopted', 'VERB'), ('gangsters', 'NOUN'), ('early', 'ADJ'), ('age', 'NOUN'), ('ranks', 'VERB'), ('mafia', 'ADJ'), ('guidance', 'NOUN'), ('jimmy', 'NOUN')]"
507086,Jurassic World Dominion,Jurassic World Dominion,2022-06-01,28.1828,6.588,7314,en,False,"Four years after Isla Nublar was destroyed, dinosaurs now live—and hunt—alongside humans all over the world. This fragile balance will reshape the future and determine, once and for all, whether human beings are to remain the apex predators on a planet they now share with history's most fearsome creatures.",four years destroyed dinosaurs humans fragile balance future determine whether human remain planet share creatures,49,15,four year destroy dinosaur human fragil balanc futur determin whether human remain planet share creatur,four year destroyed dinosaur human fragile balance future determine whether human remain planet share creature,"[('four', 'NUM'), ('years', 'NOUN'), ('destroyed', 'VERB'), ('dinosaurs', 'NOUN'), ('humans', 'NOUN'), ('fragile', 'ADJ'), ('balance', 'NOUN'), ('future', 'NOUN'), ('determine', 'VERB'), ('whether', 'ADP'), ('human', 'ADJ'), ('remain', 'VERB'), ('planet', 'ADJ'), ('share', 'NOUN'), ('creatures', 'NOUN')]"
980477,Ne Zha 2,哪吒之魔童闹海,2025-01-29,28.8379,8.193,841,zh,False,"After a catastrophic event leaves their bodies destroyed, Ne Zha and Ao Bing are granted a fragile second chance at life. As tensions rise between the dragon clans and celestial forces, the two must undergo a series of perilous trials that will test their bond, challenge their identities, and decide the fate of both mortals and immortals.",event leaves bodies destroyed granted fragile second chance rise dragon celestial forces undergo series perilous trials test bond challenge decide fate,57,21,event leav bodi destroy grant fragil second chanc rise dragon celesti forc undergo seri peril trial test bond challeng decid fate,event leaf body destroyed granted fragile second chance rise dragon celestial force undergo series perilous trial test bond challenge decide fate,"[('event', 'NOUN'), ('leaves', 'VERB'), ('bodies', 'NOUN'), ('destroyed', 'VERB'), ('granted', 'VERB'), ('fragile', 'ADJ'), ('second', 'ADJ'), ('chance', 'NOUN'), ('rise', 'NOUN'), ('dragon', 'NOUN'), ('celestial', 'ADJ'), ('forces', 'NOUN'), ('undergo', 'ADJ'), ('series', 'NOUN'), ('perilous', 'ADJ'), ('trials', 'NOUN'), ('test', 'VERB'), ('bond', 'NOUN'), ('challenge', 'NOUN'), ('decide', 'NOUN'), ('fate', 'NOUN')]"
214756,Ted 2,Ted 2,2015-06-25,27.8999,6.327,8194,en,False,"Newlywed couple Ted and Tami-Lynn want to have a baby, but in order to qualify to be a parent, Ted will have to prove he's a person in a court of law.",couple ted want baby order ted prove hes person law,32,10,coupl ted want babi order ted prove he person law,couple ted want baby order ted prove he person law,"[('couple', 'NOUN'), ('ted', 'VERB'), ('want', 'ADJ'), ('baby', 'NOUN'), ('order', 'NOUN'), ('ted', 'VERB'), ('prove', 'ADJ'), ('hes', 'NOUN'), ('person', 'NOUN'), ('law', 'NOUN')]"
505642,Black Panther: Wakanda Forever,Black Panther: Wakanda Forever,2022-11-09,29.6768,6.988,7826,en,False,"Queen Ramonda, Shuri, M’Baku, Okoye and the Dora Milaje fight to protect their nation from intervening world powers in the wake of King T’Challa’s death.  As the Wakandans strive to embrace their next chapter, the heroes must band together with the help of War Dog Nakia and Everett Ross and forge a new path for the kingdom of Wakanda.",queen dora milaje fight protect nation powers wake king death strive embrace next chapter heroes band together help war dog nakia ross forge path kingdom wakanda,59,26,queen dora milaj fight protect nation power wake king death strive embrac next chapter hero band togeth help war dog nakia ross forg path kingdom wakanda,queen dora milaje fight protect nation power wake king death strive embrace next chapter hero band together help war dog nakia ross forge path kingdom wakanda,"[('queen', 'ADJ'), ('dora', 'NOUN'), ('milaje', 'VERB'), ('fight', 'ADJ'), ('protect', 'ADJ'), ('nation', 'NOUN'), ('powers', 'NOUN'), ('wake', 'VERB'), ('king', 'VERB'), ('death', 'NOUN'), ('strive', 'ADJ'), ('embrace', 'NOUN'), ('next', 'ADJ'), ('chapter', 'NOUN'), ('heroes', 'NOUN'), ('band', 'VERB'), ('together', 'ADV'), ('help', 'ADJ'), ('war', 'NOUN'), ('dog', 'NOUN'), ('nakia', 'ADJ'), ('ross', 'NOUN'), ('forge', 'NOUN'), ('path', 'NOUN'), ('kingdom', 'NOUN'), ('wakanda', 'NOUN')]"
313369,La La Land,La La Land,2016-12-01,28.4471,7.894,18551,en,False,"Mia, an aspiring actress, serves lattes to movie stars in between auditions and Sebastian, a jazz musician, scrapes by playing cocktail party gigs in dingy bars, but as success mounts they are faced with decisions that begin to fray the fragile fabric of their love affair, and the dreams they worked so hard to maintain in each other threaten to rip them apart.",actress serves movie stars sebastian musician playing party gigs bars faced decisions begin fragile love affair dreams worked hard threaten apart,63,21,actress serv movi star sebastian musician play parti gig bar face decis begin fragil love affair dream work hard threaten apart,actress serf movie star sebastian musician playing party gig bar faced decision begin fragile love affair dream worked hard threaten apart,"[('actress', 'NOUN'), ('serves', 'NOUN'), ('movie', 'NOUN'), ('stars', 'VERB'), ('sebastian', 'ADJ'), ('musician', 'ADJ'), ('playing', 'VERB'), ('party', 'NOUN'), ('gigs', 'NOUN'), ('bars', 'NOUN'), ('faced', 'VERB'), ('decisions', 'NOUN'), ('begin', 'VERB'), ('fragile', 'ADJ'), ('love', 'NOUN'), ('affair', 'NOUN'), ('dreams', 'NOUN'), ('worked', 'VERB'), ('hard', 'ADJ'), ('threaten', 'NOUN'), ('apart', 'ADV')]"
629542,The Bad Guys,The Bad Guys,2022-03-17,32.3251,7.512,2693,en,False,"When the Bad Guys, a crew of criminal animals, are finally caught after years of heists and being the world’s most-wanted villains, Mr. Wolf brokers a deal to save them all from prison.",bad guys crew criminal animals finally caught years heists world’s villains mr deal save prison,33,15,bad guy crew crimin anim final caught year heist world’ villain mr deal save prison,bad guy crew criminal animal finally caught year heist world’s villain mr deal save prison,"[('bad', 'ADJ'), ('guys', 'NOUN'), ('crew', 'VERB'), ('criminal', 'ADJ'), ('animals', 'NOUN'), ('finally', 'ADV'), ('caught', 'VERB'), ('years', 'NOUN'), ('heists', 'VERB'), ('world', 'NOUN'), ('’', 'NOUN'), ('s', 'NOUN'), ('villains', 'NOUN'), ('mr', 'VERB'), ('deal', 'NOUN'), ('save', 'VERB'), ('prison', 'NOUN')]"
87101,Terminator Genisys,Terminator Genisys,2015-06-23,27.0258,5.962,9209,en,False,"The year is 2029. John Connor, leader of the resistance continues the war against the machines. At the Los Angeles offensive, John's fears of the unknown future begin to emerge when TECOM spies reveal a new plot by SkyNet that will attack him from both fronts; past and future, and will ultimately change warfare forever.",year john connor leader resistance continues war machines los angeles fears unknown future begin emerge reveal plot skynet attack past future ultimately change forever,55,24,year john connor leader resist continu war machin lo angel fear unknown futur begin emerg reveal plot skynet attack past futur ultim chang forev,year john connor leader resistance continues war machine los angeles fear unknown future begin emerge reveal plot skynet attack past future ultimately change forever,"[('year', 'NOUN'), ('john', 'NOUN'), ('connor', 'NOUN'), ('leader', 'NOUN'), ('resistance', 'NOUN'), ('continues', 'VERB'), ('war', 'NOUN'), ('machines', 'NOUN'), ('los', 'VERB'), ('angeles', 'ADJ'), ('fears', 'NOUN'), ('unknown', 'ADJ'), ('future', 'ADJ'), ('begin', 'VERB'), ('emerge', 'ADJ'), ('reveal', 'NOUN'), ('plot', 'NOUN'), ('skynet', 'NOUN'), ('attack', 'NOUN'), ('past', 'ADP'), ('future', 'ADJ'), ('ultimately', 'ADV'), ('change', 'VERB'), ('forever', 'ADV')]"
974262,Descendants: The Rise of Red,Descendants: The Rise of Red,2024-07-11,27.8599,6.7,530,en,False,"After the Queen of Hearts incites a coup on Auradon, her rebellious daughter Red and Cinderella's perfectionist daughter Chloe join forces and travel back in time to try to undo the traumatic event that set Red's mother down her villainous path.",queen hearts daughter red daughter chloe join forces travel time try undo event set mother villainous path,41,17,queen heart daughter red daughter chloe join forc travel time tri undo event set mother villain path,queen heart daughter red daughter chloe join force travel time try undo event set mother villainous path,"[('queen', 'ADJ'), ('hearts', 'NOUN'), ('daughter', 'NOUN'), ('red', 'ADJ'), ('daughter', 'NOUN'), ('chloe', 'NOUN'), ('join', 'NOUN'), ('forces', 'NOUN'), ('travel', 'VERB'), ('time', 'NOUN'), ('try', 'VERB'), ('undo', 'ADJ'), ('event', 'NOUN'), ('set', 'VERB'), ('mother', 'ADV'), ('villainous', 'ADJ'), ('path', 'NOUN')]"
14160,Up,Up,2009-05-28,29.1309,7.96,22199,en,False,"Carl Fredricksen spent his entire life dreaming of exploring the globe and experiencing life to its fullest. But at age 78, life seems to have passed him by, until a twist of fate (and a persistent 8-year old Wilderness Explorer named Russell) gives him a new lease on life.",entire exploring globe experiencing age seems twist fate old wilderness explorer named gives lease,49,14,entir explor globe experienc age seem twist fate old wilder explor name give leas,entire exploring globe experiencing age seems twist fate old wilderness explorer named give lease,"[('entire', 'ADJ'), ('exploring', 'VERB'), ('globe', 'NOUN'), ('experiencing', 'VERB'), ('age', 'NOUN'), ('seems', 'VERB'), ('twist', 'ADJ'), ('fate', 'NOUN'), ('old', 'ADJ'), ('wilderness', 'NOUN'), ('explorer', 'NOUN'), ('named', 'VERB'), ('gives', 'VERB'), ('lease', 'NOUN')]"
293660,Deadpool,Deadpool,2016-02-09,30.6164,7.626,33377,en,False,"The origin story of former Special Forces operative turned mercenary Wade Wilson, who, after being subjected to a rogue experiment that leaves him with accelerated healing powers, adopts the alter ego Deadpool. Armed with his new abilities and a dark, twisted sense of humor, Deadpool hunts down the man who nearly destroyed his life.",story former special forces operative turned mercenary wade wilson subjected rogue experiment leaves powers adopts alter ego deadpool armed abilities dark twisted sense deadpool hunts man nearly destroyed,54,28,stori former special forc oper turn mercenari wade wilson subject rogu experi leav power adopt alter ego deadpool arm abil dark twist sens deadpool hunt man nearli destroy,story former special force operative turned mercenary wade wilson subjected rogue experiment leaf power adopts alter ego deadpool armed ability dark twisted sense deadpool hunt man nearly destroyed,"[('story', 'NOUN'), ('former', 'ADJ'), ('special', 'ADJ'), ('forces', 'NOUN'), ('operative', 'ADJ'), ('turned', 'VERB'), ('mercenary', 'ADJ'), ('wade', 'NOUN'), ('wilson', 'NOUN'), ('subjected', 'VERB'), ('rogue', 'ADJ'), ('experiment', 'NOUN'), ('leaves', 'VERB'), ('powers', 'NOUN'), ('adopts', 'NOUN'), ('alter', 'ADV'), ('ego', 'VERB'), ('deadpool', 'NOUN'), ('armed', 'VERB'), ('abilities', 'NOUN'), ('dark', 'VERB'), ('twisted', 'ADJ'), ('sense', 'NOUN'), ('deadpool', 'NOUN'), ('hunts', 'NOUN'), ('man', 'NOUN'), ('nearly', 'ADV'), ('destroyed', 'VERB')]"
111,Scarface,Scarface,1983-12-09,26.7526,8.154,13507,en,False,"After getting a green card in exchange for assassinating a Cuban government official, Tony Montana stakes a claim on the drug trade in Miami. Viciously murdering anyone who stands in his way, Tony eventually becomes the biggest drug lord in the state, controlling nearly all the cocaine that comes through Miami. But increased pressure from the police, wars with Colombian drug cartels and his own drug-fueled paranoia serve to fuel the flames of his eventual downfall.",getting green government tony stakes claim drug trade miami murdering anyone stands way tony eventually becomes biggest drug lord state nearly comes miami pressure police wars drug paranoia serve,76,29,get green govern toni stake claim drug trade miami murder anyon stand way toni eventu becom biggest drug lord state nearli come miami pressur polic war drug paranoia serv,getting green government tony stake claim drug trade miami murdering anyone stand way tony eventually becomes biggest drug lord state nearly come miami pressure police war drug paranoia serve,"[('getting', 'VERB'), ('green', 'ADJ'), ('government', 'NOUN'), ('tony', 'NOUN'), ('stakes', 'NOUN'), ('claim', 'VERB'), ('drug', 'NOUN'), ('trade', 'NOUN'), ('miami', 'NOUN'), ('murdering', 'VERB'), ('anyone', 'NOUN'), ('stands', 'VERB'), ('way', 'NOUN'), ('tony', 'ADJ'), ('eventually', 'ADV'), ('becomes', 'VERB'), ('biggest', 'ADJ'), ('drug', 'NOUN'), ('lord', 'NOUN'), ('state', 'NOUN'), ('nearly', 'ADV'), ('comes', 'VERB'), ('miami', 'ADJ'), ('pressure', 'NOUN'), ('police', 'NOUN'), ('wars', 'NOUN'), ('drug', 'NOUN'), ('paranoia', 'NOUN'), ('serve', 'NOUN')]"
207,Dead Poets Society,Dead Poets Society,1989-06-02,28.0505,8.296,13010,en,False,"At an elite, old-fashioned boarding school in New England, a passionate English teacher inspires his students to rebel against convention and seize the potential of every day, courting the disdain of the stern headmaster.",elite boarding school england english teacher students rebel potential every day headmaster,34,12,elit board school england english teacher student rebel potenti everi day headmast,elite boarding school england english teacher student rebel potential every day headmaster,"[('elite', 'ADV'), ('boarding', 'VERB'), ('school', 'NOUN'), ('england', 'VERB'), ('english', 'VERB'), ('teacher', 'ADJ'), ('students', 'NOUN'), ('rebel', 'VERB'), ('potential', 'ADJ'), ('every', 'DET'), ('day', 'NOUN'), ('headmaster', 'NOUN')]"
1428226,Until the End of the World,Hasta el Fin del Mundo,2026-07-23,27.1668,7.969,97,es,False,"Manuel's life is upended when Esmeralda, his lost love from 15 years ago, calls unexpectedly. Despite being set to marry another, he rediscovers Esmeralda, and they realize their love transcends time.",esmeralda lost love 15 years unexpectedly despite set marry another esmeralda realize love time,31,14,esmeralda lost love 15 year unexpectedli despit set marri anoth esmeralda realiz love time,esmeralda lost love 15 year unexpectedly despite set marry another esmeralda realize love time,"[('esmeralda', 'NOUN'), ('lost', 'VERB'), ('love', '.'), ('15', 'NUM'), ('years', 'NOUN'), ('unexpectedly', 'ADV'), ('despite', 'ADP'), ('set', 'VERB'), ('marry', 'NOUN'), ('another', 'DET'), ('esmeralda', 'NOUN'), ('realize', 'VERB'), ('love', 'NOUN'), ('time', 'NOUN')]"
1244523,Beware Boiúna,Beware Boiúna,2026-10-01,31.478,6.0,2,en,False,"Deep in the Amazon, a medical mission spirals into a fight for survival when Boiúna, a colossal ancient predator, awakens to reclaim her domain. In the jungle where nature holds absolute power, she decides who lives and who dies.",deep amazon medical mission spirals fight survival colossal ancient predator awakens reclaim domain jungle nature holds power decides lives dies,39,20,deep amazon medic mission spiral fight surviv coloss ancient predat awaken reclaim domain jungl natur hold power decid live die,deep amazon medical mission spiral fight survival colossal ancient predator awakens reclaim domain jungle nature hold power decides life dy,"[('deep', 'ADJ'), ('amazon', 'NOUN'), ('medical', 'ADJ'), ('mission', 'NOUN'), ('spirals', 'NOUN'), ('fight', 'VERB'), ('survival', 'ADJ'), ('colossal', 'NOUN'), ('ancient', 'ADJ'), ('predator', 'NOUN'), ('awakens', 'NOUN'), ('reclaim', 'VERB'), ('domain', 'NOUN'), ('jungle', 'ADJ'), ('nature', 'NOUN'), ('holds', 'VERB'), ('power', 'NOUN'), ('decides', 'NOUN'), ('lives', 'VERB'), ('dies', 'NOUN')]"
101299,The Hunger Games: Catching Fire,The Hunger Games: Catching Fire,2013-11-15,29.3279,7.424,18843,en,False,"After surviving the Hunger Games, Katniss and Peeta struggle with the consequences of their victory as unrest spreads across Panem. Forced back into the spotlight, they become symbols of hope and resistance while the Capitol prepares a new and deadly challenge that will change the future of the nation forever.",surviving hunger games katniss struggle consequences across panem forced spotlight become hope resistance capitol prepares deadly challenge change future nation forever,50,21,surviv hunger game katniss struggl consequ across panem forc spotlight becom hope resist capitol prepar deadli challeng chang futur nation forev,surviving hunger game katniss struggle consequence across panem forced spotlight become hope resistance capitol prepares deadly challenge change future nation forever,"[('surviving', 'VERB'), ('hunger', 'NOUN'), ('games', 'NOUN'), ('katniss', 'VERB'), ('struggle', 'NOUN'), ('consequences', 'NOUN'), ('across', 'ADP'), ('panem', 'NOUN'), ('forced', 'VERB'), ('spotlight', 'ADJ'), ('become', 'VERB'), ('hope', 'NOUN'), ('resistance', 'NOUN'), ('capitol', 'NOUN'), ('prepares', 'NOUN'), ('deadly', 'ADV'), ('challenge', 'VERB'), ('change', 'ADJ'), ('future', 'NOUN'), ('nation', 'NOUN'), ('forever', 'ADV')]"
93456,Despicable Me 2,Despicable Me 2,2013-06-26,34.0942,6.949,12264,en,False,Gru is recruited by the Anti-Villain League to help deal with a powerful new super criminal.,gru recruited league help deal powerful super criminal,16,8,gru recruit leagu help deal power super crimin,gru recruited league help deal powerful super criminal,"[('gru', 'NOUN'), ('recruited', 'VERB'), ('league', 'NOUN'), ('help', 'NOUN'), ('deal', 'VERB'), ('powerful', 'ADJ'), ('super', 'ADJ'), ('criminal', 'NOUN')]"
18785,The Hangover,The Hangover,2009-06-02,29.701,7.338,18583,en,False,"When three friends finally come to after a raucous night of bachelor-party revelry, they find a baby in the closet and a tiger in the bathroom. But they can't seem to locate their best friend, Doug – who's supposed to be tying the knot. Launching a frantic search for Doug, the trio perseveres through a nasty hangover to try to make it to the church on time.",three friends finally come night find baby tiger cant locate best friend doug – whos launching frantic search doug trio try make church time,67,24,three friend final come night find babi tiger cant locat best friend doug – who launch frantic search doug trio tri make church time,three friend finally come night find baby tiger cant locate best friend doug – who launching frantic search doug trio try make church time,"[('three', 'NUM'), ('friends', 'NOUN'), ('finally', 'ADV'), ('come', 'VERB'), ('night', 'NOUN'), ('find', 'VERB'), ('baby', 'NOUN'), ('tiger', 'NOUN'), ('cant', 'ADJ'), ('locate', 'NOUN'), ('best', 'ADJ'), ('friend', 'NOUN'), ('doug', 'NOUN'), ('–', 'NOUN'), ('whos', 'NOUN'), ('launching', 'VERB'), ('frantic', 'ADJ'), ('search', 'NOUN'), ('doug', 'NOUN'), ('trio', 'NOUN'), ('try', 'VERB'), ('make', 'VERB'), ('church', 'NOUN'), ('time', 'NOUN')]"
11544,Lilo & Stitch,Lilo & Stitch,2002-06-21,28.0404,7.561,7270,en,False,"As Stitch, a runaway genetic experiment from a faraway planet, wreaks havoc on the Hawaiian Islands, he becomes the mischievous adopted alien ""puppy"" of an independent little girl named Lilo and learns about loyalty, friendship, and ʻohana, the Hawaiian tradition of family.",genetic experiment planet havoc hawaiian islands becomes mischievous adopted alien independent little girl named learns loyalty friendship hawaiian tradition,42,19,genet experi planet havoc hawaiian island becom mischiev adopt alien independ littl girl name learn loyalti friendship hawaiian tradit,genetic experiment planet havoc hawaiian island becomes mischievous adopted alien independent little girl named learns loyalty friendship hawaiian tradition,"[('genetic', 'ADJ'), ('experiment', 'NOUN'), ('planet', 'NOUN'), ('havoc', 'NOUN'), ('hawaiian', 'ADJ'), ('islands', 'VERB'), ('becomes', 'ADV'), ('mischievous', 'ADJ'), ('adopted', 'VERB'), ('alien', 'ADJ'), ('independent', 'ADJ'), ('little', 'ADJ'), ('girl', 'NOUN'), ('named', 'VERB'), ('learns', 'VERB'), ('loyalty', 'NOUN'), ('friendship', 'NOUN'), ('hawaiian', 'ADJ'), ('tradition', 'NOUN')]"
1405742,Portal to Hell,Portal to Hell,2025-02-22,24.8291,5.48,25,en,False,"After a debt-collector finds a portal to hell in a washing machine at his local laundromat, he’s propositioned into feeding it sinners to save his neighbor’s soul, maybe even at the expense of his own.",finds portal hell machine local he’s save soul maybe even,35,10,find portal hell machin local he’ save soul mayb even,find portal hell machine local he’s save soul maybe even,"[('finds', 'NOUN'), ('portal', 'ADJ'), ('hell', 'NOUN'), ('machine', 'NOUN'), ('local', 'ADJ'), ('he', 'PRON'), ('’', 'VERB'), ('s', 'ADJ'), ('save', 'ADJ'), ('soul', 'NOUN'), ('maybe', 'ADV'), ('even', 'ADV')]"
4348,Pride & Prejudice,Pride & Prejudice,2005-09-16,28.9916,8.052,8986,en,False,"A story of love and life among the landed English gentry during the Georgian era. Mr. Bennet is a gentleman living in Hertfordshire with his overbearing wife and five daughters, but if he dies their house will be inherited by a distant cousin whom they have never met, so the family's future happiness and security is dependent on the daughters making good marriages.",story love among english era mr living wife five daughters dies house distant never met familys future security daughters good marriages,63,21,stori love among english era mr live wife five daughter die hous distant never met famili futur secur daughter good marriag,story love among english era mr living wife five daughter dy house distant never met family future security daughter good marriage,"[('story', 'NOUN'), ('love', 'NOUN'), ('among', 'ADP'), ('english', 'ADJ'), ('era', 'NOUN'), ('mr', 'NOUN'), ('living', 'VERB'), ('wife', 'NOUN'), ('five', 'NUM'), ('daughters', 'NOUN'), ('dies', 'NOUN'), ('house', 'NOUN'), ('distant', 'ADJ'), ('never', 'ADV'), ('met', 'VERB'), ('familys', 'ADJ'), ('future', 'ADJ'), ('security', 'NOUN'), ('daughters', 'NOUN'), ('good', 'ADJ'), ('marriages', 'NOUN')]"
12155,Alice in Wonderland,Alice in Wonderland,2010-03-03,28.945,6.643,15087,en,False,"Alice, now 19 years old, returns to the whimsical world she first entered as a child and embarks on a journey to discover her true destiny.",alice years old returns first child embarks journey discover true destiny,26,11,alic year old return first child embark journey discov true destini,alice year old return first child embarks journey discover true destiny,"[('alice', 'NOUN'), ('years', 'NOUN'), ('old', 'ADJ'), ('returns', 'NOUN'), ('first', 'ADV'), ('child', 'VERB'), ('embarks', 'NOUN'), ('journey', 'VERB'), ('discover', 'ADV'), ('true', 'ADJ'), ('destiny', 'NOUN')]"
18,The Fifth Element,Le Cinquième Élément,1997-05-02,26.8659,7.592,12209,fr,False,"In 2257, a taxi driver is unintentionally given the task of saving a young girl who is part of the key that will ensure the survival of humanity.",given task girl part key ensure survival humanity,28,8,given task girl part key ensur surviv human,given task girl part key ensure survival humanity,"[('given', 'VERB'), ('task', 'NOUN'), ('girl', 'ADJ'), ('part', 'NOUN'), ('key', 'ADJ'), ('ensure', 'VERB'), ('survival', 'ADJ'), ('humanity', 'NOUN')]"
22,Pirates of the Caribbean: The Curse of the Black Pearl,Pirates of the Caribbean: The Curse of the Black Pearl,2003-07-09,28.5465,7.835,22850,en,False,"When wily pirate Captain Barbossa seizes Jack Sparrow’s beloved ship, the Black Pearl, and kidnaps the governor’s daughter, Elizabeth Swann, blacksmith Will Turner reluctantly teams up with the unpredictable pirate Jack to rescue her—only to uncover a terrifying curse that turns Barbossa’s crew into the undead.",pirate captain barbossa seizes jack sparrow’s beloved ship black kidnaps daughter elizabeth swann blacksmith turner reluctantly teams pirate jack rescue uncover terrifying curse turns crew undead,46,26,pirat captain barbossa seiz jack sparrow’ belov ship black kidnap daughter elizabeth swann blacksmith turner reluctantli team pirat jack rescu uncov terrifi curs turn crew undead,pirate captain barbossa seizes jack sparrow’s beloved ship black kidnaps daughter elizabeth swann blacksmith turner reluctantly team pirate jack rescue uncover terrifying curse turn crew undead,"[('pirate', 'NOUN'), ('captain', 'NOUN'), ('barbossa', 'NOUN'), ('seizes', 'VERB'), ('jack', 'NOUN'), ('sparrow', 'NOUN'), ('’', 'NOUN'), ('s', 'VERB'), ('beloved', 'VERB'), ('ship', 'ADJ'), ('black', 'ADJ'), ('kidnaps', 'NOUN'), ('daughter', 'ADV'), ('elizabeth', 'ADV'), ('swann', 'ADJ'), ('blacksmith', 'NOUN'), ('turner', 'NOUN'), ('reluctantly', 'ADV'), ('teams', 'ADJ'), ('pirate', 'VERB'), ('jack', 'NOUN'), ('rescue', 'NOUN'), ('uncover', 'ADP'), ('terrifying', 'VERB'), ('curse', 'NOUN'), ('turns', 'VERB'), ('crew', 'NOUN'), ('undead', 'ADJ')]"
857,Saving Private Ryan,Saving Private Ryan,1998-07-24,26.7488,8.232,17854,en,False,"As U.S. troops storm the beaches of Normandy, three brothers lie dead on the battlefield, with a fourth trapped behind enemy lines. Ranger captain John Miller and seven men are tasked with penetrating German-held territory and bringing the boy home.",us storm three brothers lie dead fourth trapped behind enemy lines ranger captain john miller seven men tasked bringing boy home,40,21,us storm three brother lie dead fourth trap behind enemi line ranger captain john miller seven men task bring boy home,u storm three brother lie dead fourth trapped behind enemy line ranger captain john miller seven men tasked bringing boy home,"[('us', 'PRON'), ('storm', 'VERB'), ('three', 'NUM'), ('brothers', 'NOUN'), ('lie', 'VERB'), ('dead', 'ADJ'), ('fourth', 'ADJ'), ('trapped', 'VERB'), ('behind', 'ADP'), ('enemy', 'NOUN'), ('lines', 'NOUN'), ('ranger', 'NOUN'), ('captain', 'VERB'), ('john', 'ADJ'), ('miller', 'NOUN'), ('seven', 'NUM'), ('men', 'NOUN'), ('tasked', 'VERB'), ('bringing', 'VERB'), ('boy', 'NOUN'), ('home', 'NOUN')]"
522627,The Gentlemen,The Gentlemen,2020-01-01,28.5952,7.659,6936,en,False,"American expat Mickey Pearson has built a highly profitable marijuana empire in London. When word gets out that he’s looking to cash out of the business forever it triggers plots, schemes, bribery and blackmail in an attempt to steal his domain out from under him.",american built highly empire london gets he’s looking cash business forever triggers plots schemes attempt steal domain,45,17,american built highli empir london get he’ look cash busi forev trigger plot scheme attempt steal domain,american built highly empire london get he’s looking cash business forever trigger plot scheme attempt steal domain,"[('american', 'ADJ'), ('built', 'VERB'), ('highly', 'ADV'), ('empire', 'ADJ'), ('london', 'NOUN'), ('gets', 'VERB'), ('he', 'PRON'), ('’', 'VERB'), ('s', 'ADJ'), ('looking', 'VERB'), ('cash', 'NOUN'), ('business', 'NOUN'), ('forever', 'NOUN'), ('triggers', 'NOUN'), ('plots', 'VERB'), ('schemes', 'NOUN'), ('attempt', 'VERB'), ('steal', 'NOUN'), ('domain', 'NOUN')]"
331482,Little Women,Little Women,2019-12-25,24.1246,7.84,7027,en,False,Four sisters come of age in America in the aftermath of the Civil War.,four sisters come age america aftermath civil war,14,8,four sister come age america aftermath civil war,four sister come age america aftermath civil war,"[('four', 'NUM'), ('sisters', 'NOUN'), ('come', 'VERB'), ('age', 'NOUN'), ('america', 'ADJ'), ('aftermath', 'NOUN'), ('civil', 'ADJ'), ('war', 'NOUN')]"
301528,Toy Story 4,Toy Story 4,2019-06-19,29.7816,7.464,11036,en,False,"Woody has always been confident about his place in the world, devoted to taking care of his kid—whether that's Andy or Bonnie. But after Bonnie creates a reluctant new toy called ""Forky"", a road trip adventure alongside old and new friends challenges everything Woody believes about loyalty, purpose, and what it truly means to be a toy.",woody always place devoted taking care thats andy bonnie bonnie creates reluctant toy called road trip adventure alongside old friends challenges everything woody believes loyalty purpose truly means toy,57,29,woodi alway place devot take care that andi bonni bonni creat reluct toy call road trip adventur alongsid old friend challeng everyth woodi believ loyalti purpos truli mean toy,woody always place devoted taking care thats andy bonnie bonnie creates reluctant toy called road trip adventure alongside old friend challenge everything woody belief loyalty purpose truly mean toy,"[('woody', 'NOUN'), ('always', 'ADV'), ('place', 'NOUN'), ('devoted', 'VERB'), ('taking', 'VERB'), ('care', 'NOUN'), ('thats', 'NOUN'), ('andy', 'VERB'), ('bonnie', 'ADV'), ('bonnie', 'ADJ'), ('creates', 'NOUN'), ('reluctant', 'ADJ'), ('toy', 'NOUN'), ('called', 'VERB'), ('road', 'NOUN'), ('trip', 'NOUN'), ('adventure', 'NOUN'), ('alongside', 'ADP'), ('old', 'ADJ'), ('friends', 'NOUN'), ('challenges', 'VERB'), ('everything', 'NOUN'), ('woody', 'NOUN'), ('believes', 'VERB'), ('loyalty', 'NOUN'), ('purpose', 'NOUN'), ('truly', 'ADV'), ('means', 'VERB'), ('toy', 'NOUN')]"
429,"The Good, the Bad and the Ugly","Il buono, il brutto, il cattivo",1966-12-23,27.5047,8.469,9995,it,False,"While the Civil War rages on between the Union and the Confederacy, three men – a quiet loner, a ruthless hitman, and a Mexican bandit – comb the American Southwest in search of a strongbox containing $200,000 in stolen gold.",civil war three men – quiet ruthless hitman mexican bandit – american search containing stolen gold,40,16,civil war three men – quiet ruthless hitman mexican bandit – american search contain stolen gold,civil war three men – quiet ruthless hitman mexican bandit – american search containing stolen gold,"[('civil', 'ADJ'), ('war', 'NOUN'), ('three', 'NUM'), ('men', 'NOUN'), ('–', 'VERB'), ('quiet', 'ADJ'), ('ruthless', 'NOUN'), ('hitman', 'NOUN'), ('mexican', 'ADJ'), ('bandit', 'NOUN'), ('–', 'ADJ'), ('american', 'ADJ'), ('search', 'NOUN'), ('containing', 'VERB'), ('stolen', 'VERB'), ('gold', 'NOUN')]"
24,Kill Bill: Vol. 1,Kill Bill: Vol. 1,2003-10-10,28.308,7.97,19488,en,False,"An assassin is shot by her ruthless employer, Bill, and other members of their assassination circle – but she lives to plot her vengeance.",assassin shot ruthless bill members circle – lives plot vengeance,24,10,assassin shot ruthless bill member circl – live plot vengeanc,assassin shot ruthless bill member circle – life plot vengeance,"[('assassin', 'NOUN'), ('shot', 'NOUN'), ('ruthless', 'NOUN'), ('bill', 'NOUN'), ('members', 'NOUN'), ('circle', 'VERB'), ('–', 'ADJ'), ('lives', 'NOUN'), ('plot', 'NOUN'), ('vengeance', 'NOUN')]"
49521,Man of Steel,Man of Steel,2013-06-12,29.698,6.661,16652,en,False,"A young boy learns that he has extraordinary powers and is not of this earth. As a young man, he journeys to discover where he came from and what he was sent here to do. But the hero in him must emerge if he is to save the world from annihilation and become the symbol of hope for all mankind.",boy learns extraordinary powers earth man journeys discover came sent hero emerge save become symbol hope mankind,60,17,boy learn extraordinari power earth man journey discov came sent hero emerg save becom symbol hope mankind,boy learns extraordinary power earth man journey discover came sent hero emerge save become symbol hope mankind,"[('boy', 'NOUN'), ('learns', 'VERB'), ('extraordinary', 'ADJ'), ('powers', 'NOUN'), ('earth', 'VERB'), ('man', 'NOUN'), ('journeys', 'NOUN'), ('discover', 'DET'), ('came', 'VERB'), ('sent', 'VERB'), ('hero', 'NOUN'), ('emerge', 'NOUN'), ('save', 'VERB'), ('become', 'VERB'), ('symbol', 'NOUN'), ('hope', 'NOUN'), ('mankind', 'NOUN')]"
1724,The Incredible Hulk,The Incredible Hulk,2008-06-12,27.9557,6.263,13190,en,False,"Scientist Bruce Banner scours the planet for an antidote to the unbridled force of rage within him: the Hulk. But when the military masterminds who dream of exploiting his powers force him back to civilization, he finds himself coming face to face with a new, deadly foe.",scientist bruce planet unbridled force rage within military dream powers force civilization finds coming face face deadly foe,47,18,scientist bruce planet unbridl forc rage within militari dream power forc civil find come face face deadli foe,scientist bruce planet unbridled force rage within military dream power force civilization find coming face face deadly foe,"[('scientist', 'NOUN'), ('bruce', 'NOUN'), ('planet', 'NOUN'), ('unbridled', 'VERB'), ('force', 'NOUN'), ('rage', 'NOUN'), ('within', 'ADP'), ('military', 'ADJ'), ('dream', 'NOUN'), ('powers', 'NOUN'), ('force', 'VERB'), ('civilization', 'NOUN'), ('finds', 'NOUN'), ('coming', 'VERB'), ('face', 'NOUN'), ('face', 'NOUN'), ('deadly', 'ADV'), ('foe', 'VERB')]"
1244492,Look Back,ルックバック,2024-06-28,27.0638,8.189,685,ja,False,"Popular, outgoing Fujino is celebrated by her classmates for her funny comics in the class newspaper. One day, her teacher asks her to share the space with Kyomoto, a truant recluse whose beautiful artwork sparks a competitive fervor in Fujino. What starts as jealousy transforms when Fujino realizes their shared passion for drawing.",fujino celebrated classmates funny class day teacher asks share space whose beautiful sparks fujino starts jealousy transforms fujino realizes shared passion drawing,53,22,fujino celebr classmat funni class day teacher ask share space whose beauti spark fujino start jealousi transform fujino realiz share passion draw,fujino celebrated classmate funny class day teacher asks share space whose beautiful spark fujino start jealousy transforms fujino realizes shared passion drawing,"[('fujino', 'NOUN'), ('celebrated', 'VERB'), ('classmates', 'NOUN'), ('funny', 'ADJ'), ('class', 'NOUN'), ('day', 'NOUN'), ('teacher', 'NOUN'), ('asks', 'VERB'), ('share', 'NOUN'), ('space', 'NOUN'), ('whose', 'PRON'), ('beautiful', 'ADJ'), ('sparks', 'NOUN'), ('fujino', 'NOUN'), ('starts', 'VERB'), ('jealousy', 'ADJ'), ('transforms', 'NOUN'), ('fujino', 'VERB'), ('realizes', 'NOUN'), ('shared', 'VERB'), ('passion', 'NOUN'), ('drawing', 'VERB')]"
822119,Captain America: Brave New World,Captain America: Brave New World,2025-02-12,29.017,5.957,3459,en,False,"After meeting with newly elected U.S. President Thaddeus Ross, Sam finds himself in the middle of an international incident. He must discover the reason behind a nefarious global plot before the true mastermind has the entire world seeing red.",meeting newly us president ross sam finds middle international incident discover behind nefarious global plot true mastermind entire seeing red,39,20,meet newli us presid ross sam find middl intern incid discov behind nefari global plot true mastermind entir see red,meeting newly u president ross sam find middle international incident discover behind nefarious global plot true mastermind entire seeing red,"[('meeting', 'VERB'), ('newly', 'ADV'), ('us', 'PRON'), ('president', 'NOUN'), ('ross', 'NOUN'), ('sam', 'NOUN'), ('finds', 'VERB'), ('middle', 'ADJ'), ('international', 'ADJ'), ('incident', 'NOUN'), ('discover', 'NOUN'), ('behind', 'ADP'), ('nefarious', 'ADJ'), ('global', 'ADJ'), ('plot', 'NOUN'), ('true', 'ADJ'), ('mastermind', 'NOUN'), ('entire', 'ADJ'), ('seeing', 'NOUN'), ('red', 'NOUN')]"
62,2001: A Space Odyssey,2001: A Space Odyssey,1968-04-02,26.7549,8.0,13001,en,False,"Humanity finds a mysterious object buried beneath the lunar surface and sets off to find its origins with the help of HAL 9000, the world's most advanced super computer.",humanity finds buried beneath surface sets find help worlds advanced super computer,29,12,human find buri beneath surfac set find help world advanc super comput,humanity find buried beneath surface set find help world advanced super computer,"[('humanity', 'NOUN'), ('finds', 'VERB'), ('buried', 'VERB'), ('beneath', 'ADJ'), ('surface', 'NOUN'), ('sets', 'NOUN'), ('find', 'VERB'), ('help', 'NOUN'), ('worlds', 'NOUN'), ('advanced', 'VERB'), ('super', 'ADJ'), ('computer', 'NOUN')]"
508947,Turning Red,Turning Red,2022-03-10,28.9976,7.327,6065,en,False,"Thirteen-year-old Mei is experiencing the awkwardness of being a teenager with a twist – when she gets too excited, she transforms into a giant red panda.",experiencing teenager twist – gets transforms giant red panda,26,9,experienc teenag twist – get transform giant red panda,experiencing teenager twist – get transforms giant red panda,"[('experiencing', 'VERB'), ('teenager', 'NOUN'), ('twist', 'NOUN'), ('–', 'NOUN'), ('gets', 'VERB'), ('transforms', 'NOUN'), ('giant', 'NOUN'), ('red', 'VERB'), ('panda', 'NOUN')]"
10020,Beauty and the Beast,Beauty and the Beast,1991-10-22,27.5944,7.723,10920,en,False,"Follow the adventures of Belle, a bright young woman who finds herself in the castle of a prince who's been turned into a mysterious beast. With the help of the castle's enchanted staff, Belle soon learns the most important lesson of all -- that true beauty comes from within.",follow adventures belle woman finds castle prince whos turned help staff belle soon learns important lesson true beauty comes within,49,20,follow adventur bell woman find castl princ who turn help staff bell soon learn import lesson true beauti come within,follow adventure belle woman find castle prince who turned help staff belle soon learns important lesson true beauty come within,"[('follow', 'ADJ'), ('adventures', 'NOUN'), ('belle', 'VERB'), ('woman', 'NOUN'), ('finds', 'VERB'), ('castle', 'ADJ'), ('prince', 'NOUN'), ('whos', 'NOUN'), ('turned', 'VERB'), ('help', 'ADJ'), ('staff', 'NOUN'), ('belle', 'VERB'), ('soon', 'ADV'), ('learns', 'NOUN'), ('important', 'ADJ'), ('lesson', 'NOUN'), ('true', 'ADJ'), ('beauty', 'NOUN'), ('comes', 'VERB'), ('within', 'ADP')]"
1491920,Kung Fu Soccer,功夫女足,2026-07-11,26.5964,5.912,34,zh,False,"The ""Supreme Invincible Cup"" is about to begin, and a host of top teams are about to engage in an unprecedented showdown! But the Kung Fu Women's Soccer Team has been dealt a hellish script right from the start?! Their opponents are all highly skilled, and external pressure is mounting. The schemes on the field are one after another... Can they use their kung fu to turn the tide on the green field?",invincible cup begin host top teams showdown kung fu soccer team script right start highly skilled pressure mounting schemes field another use kung fu turn tide green field,73,28,invinc cup begin host top team showdown kung fu soccer team script right start highli skill pressur mount scheme field anoth use kung fu turn tide green field,invincible cup begin host top team showdown kung fu soccer team script right start highly skilled pressure mounting scheme field another use kung fu turn tide green field,"[('invincible', 'ADJ'), ('cup', 'NOUN'), ('begin', 'VERB'), ('host', 'NOUN'), ('top', 'ADJ'), ('teams', 'NOUN'), ('showdown', 'VERB'), ('kung', 'NOUN'), ('fu', 'NOUN'), ('soccer', 'NOUN'), ('team', 'NOUN'), ('script', 'NOUN'), ('right', 'ADJ'), ('start', 'NOUN'), ('highly', 'ADV'), ('skilled', 'ADJ'), ('pressure', 'NOUN'), ('mounting', 'VERB'), ('schemes', 'NOUN'), ('field', 'NOUN'), ('another', 'DET'), ('use', 'NOUN'), ('kung', 'NOUN'), ('fu', 'NOUN'), ('turn', 'VERB'), ('tide', 'ADJ'), ('green', 'ADJ'), ('field', 'NOUN')]"
282035,The Mummy,The Mummy,2017-06-06,27.1419,5.52,7821,en,False,"Though safely entombed in a crypt deep beneath the unforgiving desert, an ancient queen whose destiny was unjustly taken from her is awakened in our current day, bringing with her malevolence grown over millennia, and terrors that defy human comprehension.",though deep beneath desert ancient queen whose destiny taken day bringing grown defy human,40,14,though deep beneath desert ancient queen whose destini taken day bring grown defi human,though deep beneath desert ancient queen whose destiny taken day bringing grown defy human,"[('though', 'ADP'), ('deep', 'ADJ'), ('beneath', 'NOUN'), ('desert', 'NOUN'), ('ancient', 'NOUN'), ('queen', 'NOUN'), ('whose', 'PRON'), ('destiny', 'ADJ'), ('taken', 'VERB'), ('day', 'NOUN'), ('bringing', 'VERB'), ('grown', 'ADJ'), ('defy', 'NOUN'), ('human', 'NOUN')]"
1750432,Spidey and the Avengers: Halloween Team-Up!,Spidey and the Avengers: Halloween Team-Up!,2026-09-24,28.899,7.3,6,en,False,"Spidey and the Avengers' Halloween plans are turned upside down by the mysterious Hallows' Eve, who plays magical tricks on trick or treaters and plans to ruin Halloween forever.",avengers halloween plans turned upside eve magical tricks plans halloween forever,29,11,aveng halloween plan turn upsid eve magic trick plan halloween forev,avenger halloween plan turned upside eve magical trick plan halloween forever,"[('avengers', 'NOUN'), ('halloween', 'VERB'), ('plans', 'NOUN'), ('turned', 'VERB'), ('upside', 'ADJ'), ('eve', 'ADV'), ('magical', 'ADJ'), ('tricks', 'NOUN'), ('plans', 'NOUN'), ('halloween', 'VERB'), ('forever', 'ADV')]"
640,Catch Me If You Can,Catch Me If You Can,2002-12-16,27.4592,7.978,17648,en,False,"A true story about Frank Abagnale Jr. who, before his 19th birthday, successfully conned millions of dollars worth of checks as a Pan Am pilot, doctor, and legal prosecutor. An FBI agent makes it his mission to put him behind bars. But Frank not only eludes capture, he revels in the pursuit.",true story frank jr birthday successfully millions pilot doctor fbi agent makes mission put behind bars frank eludes capture pursuit,52,20,true stori frank jr birthday success million pilot doctor fbi agent make mission put behind bar frank elud captur pursuit,true story frank jr birthday successfully million pilot doctor fbi agent make mission put behind bar frank eludes capture pursuit,"[('true', 'ADJ'), ('story', 'NOUN'), ('frank', 'NOUN'), ('jr', 'NOUN'), ('birthday', 'NOUN'), ('successfully', 'ADV'), ('millions', 'NOUN'), ('pilot', 'VERB'), ('doctor', 'NOUN'), ('fbi', 'ADJ'), ('agent', 'NOUN'), ('makes', 'VERB'), ('mission', 'NOUN'), ('put', 'VERB'), ('behind', 'ADP'), ('bars', 'NOUN'), ('frank', 'ADJ'), ('eludes', 'NOUN'), ('capture', 'NOUN'), ('pursuit', 'NOUN')]"
372058,Your Name.,君の名は。,2016-07-01,31.9245,8.488,13053,ja,False,"High schoolers Mitsuha and Taki are complete strangers living separate lives. But one night, they suddenly switch places. Mitsuha wakes up in Taki’s body, and he in hers. This bizarre occurrence continues to happen randomly, and the two must adjust their lives around each other.",high mitsuha strangers living separate lives night suddenly switch places mitsuha wakes body bizarre continues lives around,45,17,high mitsuha stranger live separ live night suddenli switch place mitsuha wake bodi bizarr continu live around,high mitsuha stranger living separate life night suddenly switch place mitsuha wake body bizarre continues life around,"[('high', 'ADJ'), ('mitsuha', 'NOUN'), ('strangers', 'NOUN'), ('living', 'VERB'), ('separate', 'ADJ'), ('lives', 'NOUN'), ('night', 'NOUN'), ('suddenly', 'ADV'), ('switch', 'VERB'), ('places', 'NOUN'), ('mitsuha', 'ADJ'), ('wakes', 'NOUN'), ('body', 'NOUN'), ('bizarre', 'ADJ'), ('continues', 'VERB'), ('lives', 'NOUN'), ('around', 'ADP')]"
329865,Arrival,Arrival,2016-11-10,27.0819,7.635,19954,en,False,"Taking place after alien crafts land around the world, an expert linguist is recruited by the military to determine whether they come in peace or are a threat.",taking place alien land around expert recruited military determine whether come peace threat,28,13,take place alien land around expert recruit militari determin whether come peac threat,taking place alien land around expert recruited military determine whether come peace threat,"[('taking', 'VERB'), ('place', 'NOUN'), ('alien', 'ADJ'), ('land', 'NOUN'), ('around', 'ADP'), ('expert', 'NOUN'), ('recruited', 'VERB'), ('military', 'ADJ'), ('determine', 'NOUN'), ('whether', 'ADP'), ('come', 'ADJ'), ('peace', 'NOUN'), ('threat', 'NOUN')]"
926393,The Equalizer 3,The Equalizer 3,2023-08-30,28.0514,7.291,3945,en,False,"Robert McCall finds himself at home in Southern Italy but he discovers his friends are under the control of local crime bosses. As events turn deadly, McCall knows what he has to do: become his friends' protector by taking on the mafia.",robert mccall finds home southern italy discovers friends control local crime events turn deadly mccall knows become friends taking mafia,42,20,robert mccall find home southern itali discov friend control local crime event turn deadli mccall know becom friend take mafia,robert mccall find home southern italy discovers friend control local crime event turn deadly mccall know become friend taking mafia,"[('robert', 'VERB'), ('mccall', 'NOUN'), ('finds', 'VERB'), ('home', 'NOUN'), ('southern', 'ADJ'), ('italy', 'ADJ'), ('discovers', 'NOUN'), ('friends', 'NOUN'), ('control', 'VERB'), ('local', 'ADJ'), ('crime', 'NOUN'), ('events', 'NOUN'), ('turn', 'VERB'), ('deadly', 'ADV'), ('mccall', 'ADJ'), ('knows', 'VERB'), ('become', 'VERB'), ('friends', 'NOUN'), ('taking', 'VERB'), ('mafia', 'NOUN')]"
564,The Mummy,The Mummy,1999-04-16,30.1545,6.998,10448,en,False,Dashing legionnaire Rick O'Connell stumbles upon the hidden ruins of Hamunaptra while in the midst of a battle to claim the area in 1920s Egypt. It has been over three thousand years since former High Priest Imhotep suffered a fate worse than death as a punishment for a forbidden love—along with a curse that guarantees eternal doom upon the world if he is ever awoken.,dashing rick stumbles upon hidden ruins midst battle claim 1920s three thousand years since former high fate death punishment forbidden curse eternal doom upon ever,65,25,dash rick stumbl upon hidden ruin midst battl claim 1920 three thousand year sinc former high fate death punish forbidden curs etern doom upon ever,dashing rick stumble upon hidden ruin midst battle claim 1920s three thousand year since former high fate death punishment forbidden curse eternal doom upon ever,"[('dashing', 'VERB'), ('rick', 'NOUN'), ('stumbles', 'NOUN'), ('upon', 'ADP'), ('hidden', 'ADJ'), ('ruins', 'NOUN'), ('midst', 'ADJ'), ('battle', 'NOUN'), ('claim', 'NOUN'), ('1920s', 'NUM'), ('three', 'NUM'), ('thousand', 'NUM'), ('years', 'NOUN'), ('since', 'ADP'), ('former', 'ADJ'), ('high', 'ADJ'), ('fate', 'NOUN'), ('death', 'NOUN'), ('punishment', 'NOUN'), ('forbidden', 'ADJ'), ('curse', 'NOUN'), ('eternal', 'ADJ'), ('doom', 'NOUN'), ('upon', 'ADP'), ('ever', 'ADV')]"
1317288,Marty Supreme,Marty Supreme,2025-12-19,26.7472,7.367,2250,en,False,"Marty Mauser, a young man with a dream no one respects, goes to hell and back in pursuit of greatness.",marty man dream goes hell pursuit,20,6,marti man dream goe hell pursuit,marty man dream go hell pursuit,"[('marty', 'NOUN'), ('man', 'NOUN'), ('dream', 'NOUN'), ('goes', 'VERB'), ('hell', 'ADV'), ('pursuit', 'NOUN')]"
1641580,The Last Assassins,The Last Assassins,2026-07-21,26.3288,6.0,6,en,False,"After her father is murdered, a young warrior known as “The Kid” and her guardian cross a violent dystopian future in search of the aunt she has never met. The world is trapped in permanent winter and shrouded in deadly fog, and Nobel is bound by an oath to protect the few remaining members of her family. Their journey leads them to an abandoned laboratory, where holograms reveal secrets from the family’s past. But as the boundary between the digital and physical worlds begins to collapse, the young woman may hold the key to what comes next.",father murdered warrior known cross violent dystopian future search aunt never met trapped permanent winter shrouded deadly bound protect remaining members journey leads abandoned reveal secrets family’s past digital physical worlds begins collapse woman may key comes next,97,38,father murder warrior known cross violent dystopian futur search aunt never met trap perman winter shroud deadli bound protect remain member journey lead abandon reveal secret family’ past digit physic world begin collaps woman may key come next,father murdered warrior known cross violent dystopian future search aunt never met trapped permanent winter shrouded deadly bound protect remaining member journey lead abandoned reveal secret family’s past digital physical world begin collapse woman may key come next,"[('father', 'ADV'), ('murdered', 'VERB'), ('warrior', 'ADJ'), ('known', 'VERB'), ('cross', 'NOUN'), ('violent', 'NOUN'), ('dystopian', 'ADJ'), ('future', 'NOUN'), ('search', 'NOUN'), ('aunt', 'NOUN'), ('never', 'ADV'), ('met', 'VERB'), ('trapped', 'ADJ'), ('permanent', 'ADJ'), ('winter', 'NOUN'), ('shrouded', 'VERB'), ('deadly', 'ADV'), ('bound', 'ADJ'), ('protect', 'NOUN'), ('remaining', 'VERB'), ('members', 'NOUN'), ('journey', 'VERB'), ('leads', 'NOUN'), ('abandoned', 'VERB'), ('reveal', 'ADJ'), ('secrets', 'NOUN'), ('family', 'NOUN'), ('’', 'VERB'), ('s', 'NOUN'), ('past', 'ADP'), ('digital', 'ADJ'), ('physical', 'ADJ'), ('worlds', 'NOUN'), ('begins', 'VERB'), ('collapse', 'ADJ'), ('woman', 'NOUN'), ('may', 'VERB'), ('key', 'VERB'), ('comes', 'VERB'), ('next', 'ADJ')]"
1100988,28 Years Later,28 Years Later,2025-06-18,29.6681,6.608,3020,en,False,"Twenty-eight years after the Rage virus outbreak, a heavily-defended island survives connected to the mainland by a single causeway. When one of the group leaves the island into the dark heart of the mainland, he discovers secrets, wonders, and horrors that have mutated not only the infected but other survivors as well.",twentyeight years rage virus island survives connected mainland single group leaves island dark heart mainland discovers secrets horrors infected survivors well,52,21,twentyeight year rage viru island surviv connect mainland singl group leav island dark heart mainland discov secret horror infect survivor well,twentyeight year rage virus island survives connected mainland single group leaf island dark heart mainland discovers secret horror infected survivor well,"[('twentyeight', 'ADJ'), ('years', 'NOUN'), ('rage', 'VERB'), ('virus', 'ADJ'), ('island', 'NOUN'), ('survives', 'NOUN'), ('connected', 'VERB'), ('mainland', 'VERB'), ('single', 'ADJ'), ('group', 'NOUN'), ('leaves', 'VERB'), ('island', 'VERB'), ('dark', 'ADJ'), ('heart', 'NOUN'), ('mainland', 'NOUN'), ('discovers', 'NOUN'), ('secrets', 'NOUN'), ('horrors', 'NOUN'), ('infected', 'VERB'), ('survivors', 'NOUN'), ('well', 'ADV')]"
281957,The Revenant,The Revenant,2015-12-25,25.7368,7.541,19774,en,False,"In the 1820s, a frontiersman, Hugh Glass, sets out on a path of vengeance against those who left him for dead after a bear mauling.",sets path vengeance left dead,25,5,set path vengeanc left dead,set path vengeance left dead,"[('sets', 'NOUN'), ('path', 'VERB'), ('vengeance', 'NOUN'), ('left', 'VERB'), ('dead', 'ADJ')]"
436270,Black Adam,Black Adam,2022-10-19,26.4509,6.76,7294,en,False,"Nearly 5,000 years after he was bestowed with the almighty powers of the Egyptian gods—and imprisoned just as quickly—Black Adam is freed from his earthly tomb, ready to unleash his unique form of justice on the modern world.",nearly years powers imprisoned adam freed unleash unique form justice modern,38,11,nearli year power imprison adam freed unleash uniqu form justic modern,nearly year power imprisoned adam freed unleash unique form justice modern,"[('nearly', 'ADV'), ('years', 'NOUN'), ('powers', 'NOUN'), ('imprisoned', 'VERB'), ('adam', 'PRT'), ('freed', 'ADJ'), ('unleash', 'ADJ'), ('unique', 'ADJ'), ('form', 'NOUN'), ('justice', 'NOUN'), ('modern', 'ADJ')]"
786892,Furiosa: A Mad Max Saga,Furiosa: A Mad Max Saga,2024-05-22,27.2628,7.441,5238,en,False,"As the world falls, young Furiosa is snatched from the Green Place of Many Mothers into the hands of a great biker horde led by the warlord Dementus. Sweeping through the wasteland, they encounter the citadel presided over by Immortan Joe. The two tyrants wage war for dominance, and Furiosa must survive many trials as she puts together the means to find her way home.",falls furiosa green place many mothers hands great led sweeping wasteland encounter joe war furiosa survive many trials puts together means find way home,65,24,fall furiosa green place mani mother hand great led sweep wasteland encount joe war furiosa surviv mani trial put togeth mean find way home,fall furiosa green place many mother hand great led sweeping wasteland encounter joe war furiosa survive many trial put together mean find way home,"[('falls', 'NOUN'), ('furiosa', 'VERB'), ('green', 'ADJ'), ('place', 'NOUN'), ('many', 'ADJ'), ('mothers', 'NOUN'), ('hands', 'VERB'), ('great', 'ADJ'), ('led', 'VERB'), ('sweeping', 'ADJ'), ('wasteland', 'NOUN'), ('encounter', 'NOUN'), ('joe', 'NOUN'), ('war', 'NOUN'), ('furiosa', 'VERB'), ('survive', 'ADJ'), ('many', 'ADJ'), ('trials', 'NOUN'), ('puts', 'VERB'), ('together', 'ADV'), ('means', 'NOUN'), ('find', 'VERB'), ('way', 'NOUN'), ('home', 'NOUN')]"
458156,John Wick: Chapter 3 - Parabellum,John Wick: Chapter 3 - Parabellum,2019-05-15,23.7422,7.439,12130,en,False,"Super-assassin John Wick returns with a $14 million price tag on his head and an army of bounty-hunting killers on his trail. After killing a member of the shadowy international assassin’s guild, the High Table, John Wick is excommunicado, but the world’s most ruthless hit men and women await his every turn.",john wick returns million price head army killers trail killing member international high table john wick world’s ruthless hit men women await every turn,52,24,john wick return million price head armi killer trail kill member intern high tabl john wick world’ ruthless hit men women await everi turn,john wick return million price head army killer trail killing member international high table john wick world’s ruthless hit men woman await every turn,"[('john', 'NOUN'), ('wick', 'NOUN'), ('returns', 'NOUN'), ('million', 'NUM'), ('price', 'NOUN'), ('head', 'NOUN'), ('army', 'ADP'), ('killers', 'NOUN'), ('trail', 'VERB'), ('killing', 'VERB'), ('member', 'NOUN'), ('international', 'ADJ'), ('high', 'ADJ'), ('table', 'NOUN'), ('john', 'NOUN'), ('wick', 'ADJ'), ('world', 'NOUN'), ('’', 'NOUN'), ('s', 'NOUN'), ('ruthless', 'NOUN'), ('hit', 'VERB'), ('men', 'NOUN'), ('women', 'NOUN'), ('await', 'VERB'), ('every', 'DET'), ('turn', 'NOUN')]"
283995,Guardians of the Galaxy Vol. 2,Guardians of the Galaxy Vol. 2,2017-04-25,28.792,7.61,23513,en,False,The Guardians must fight to keep their newfound family together as they unravel the mysteries of Peter Quill's true parentage.,guardians fight keep newfound together unravel mysteries peter true,20,9,guardian fight keep newfound togeth unravel mysteri peter true,guardian fight keep newfound together unravel mystery peter true,"[('guardians', 'NOUN'), ('fight', 'ADJ'), ('keep', 'VERB'), ('newfound', 'ADP'), ('together', 'ADV'), ('unravel', 'ADJ'), ('mysteries', 'NOUN'), ('peter', 'VERB'), ('true', 'ADJ')]"
359410,Road House,Road House,2024-03-08,27.071,6.936,3266,en,False,"Ex-UFC fighter Dalton takes a job as a bouncer at a Florida Keys roadhouse, only to discover that this paradise is not all it seems.",fighter dalton takes job discover paradise seems,25,7,fighter dalton take job discov paradis seem,fighter dalton take job discover paradise seems,"[('fighter', 'NOUN'), ('dalton', 'NOUN'), ('takes', 'VERB'), ('job', 'NOUN'), ('discover', 'ADV'), ('paradise', 'ADV'), ('seems', 'VERB')]"
1318447,Apex,Apex,2026-04-24,26.2704,6.891,1969,en,False,A grieving woman pushing her limits on a solo adventure in the Australian wild is ensnared in a twisted game with a cunning killer who thinks she's prey.,grieving woman pushing limits solo adventure wild ensnared twisted game cunning killer shes prey,28,14,griev woman push limit solo adventur wild ensnar twist game cun killer she prey,grieving woman pushing limit solo adventure wild ensnared twisted game cunning killer shes prey,"[('grieving', 'VERB'), ('woman', 'NOUN'), ('pushing', 'VERB'), ('limits', 'NOUN'), ('solo', 'ADJ'), ('adventure', 'NOUN'), ('wild', 'PRON'), ('ensnared', 'VERB'), ('twisted', 'ADJ'), ('game', 'NOUN'), ('cunning', 'VERB'), ('killer', 'NOUN'), ('shes', 'NOUN'), ('prey', 'VERB')]"
1400940,Clayface,Clayface,2026-10-21,26.0561,0.0,0,en,False,"Matt Hagen's meteoric rise from Gotham street kid to Hollywood leading man is tragically cut short when a local crime boss's actions leave him horribly disfigured. Abandoned by his team and with nothing left, Matt seeks out a cutting edge treatment that miraculously returns him to his former self… but also unexpectedly affects his grip on reality, spiraling him down a destructive path of all-consuming revenge.",matt meteoric rise gotham street kid hollywood leading man cut short local crime bosss actions leave horribly disfigured abandoned team nothing left matt seeks edge returns former also unexpectedly grip reality destructive path revenge,66,34,matt meteor rise gotham street kid hollywood lead man cut short local crime bosss action leav horribl disfigur abandon team noth left matt seek edg return former also unexpectedli grip realiti destruct path reveng,matt meteoric rise gotham street kid hollywood leading man cut short local crime boss action leave horribly disfigured abandoned team nothing left matt seek edge return former also unexpectedly grip reality destructive path revenge,"[('matt', 'NOUN'), ('meteoric', 'ADJ'), ('rise', 'NOUN'), ('gotham', 'NOUN'), ('street', 'NOUN'), ('kid', 'VERB'), ('hollywood', 'NOUN'), ('leading', 'VERB'), ('man', 'NOUN'), ('cut', 'NOUN'), ('short', 'ADJ'), ('local', 'ADJ'), ('crime', 'NOUN'), ('bosss', 'NOUN'), ('actions', 'NOUN'), ('leave', 'VERB'), ('horribly', 'ADV'), ('disfigured', 'VERB'), ('abandoned', 'VERB'), ('team', 'NOUN'), ('nothing', 'NOUN'), ('left', 'VERB'), ('matt', 'ADJ'), ('seeks', 'NOUN'), ('edge', 'NOUN'), ('returns', 'NOUN'), ('former', 'ADJ'), ('also', 'ADV'), ('unexpectedly', 'ADV'), ('grip', 'ADJ'), ('reality', 'NOUN'), ('destructive', 'ADJ'), ('path', 'NOUN'), ('revenge', 'NOUN')]"
1857,The Transformers: The Movie,The Transformers: The Movie,1986-08-08,25.0692,7.149,645,en,False,"The Autobots must stop a colossal planet-consuming robot who goes after the Autobot Matrix of Leadership. At the same time, they must defend themselves against an all-out attack from the Decepticons.",stop colossal robot goes matrix time defend allout attack,31,9,stop coloss robot goe matrix time defend allout attack,stop colossal robot go matrix time defend allout attack,"[('stop', 'VERB'), ('colossal', 'NOUN'), ('robot', 'NOUN'), ('goes', 'VERB'), ('matrix', 'ADJ'), ('time', 'NOUN'), ('defend', 'VERB'), ('allout', 'ADP'), ('attack', 'NOUN')]"
791128,Youngest Sister Class,막장자매 클라쓰,2020-05-01,33.9977,4.6,8,ko,False,"Lim Da-yeong, the older sister, intercepted the lover of her younger sister, Lim Da-jeong, who is Yoon Tae-jin. As if this were not enough, Da-yeong imprisoned her younger sister in a mental hospital and lived a happy married life with Tae-jin. Then one day, the Da-jeong escapes from the mental hospital and conspires with helper Jo Yong-hwan, who is her ward friend, to exact cruel revenge on her older sister and her former lover. Both Da-yeong and Tae-jin endure Da-jeong's bloody kidnapping, domesticated slave life and harsh punishments. They look for opportunities to escape with a scary plot in their hearts.  What will be the ending for these crazy sisters?",lim dayeong older sister lover younger sister lim dajeong taejin enough dayeong imprisoned younger sister mental hospital lived married taejin day dajeong escapes mental hospital conspires jo friend cruel revenge older sister former lover dayeong taejin endure bloody slave harsh look escape plot hearts sisters,110,45,lim dayeong older sister lover younger sister lim dajeong taejin enough dayeong imprison younger sister mental hospit live marri taejin day dajeong escap mental hospit conspir jo friend cruel reveng older sister former lover dayeong taejin endur bloodi slave harsh look escap plot heart sister,lim dayeong older sister lover younger sister lim dajeong taejin enough dayeong imprisoned younger sister mental hospital lived married taejin day dajeong escape mental hospital conspires jo friend cruel revenge older sister former lover dayeong taejin endure bloody slave harsh look escape plot heart sister,"[('lim', 'NOUN'), ('dayeong', 'ADJ'), ('older', 'ADJ'), ('sister', 'NOUN'), ('lover', 'ADV'), ('younger', 'ADJ'), ('sister', 'NOUN'), ('lim', 'NOUN'), ('dajeong', 'ADJ'), ('taejin', 'ADV'), ('enough', 'ADV'), ('dayeong', 'ADJ'), ('imprisoned', 'ADJ'), ('younger', 'ADJ'), ('sister', 'NOUN'), ('mental', 'ADJ'), ('hospital', 'NOUN'), ('lived', 'VERB'), ('married', 'ADJ'), ('taejin', 'ADJ'), ('day', 'NOUN'), ('dajeong', 'ADJ'), ('escapes', 'NOUN'), ('mental', 'ADJ'), ('hospital', 'NOUN'), ('conspires', 'NOUN'), ('jo', 'VERB'), ('friend', 'NOUN'), ('cruel', 'NOUN'), ('revenge', 'NOUN'), ('older', 'ADJ'), ('sister', 'NOUN'), ('former', 'ADJ'), ('lover', 'NOUN'), ('dayeong', 'ADV'), ('taejin', 'ADJ'), ('endure', 'NOUN'), ('bloody', 'NOUN'), ('slave', 'VERB'), ('harsh', 'ADJ'), ('look', 'NOUN'), ('escape', 'NOUN'), ('plot', 'NOUN'), ('hearts', 'VERB'), ('sisters', 'NOUN')]"
1422,The Departed,The Departed,2006-10-04,27.286,8.158,16725,en,False,"To take down South Boston's Irish Mafia, the police send in one of their own to infiltrate the underworld, not realizing the syndicate has done likewise. While an undercover cop curries favor with the mob kingpin, a career criminal rises through the police ranks. But both sides soon discover there's a mole among them.",take south mafia police send underworld undercover cop mob kingpin career criminal rises police ranks sides soon discover theres mole among,54,21,take south mafia polic send underworld undercov cop mob kingpin career crimin rise polic rank side soon discov there mole among,take south mafia police send underworld undercover cop mob kingpin career criminal rise police rank side soon discover there mole among,"[('take', 'VERB'), ('south', 'NOUN'), ('mafia', 'NOUN'), ('police', 'NOUN'), ('send', 'VERB'), ('underworld', 'NOUN'), ('undercover', 'NOUN'), ('cop', 'NOUN'), ('mob', 'NOUN'), ('kingpin', 'NOUN'), ('career', 'NOUN'), ('criminal', 'ADJ'), ('rises', 'NOUN'), ('police', 'VERB'), ('ranks', 'NOUN'), ('sides', 'NOUN'), ('soon', 'ADV'), ('discover', 'ADV'), ('theres', 'VERB'), ('mole', 'NOUN'), ('among', 'ADP')]"
9502,Kung Fu Panda,Kung Fu Panda,2008-06-04,27.2944,7.3,13043,en,False,"Chosen by prophecy but doubted by all, Po is an unlikely choice for the mystical title of the Dragon Warrior—a clumsy panda thrust into the world of kung fu as a deadly enemy threatens the Valley of Peace. Under reluctant guidance by Master Shifu and the Furious Five, Po must embrace who he is to unlock the power that no scroll can teach.",chosen po unlikely choice mystical dragon clumsy panda thrust kung fu deadly enemy threatens valley peace reluctant guidance master furious five po embrace unlock power teach,63,26,chosen po unlik choic mystic dragon clumsi panda thrust kung fu deadli enemi threaten valley peac reluct guidanc master furiou five po embrac unlock power teach,chosen po unlikely choice mystical dragon clumsy panda thrust kung fu deadly enemy threatens valley peace reluctant guidance master furious five po embrace unlock power teach,"[('chosen', 'VERB'), ('po', 'NOUN'), ('unlikely', 'ADJ'), ('choice', 'NOUN'), ('mystical', 'ADJ'), ('dragon', 'NOUN'), ('clumsy', 'NOUN'), ('panda', 'NOUN'), ('thrust', 'NOUN'), ('kung', 'NOUN'), ('fu', 'VERB'), ('deadly', 'ADV'), ('enemy', 'ADJ'), ('threatens', 'NOUN'), ('valley', 'X'), ('peace', 'NOUN'), ('reluctant', 'ADJ'), ('guidance', 'NOUN'), ('master', 'ADV'), ('furious', 'ADJ'), ('five', 'NUM'), ('po', 'ADJ'), ('embrace', 'NOUN'), ('unlock', 'ADJ'), ('power', 'NOUN'), ('teach', 'NOUN')]"
895954,母女汽车中心,莫尼卡中心,2021-01-01,25.1033,4.0,1,ko,False,"Yeon Ja, a working mother, runs a car center after divorce and is raising her daughter all by herself. Her daughter, Ah Jung, started helping her when she became an adult, however, the customers don't trust weak-looking women to touch machines and the business at the car center is slow. Thanks to Ah Jung's punk boyfriend, Sung Hoon, they came up with an idea to turn the car center into a sexy car center.",working mother runs car center divorce raising daughter daughter ah started helping became adult however trust women touch machines business car center thanks ah boyfriend came idea turn car center sexy car center,74,33,work mother run car center divorc rais daughter daughter ah start help becam adult howev trust women touch machin busi car center thank ah boyfriend came idea turn car center sexi car center,working mother run car center divorce raising daughter daughter ah started helping became adult however trust woman touch machine business car center thanks ah boyfriend came idea turn car center sexy car center,"[('working', 'VERB'), ('mother', 'NOUN'), ('runs', 'VERB'), ('car', 'NOUN'), ('center', 'NOUN'), ('divorce', 'NOUN'), ('raising', 'VERB'), ('daughter', 'ADJ'), ('daughter', 'NOUN'), ('ah', 'NOUN'), ('started', 'VERB'), ('helping', 'VERB'), ('became', 'VERB'), ('adult', 'NOUN'), ('however', 'ADV'), ('trust', 'ADJ'), ('women', 'NOUN'), ('touch', 'ADJ'), ('machines', 'NOUN'), ('business', 'NOUN'), ('car', 'NOUN'), ('center', 'NOUN'), ('thanks', 'NOUN'), ('ah', 'VERB'), ('boyfriend', 'NOUN'), ('came', 'VERB'), ('idea', 'NOUN'), ('turn', 'NOUN'), ('car', 'NOUN'), ('center', 'NOUN'), ('sexy', 'NOUN'), ('car', 'NOUN'), ('center', 'NOUN')]"
1525963,Debtor’s Wife,채무자의 아내,2024-12-26,26.2969,0.0,0,ko,False,"Soo-yeong and Hae-soo are college friends stuck in a love tangle: Soo-yeong likes Che-moo, but Che-moo likes Hae-soo. Meanwhile, Hae-soo likes Dae-in, but Dae-in likes Soo-yeong. Despite the mixed-up feelings, they end up in mismatched marriages. Later, Hae-soo wants to have a baby and tries to get closer to her husband, Dae-in. But Dae-in knows he can’t have children, so he secretly makes a surprising proposal to Soo-yeong’s husband, Che-moo.",sooyeong haesoo college friends love sooyeong likes chemoo chemoo likes haesoo meanwhile haesoo likes daein daein likes sooyeong despite feelings end mismatched marriages later haesoo wants baby tries get closer husband daein daein knows can’t children makes husband chemoo,70,39,sooyeong haesoo colleg friend love sooyeong like chemoo chemoo like haesoo meanwhil haesoo like daein daein like sooyeong despit feel end mismatch marriag later haesoo want babi tri get closer husband daein daein know can’t children make husband chemoo,sooyeong haesoo college friend love sooyeong like chemoo chemoo like haesoo meanwhile haesoo like daein daein like sooyeong despite feeling end mismatched marriage later haesoo want baby try get closer husband daein daein know can’t child make husband chemoo,"[('sooyeong', 'ADJ'), ('haesoo', 'NOUN'), ('college', 'NOUN'), ('friends', 'NOUN'), ('love', 'VERB'), ('sooyeong', 'ADJ'), ('likes', 'NOUN'), ('chemoo', 'VERB'), ('chemoo', 'ADJ'), ('likes', 'NOUN'), ('haesoo', 'VERB'), ('meanwhile', 'ADV'), ('haesoo', 'ADJ'), ('likes', 'NOUN'), ('daein', 'VERB'), ('daein', 'ADJ'), ('likes', 'NOUN'), ('sooyeong', 'ADJ'), ('despite', 'ADP'), ('feelings', 'NOUN'), ('end', 'VERB'), ('mismatched', 'VERB'), ('marriages', 'NOUN'), ('later', 'ADV'), ('haesoo', 'VERB'), ('wants', 'VERB'), ('baby', 'NOUN'), ('tries', 'NOUN'), ('get', 'VERB'), ('closer', 'ADJ'), ('husband', 'NOUN'), ('daein', 'NOUN'), ('daein', 'NOUN'), ('knows', 'VERB'), ('can', 'VERB'), ('’', 'VERB'), ('t', 'ADJ'), ('children', 'NOUN'), ('makes', 'VERB'), ('husband', 'NOUN'), ('chemoo', 'NOUN')]"
1340206,Tuner,Tuner,2026-05-21,25.1867,7.624,515,en,False,"A gifted piano tuner's meticulous skills for tuning pianos lead him to discover an unexpected aptitude for cracking safes, turning his life upside down.",gifted skills lead discover unexpected turning upside,24,7,gift skill lead discov unexpect turn upsid,gifted skill lead discover unexpected turning upside,"[('gifted', 'VERB'), ('skills', 'NOUN'), ('lead', 'VERB'), ('discover', 'ADV'), ('unexpected', 'ADJ'), ('turning', 'VERB'), ('upside', 'NOUN')]"
616037,Thor: Love and Thunder,Thor: Love and Thunder,2022-07-06,26.1362,6.356,9011,en,False,"After his retirement is interrupted by Gorr the God Butcher, a galactic killer who seeks the extinction of the gods, Thor Odinson enlists the help of King Valkyrie, Korg, and ex-girlfriend Jane Foster, who now wields Mjolnir as the Mighty Thor. Together they embark upon a harrowing cosmic adventure to uncover the mystery of the God Butcher’s vengeance and stop him before it’s too late.",retirement god galactic killer seeks extinction gods thor enlists help king exgirlfriend jane foster mighty thor together embark upon harrowing cosmic adventure uncover mystery god vengeance stop it’s late,65,29,retir god galact killer seek extinct god thor enlist help king exgirlfriend jane foster mighti thor togeth embark upon harrow cosmic adventur uncov mysteri god vengeanc stop it’ late,retirement god galactic killer seek extinction god thor enlists help king exgirlfriend jane foster mighty thor together embark upon harrowing cosmic adventure uncover mystery god vengeance stop it’s late,"[('retirement', 'NOUN'), ('god', 'NOUN'), ('galactic', 'ADJ'), ('killer', 'NOUN'), ('seeks', 'VERB'), ('extinction', 'NOUN'), ('gods', 'NOUN'), ('thor', 'NOUN'), ('enlists', 'VERB'), ('help', 'VERB'), ('king', 'VERB'), ('exgirlfriend', 'VERB'), ('jane', 'NOUN'), ('foster', 'NOUN'), ('mighty', 'NOUN'), ('thor', 'NOUN'), ('together', 'ADV'), ('embark', 'ADJ'), ('upon', 'ADP'), ('harrowing', 'VERB'), ('cosmic', 'ADJ'), ('adventure', 'NOUN'), ('uncover', 'ADJ'), ('mystery', 'NOUN'), ('god', 'NOUN'), ('vengeance', 'NOUN'), ('stop', 'VERB'), ('it', 'PRON'), ('’', 'NOUN'), ('s', 'VERB'), ('late', 'ADJ')]"
519182,Despicable Me 4,Despicable Me 4,2024-06-20,27.7162,7.0,3389,en,False,"Gru and Lucy and their girls—Margo, Edith and Agnes—welcome a new member to the Gru family, Gru Jr., who is intent on tormenting his dad. Gru also faces a new nemesis in Maxime Le Mal and his femme fatale girlfriend Valentina, forcing the family to go on the run.",gru lucy girls—margo edith member gru gru jr intent gru also faces nemesis le girlfriend forcing go run,49,18,gru luci girls—margo edith member gru gru jr intent gru also face nemesi le girlfriend forc go run,gru lucy girls—margo edith member gru gru jr intent gru also face nemesis le girlfriend forcing go run,"[('gru', 'NOUN'), ('lucy', 'VERB'), ('girls', 'NOUN'), ('—', 'NOUN'), ('margo', 'NOUN'), ('edith', 'NOUN'), ('member', 'NOUN'), ('gru', 'NOUN'), ('gru', 'NOUN'), ('jr', 'NOUN'), ('intent', 'NOUN'), ('gru', 'NOUN'), ('also', 'ADV'), ('faces', 'VERB'), ('nemesis', 'NOUN'), ('le', 'NOUN'), ('girlfriend', 'NOUN'), ('forcing', 'VERB'), ('go', 'VERB'), ('run', 'NOUN')]"
792307,Poor Things,Poor Things,2023-12-07,28.1099,7.629,5795,en,False,"Brought back to life by an unorthodox scientist, a young woman runs off with a lawyer on a whirlwind adventure across the continents. Free from the prejudices of her times, she grows steadfast in her purpose to stand for equality and liberation.",brought unorthodox scientist woman runs lawyer adventure across free prejudices times grows purpose stand,42,14,brought unorthodox scientist woman run lawyer adventur across free prejudic time grow purpos stand,brought unorthodox scientist woman run lawyer adventure across free prejudice time grows purpose stand,"[('brought', 'VERB'), ('unorthodox', 'ADJ'), ('scientist', 'NOUN'), ('woman', 'NOUN'), ('runs', 'VERB'), ('lawyer', 'NOUN'), ('adventure', 'NOUN'), ('across', 'ADP'), ('free', 'ADJ'), ('prejudices', 'NOUN'), ('times', 'NOUN'), ('grows', 'VERB'), ('purpose', 'ADJ'), ('stand', 'NOUN')]"
1198994,Send Help,Send Help,2026-01-22,27.2484,7.012,2358,en,False,"Two colleagues become stranded on a deserted island, the only survivors of a plane crash. On the island, they must overcome past grievances and work together to survive, but ultimately, it's a battle of wills and wits to make it out alive.",become stranded island survivors plane crash island overcome past work together survive ultimately battle wills make alive,42,17,becom strand island survivor plane crash island overcom past work togeth surviv ultim battl will make aliv,become stranded island survivor plane crash island overcome past work together survive ultimately battle will make alive,"[('become', 'NOUN'), ('stranded', 'VERB'), ('island', 'ADJ'), ('survivors', 'NOUN'), ('plane', 'VERB'), ('crash', 'NOUN'), ('island', 'NOUN'), ('overcome', 'NOUN'), ('past', 'ADP'), ('work', 'NOUN'), ('together', 'ADV'), ('survive', 'ADJ'), ('ultimately', 'ADV'), ('battle', 'NOUN'), ('wills', 'NOUN'), ('make', 'VERB'), ('alive', 'ADJ')]"
718930,Bullet Train,Bullet Train,2022-07-20,28.3522,7.407,7988,en,False,"Unlucky assassin Ladybug is determined to do his job peacefully after one too many gigs gone off the rails. Fate, however, may have other plans, as Ladybug's latest mission puts him on a collision course with lethal adversaries from around the globe—all with connected, yet conflicting, objectives—on the world's fastest train.",assassin determined job many gigs gone rails fate however may plans mission puts collision course lethal around connected yet worlds fastest train,51,22,assassin determin job mani gig gone rail fate howev may plan mission put collis cours lethal around connect yet world fastest train,assassin determined job many gig gone rail fate however may plan mission put collision course lethal around connected yet world fastest train,"[('assassin', 'NOUN'), ('determined', 'VERB'), ('job', 'NOUN'), ('many', 'ADJ'), ('gigs', 'NOUN'), ('gone', 'VERB'), ('rails', 'ADJ'), ('fate', 'NOUN'), ('however', 'ADV'), ('may', 'VERB'), ('plans', 'VERB'), ('mission', 'NOUN'), ('puts', 'VERB'), ('collision', 'NOUN'), ('course', 'NOUN'), ('lethal', 'VERB'), ('around', 'ADP'), ('connected', 'VERB'), ('yet', 'ADV'), ('worlds', 'ADJ'), ('fastest', 'ADJ'), ('train', 'NOUN')]"
920,Cars,Cars,2006-06-08,26.0677,7.057,15592,en,False,"Lightning McQueen, a hotshot rookie race car driven to succeed, discovers that life is about the journey, not the finish line, when he finds himself unexpectedly detoured in the sleepy Route 66 town of Radiator Springs. On route across the country to the big Piston Cup Championship in California to compete against two seasoned pros, McQueen gets to know the town's offbeat characters.",lightning mcqueen hotshot rookie race car driven discovers journey finish line finds unexpectedly route town route across country big cup championship compete seasoned pros mcqueen gets know towns characters,63,29,lightn mcqueen hotshot rooki race car driven discov journey finish line find unexpectedli rout town rout across countri big cup championship compet season pro mcqueen get know town charact,lightning mcqueen hotshot rookie race car driven discovers journey finish line find unexpectedly route town route across country big cup championship compete seasoned pro mcqueen get know town character,"[('lightning', 'VERB'), ('mcqueen', 'ADJ'), ('hotshot', 'ADJ'), ('rookie', 'NOUN'), ('race', 'NOUN'), ('car', 'NOUN'), ('driven', 'ADJ'), ('discovers', 'NOUN'), ('journey', 'VERB'), ('finish', 'ADJ'), ('line', 'NOUN'), ('finds', 'NOUN'), ('unexpectedly', 'ADV'), ('route', 'VERB'), ('town', 'NOUN'), ('route', 'NOUN'), ('across', 'ADP'), ('country', 'NOUN'), ('big', 'ADJ'), ('cup', 'NOUN'), ('championship', 'NOUN'), ('compete', 'NOUN'), ('seasoned', 'VERB'), ('pros', 'NOUN'), ('mcqueen', 'ADJ'), ('gets', 'VERB'), ('know', 'ADJ'), ('towns', 'NOUN'), ('characters', 'NOUN')]"
954,Mission: Impossible,Mission: Impossible,1996-05-22,27.7387,7.031,10316,en,False,"When Ethan Hunt, the leader of a crack espionage team whose perilous operation has gone awry with no explanation, discovers that a mole has penetrated the CIA, he's surprised to learn that he's the prime suspect. To clear his name, Hunt now must ferret out the real double agent and, in the process, even the score.",ethan hunt leader crack espionage team whose perilous operation gone awry explanation discovers mole cia hes learn hes clear name hunt real double agent even score,56,26,ethan hunt leader crack espionag team whose peril oper gone awri explan discov mole cia he learn he clear name hunt real doubl agent even score,ethan hunt leader crack espionage team whose perilous operation gone awry explanation discovers mole cia he learn he clear name hunt real double agent even score,"[('ethan', 'NOUN'), ('hunt', 'NOUN'), ('leader', 'NOUN'), ('crack', 'NOUN'), ('espionage', 'NOUN'), ('team', 'NOUN'), ('whose', 'PRON'), ('perilous', 'ADJ'), ('operation', 'NOUN'), ('gone', 'VERB'), ('awry', 'ADJ'), ('explanation', 'NOUN'), ('discovers', 'NOUN'), ('mole', 'VERB'), ('cia', 'ADJ'), ('hes', 'NOUN'), ('learn', 'VERB'), ('hes', 'NOUN'), ('clear', 'ADJ'), ('name', 'NOUN'), ('hunt', 'NOUN'), ('real', 'ADJ'), ('double', 'ADJ'), ('agent', 'NOUN'), ('even', 'ADV'), ('score', 'VERB')]"
1124,The Prestige,The Prestige,2006-10-19,28.218,8.211,18216,en,False,"A mysterious story of two magicians whose intense rivalry leads them on a life-long battle for supremacy -- full of obsession, deceit and jealousy with dangerous and deadly consequences.",story magicians whose intense leads lifelong battle full obsession jealousy dangerous deadly consequences,29,13,stori magician whose intens lead lifelong battl full obsess jealousi danger deadli consequ,story magician whose intense lead lifelong battle full obsession jealousy dangerous deadly consequence,"[('story', 'NOUN'), ('magicians', 'NOUN'), ('whose', 'PRON'), ('intense', 'ADJ'), ('leads', 'VERB'), ('lifelong', 'ADJ'), ('battle', 'NOUN'), ('full', 'ADJ'), ('obsession', 'NOUN'), ('jealousy', 'NOUN'), ('dangerous', 'ADJ'), ('deadly', 'ADV'), ('consequences', 'NOUN')]"
1175942,The Bad Guys 2,The Bad Guys 2,2025-07-24,31.1733,7.623,914,en,False,"The now-reformed Bad Guys are trying (very, very hard) to be good, but instead find themselves hijacked into a high-stakes, globe-trotting heist, masterminded by a new team of criminals they never saw coming: The Bad Girls.",bad guys trying hard good instead find highstakes globetrotting heist team criminals never coming bad girls,36,16,bad guy tri hard good instead find highstak globetrot heist team crimin never come bad girl,bad guy trying hard good instead find highstakes globetrotting heist team criminal never coming bad girl,"[('bad', 'ADJ'), ('guys', 'NOUN'), ('trying', 'VERB'), ('hard', 'ADV'), ('good', 'ADJ'), ('instead', 'ADV'), ('find', 'VERB'), ('highstakes', 'ADJ'), ('globetrotting', 'VERB'), ('heist', 'NOUN'), ('team', 'NOUN'), ('criminals', 'NOUN'), ('never', 'ADV'), ('coming', 'VERB'), ('bad', 'ADJ'), ('girls', 'NOUN')]"
1727780,Borderline,Borderline,2026-07-17,26.4856,6.0,16,en,False,"Convinced they are our secret saviors, rogue U.S. operatives abduct Mexican gang members and seed them across major American cities, unleashing criminal chaos, swaying voters by playing on nativist prejudices, and forcing law enforcement into a race to expose the plot as the escalating carnage threatens democracy itself.",convinced secret rogue us operatives mexican gang members seed across major american criminal chaos playing prejudices forcing law race expose plot escalating threatens,48,23,convinc secret rogu us oper mexican gang member seed across major american crimin chao play prejudic forc law race expos plot escal threaten,convinced secret rogue u operative mexican gang member seed across major american criminal chaos playing prejudice forcing law race expose plot escalating threatens,"[('convinced', 'VERB'), ('secret', 'ADJ'), ('rogue', 'NOUN'), ('us', 'PRON'), ('operatives', 'VERB'), ('mexican', 'ADJ'), ('gang', 'NOUN'), ('members', 'NOUN'), ('seed', 'NOUN'), ('across', 'ADP'), ('major', 'ADJ'), ('american', 'ADJ'), ('criminal', 'NOUN'), ('chaos', 'NOUN'), ('playing', 'NOUN'), ('prejudices', 'NOUN'), ('forcing', 'VERB'), ('law', 'NOUN'), ('race', 'NOUN'), ('expose', 'VERB'), ('plot', 'NOUN'), ('escalating', 'NOUN'), ('threatens', 'NOUN')]"
1266800,The Desert Child,L'enfant du désert,2026-04-08,22.5396,7.4,30,fr,False,"14-year-old Sun has written and successfully published a story based on an incredible story told by her late grandfather about a wild child called Hadara, who is saved by a group of ostriches when he becomes separated from his family in a storm, and is then raised in the desert amid a host of wild animals, including his best friend, a desert fox. When Sun is invited to travel to the Sahara by a local community who has heard about her book, she meets Kharouba, a Nomad girl of her own age, and realizes there may be much more to Hadara than just a character in a bedtime story.",sun successfully story based incredible story late wild child called hadara saved group becomes separated storm desert amid host wild animals including best friend desert fox sun invited travel local community book meets girl age realizes may hadara story,109,39,sun success stori base incred stori late wild child call hadara save group becom separ storm desert amid host wild anim includ best friend desert fox sun invit travel local commun book meet girl age realiz may hadara stori,sun successfully story based incredible story late wild child called hadara saved group becomes separated storm desert amid host wild animal including best friend desert fox sun invited travel local community book meet girl age realizes may hadara story,"[('sun', 'NOUN'), ('successfully', 'ADV'), ('story', 'NOUN'), ('based', 'VERB'), ('incredible', 'ADJ'), ('story', 'NOUN'), ('late', 'ADJ'), ('wild', 'ADJ'), ('child', 'NOUN'), ('called', 'VERB'), ('hadara', 'NOUN'), ('saved', 'VERB'), ('group', 'NOUN'), ('becomes', 'NOUN'), ('separated', 'VERB'), ('storm', 'NOUN'), ('desert', 'NOUN'), ('amid', 'ADP'), ('host', 'NOUN'), ('wild', 'ADJ'), ('animals', 'NOUN'), ('including', 'VERB'), ('best', 'ADJ'), ('friend', 'NOUN'), ('desert', 'NOUN'), ('fox', 'NOUN'), ('sun', 'NOUN'), ('invited', 'VERB'), ('travel', 'ADJ'), ('local', 'ADJ'), ('community', 'NOUN'), ('book', 'NOUN'), ('meets', 'NOUN'), ('girl', 'ADJ'), ('age', 'NOUN'), ('realizes', 'VERB'), ('may', 'VERB'), ('hadara', 'VERB'), ('story', 'NOUN')]"
27578,The Expendables,The Expendables,2010-08-07,23.2667,6.251,8492,en,False,"Barney Ross leads a band of highly skilled mercenaries including knife enthusiast Lee Christmas, a martial arts expert Yin Yang, heavy weapons specialist Hale Caesar, demolitionist Toll Road, and a loose-cannon sniper Gunner Jensen. When the group is commissioned by the mysterious Mr. Church to assassinate the dictator of a small South American island, Barney and Lee visit the remote locale to scout out their opposition and discover the true nature of the conflict engulfing the city.",barney ross leads band highly skilled mercenaries including knife lee christmas martial arts expert heavy toll road loosecannon sniper group mr church small south american island barney lee visit remote opposition discover true nature conflict city,77,36,barney ross lead band highli skill mercenari includ knife lee christma martial art expert heavi toll road loosecannon sniper group mr church small south american island barney lee visit remot opposit discov true natur conflict citi,barney ross lead band highly skilled mercenary including knife lee christmas martial art expert heavy toll road loosecannon sniper group mr church small south american island barney lee visit remote opposition discover true nature conflict city,"[('barney', 'NOUN'), ('ross', 'NOUN'), ('leads', 'VERB'), ('band', 'VERB'), ('highly', 'ADV'), ('skilled', 'ADJ'), ('mercenaries', 'NOUN'), ('including', 'VERB'), ('knife', 'NOUN'), ('lee', 'NOUN'), ('christmas', 'VERB'), ('martial', 'ADJ'), ('arts', 'NOUN'), ('expert', 'VERB'), ('heavy', 'ADJ'), ('toll', 'NOUN'), ('road', 'NOUN'), ('loosecannon', 'VERB'), ('sniper', 'ADJ'), ('group', 'NOUN'), ('mr', 'VERB'), ('church', 'NOUN'), ('small', 'ADJ'), ('south', 'ADJ'), ('american', 'ADJ'), ('island', 'NOUN'), ('barney', 'NOUN'), ('lee', 'ADJ'), ('visit', 'NOUN'), ('remote', 'ADJ'), ('opposition', 'NOUN'), ('discover', 'NOUN'), ('true', 'ADJ'), ('nature', 'NOUN'), ('conflict', 'NOUN'), ('city', 'NOUN')]"
57800,Ice Age: Continental Drift,Ice Age: Continental Drift,2012-06-27,27.1898,6.395,8300,en,False,"Manny, Diego, and Sid embark upon another adventure after their continent is set adrift. Using an iceberg as a ship, they encounter sea creatures and battle pirates as they explore a new world.",manny diego sid embark upon another adventure continent set using ship encounter sea creatures battle,33,15,manni diego sid embark upon anoth adventur contin set use ship encount sea creatur battl,manny diego sid embark upon another adventure continent set using ship encounter sea creature battle,"[('manny', 'ADJ'), ('diego', 'NOUN'), ('sid', 'NOUN'), ('embark', 'NOUN'), ('upon', 'ADP'), ('another', 'DET'), ('adventure', 'NOUN'), ('continent', 'NOUN'), ('set', 'VERB'), ('using', 'VERB'), ('ship', 'ADJ'), ('encounter', 'ADJ'), ('sea', 'NOUN'), ('creatures', 'NOUN'), ('battle', 'NOUN')]"
1054867,One Battle After Another,One Battle After Another,2025-09-23,29.3311,7.337,4340,en,False,"Washed-up revolutionary Bob exists in a state of stoned paranoia, surviving off-grid with his spirited, self-reliant daughter, Willa. When his evil nemesis resurfaces after 16 years and she goes missing, the former radical scrambles to find her, father and daughter both battling the consequences of his past.",washedup revolutionary bob state paranoia surviving daughter evil nemesis resurfaces years goes missing former find father daughter consequences past,47,19,washedup revolutionari bob state paranoia surviv daughter evil nemesi resurfac year goe miss former find father daughter consequ past,washedup revolutionary bob state paranoia surviving daughter evil nemesis resurfaces year go missing former find father daughter consequence past,"[('washedup', 'NOUN'), ('revolutionary', 'ADJ'), ('bob', 'NOUN'), ('state', 'NOUN'), ('paranoia', 'NOUN'), ('surviving', 'VERB'), ('daughter', 'NOUN'), ('evil', 'ADJ'), ('nemesis', 'NOUN'), ('resurfaces', 'NOUN'), ('years', 'NOUN'), ('goes', 'VERB'), ('missing', 'VERB'), ('former', 'ADJ'), ('find', 'VERB'), ('father', 'ADJ'), ('daughter', 'NOUN'), ('consequences', 'NOUN'), ('past', 'ADP')]"
87513,Motor City,Motor City,2026-07-23,26.3479,6.232,123,en,False,"In 1970s Detroit, John Miller falls for a local gangster's girl and lands in prison for a crime he didn't commit. With his life ruined, Miller plots revenge against the man who took his girl away.",john miller falls local gangsters girl lands prison crime didnt commit ruined miller plots revenge man took girl away,36,19,john miller fall local gangster girl land prison crime didnt commit ruin miller plot reveng man took girl away,john miller fall local gangster girl land prison crime didnt commit ruined miller plot revenge man took girl away,"[('john', 'NOUN'), ('miller', 'NOUN'), ('falls', 'VERB'), ('local', 'ADJ'), ('gangsters', 'NOUN'), ('girl', 'VERB'), ('lands', 'VERB'), ('prison', 'NOUN'), ('crime', 'NOUN'), ('didnt', 'NOUN'), ('commit', 'NOUN'), ('ruined', 'VERB'), ('miller', 'ADJ'), ('plots', 'NOUN'), ('revenge', 'VERB'), ('man', 'NOUN'), ('took', 'VERB'), ('girl', 'NUM'), ('away', 'ADV')]"
370172,No Time to Die,No Time to Die,2021-09-29,27.7783,7.338,7427,en,False,"Bond has left active service and is enjoying a tranquil life in Jamaica. His peace is short-lived when his old friend Felix Leiter from the CIA turns up asking for help. The mission to rescue a kidnapped scientist turns out to be far more treacherous than expected, leading Bond onto the trail of a mysterious villain armed with dangerous new technology.",bond left service enjoying jamaica peace old friend felix cia turns help mission rescue kidnapped scientist turns far treacherous expected leading bond onto trail villain armed dangerous technology,61,28,bond left servic enjoy jamaica peac old friend felix cia turn help mission rescu kidnap scientist turn far treacher expect lead bond onto trail villain arm danger technolog,bond left service enjoying jamaica peace old friend felix cia turn help mission rescue kidnapped scientist turn far treacherous expected leading bond onto trail villain armed dangerous technology,"[('bond', 'NOUN'), ('left', 'VERB'), ('service', 'NOUN'), ('enjoying', 'VERB'), ('jamaica', 'ADJ'), ('peace', 'NOUN'), ('old', 'ADJ'), ('friend', 'NOUN'), ('felix', 'NOUN'), ('cia', 'NOUN'), ('turns', 'VERB'), ('help', 'VERB'), ('mission', 'NOUN'), ('rescue', 'NOUN'), ('kidnapped', 'VERB'), ('scientist', 'NOUN'), ('turns', 'NOUN'), ('far', 'ADV'), ('treacherous', 'ADJ'), ('expected', 'VERB'), ('leading', 'ADJ'), ('bond', 'NOUN'), ('onto', 'ADP'), ('trail', 'NOUN'), ('villain', 'NOUN'), ('armed', 'VERB'), ('dangerous', 'ADJ'), ('technology', 'NOUN')]"
77338,The Intouchables,Intouchables,2011-11-02,26.5838,8.272,18885,fr,False,A true story of two men who should never have met – a quadriplegic aristocrat who was injured in a paragliding accident and a young man from the projects.,true story men never met – injured accident man,29,9,true stori men never met – injur accid man,true story men never met – injured accident man,"[('true', 'ADJ'), ('story', 'NOUN'), ('men', 'NOUN'), ('never', 'ADV'), ('met', 'VERB'), ('–', 'NOUN'), ('injured', 'ADJ'), ('accident', 'NOUN'), ('man', 'NOUN')]"
78,Blade Runner,Blade Runner,1982-06-25,25.8219,7.936,15467,en,False,"In the smog-choked dystopian Los Angeles of 2019, blade runner Rick Deckard is called out of retirement to terminate a quartet of replicants who have escaped to Earth seeking their creator for a way to extend their short life spans.",dystopian los angeles blade runner rick deckard called retirement escaped earth seeking creator way short,40,15,dystopian lo angel blade runner rick deckard call retir escap earth seek creator way short,dystopian los angeles blade runner rick deckard called retirement escaped earth seeking creator way short,"[('dystopian', 'ADJ'), ('los', 'NOUN'), ('angeles', 'NOUN'), ('blade', 'VERB'), ('runner', 'NOUN'), ('rick', 'NOUN'), ('deckard', 'NOUN'), ('called', 'VERB'), ('retirement', 'NOUN'), ('escaped', 'VERB'), ('earth', 'NOUN'), ('seeking', 'VERB'), ('creator', 'NOUN'), ('way', 'NOUN'), ('short', 'ADJ')]"
381284,Hidden Figures,Hidden Figures,2016-12-10,25.3432,8.049,10706,en,False,"The untold story of Katherine G. Johnson, Dorothy Vaughan and Mary Jackson – brilliant African-American women working at NASA and serving as the brains behind one of the greatest operations in history – the launch of astronaut John Glenn into orbit. The visionary trio crossed all gender and race lines to inspire generations to dream big.",untold story mary jackson – brilliant women working behind greatest operations history – astronaut john visionary trio race lines generations dream big,56,22,untold stori mari jackson – brilliant women work behind greatest oper histori – astronaut john visionari trio race line gener dream big,untold story mary jackson – brilliant woman working behind greatest operation history – astronaut john visionary trio race line generation dream big,"[('untold', 'ADJ'), ('story', 'NOUN'), ('mary', 'ADJ'), ('jackson', 'NOUN'), ('–', 'NOUN'), ('brilliant', 'ADJ'), ('women', 'NOUN'), ('working', 'VERB'), ('behind', 'ADP'), ('greatest', 'ADJ'), ('operations', 'NOUN'), ('history', 'NOUN'), ('–', 'NOUN'), ('astronaut', 'NOUN'), ('john', 'NOUN'), ('visionary', 'ADJ'), ('trio', 'NOUN'), ('race', 'NOUN'), ('lines', 'NOUN'), ('generations', 'NOUN'), ('dream', 'VERB'), ('big', 'ADJ')]"
762509,Mufasa: The Lion King,Mufasa: The Lion King,2024-12-18,27.4864,7.282,2790,en,False,"Mufasa, a cub lost and alone, meets a sympathetic lion named Taka, the heir to a royal bloodline. The chance meeting sets in motion an expansive journey of a group of misfits searching for their destiny.",mufasa lost alone meets lion named heir royal chance meeting sets motion journey group misfits destiny,36,16,mufasa lost alon meet lion name heir royal chanc meet set motion journey group misfit destini,mufasa lost alone meet lion named heir royal chance meeting set motion journey group misfit destiny,"[('mufasa', 'NOUN'), ('lost', 'VERB'), ('alone', 'ADV'), ('meets', 'ADJ'), ('lion', 'NOUN'), ('named', 'VERB'), ('heir', 'NOUN'), ('royal', 'NOUN'), ('chance', 'NOUN'), ('meeting', 'NOUN'), ('sets', 'NOUN'), ('motion', 'NOUN'), ('journey', 'NOUN'), ('group', 'NOUN'), ('misfits', 'VERB'), ('destiny', 'NOUN')]"
330477,Baby Love,Baby Love,1979-01-01,28.3148,3.0,7,it,False,"A queen has a stepdaughter named Baby Love, whom she wants to sell as a bride to the highest bidder. Four individuals present themselves to the castle to contribute to a kind of auction, but the girl, route to all sexual experiences while still a virgin, prefers to set out and lose virginity with a young knife thrower who is, incidentally, also the queen's lover. Kidnapped, finally, by an actor of avant-garde theater, Baby Love chooses to live with him in a hermitage, while mother and buyers remain with egg on the face?",queen named baby love wants bride four present castle kind girl route sexual experiences still virgin set lose knife also queens lover kidnapped finally actor theater baby love live mother remain face,93,32,queen name babi love want bride four present castl kind girl rout sexual experi still virgin set lose knife also queen lover kidnap final actor theater babi love live mother remain face,queen named baby love want bride four present castle kind girl route sexual experience still virgin set lose knife also queen lover kidnapped finally actor theater baby love live mother remain face,"[('queen', 'NOUN'), ('named', 'VERB'), ('baby', 'NOUN'), ('love', 'NOUN'), ('wants', 'VERB'), ('bride', 'ADP'), ('four', 'NUM'), ('present', 'ADJ'), ('castle', 'NOUN'), ('kind', 'NOUN'), ('girl', 'ADJ'), ('route', 'NOUN'), ('sexual', 'ADJ'), ('experiences', 'NOUN'), ('still', 'ADV'), ('virgin', 'VERB'), ('set', 'VERB'), ('lose', 'ADJ'), ('knife', 'NOUN'), ('also', 'ADV'), ('queens', 'VERB'), ('lover', 'NOUN'), ('kidnapped', 'VERB'), ('finally', 'ADV'), ('actor', 'ADJ'), ('theater', 'NOUN'), ('baby', 'NOUN'), ('love', 'VERB'), ('live', 'ADJ'), ('mother', 'NOUN'), ('remain', 'VERB'), ('face', 'NOUN')]"
546554,Knives Out,Knives Out,2019-11-27,27.6278,7.844,14573,en,False,"When renowned crime novelist Harlan Thrombey is found dead at his estate just after his 85th birthday, the inquisitive and debonair Detective Benoit Blanc is mysteriously enlisted to investigate. From Harlan's dysfunctional family to his devoted staff, Blanc sifts through a web of red herrings and self-serving lies to uncover the truth behind Harlan's untimely death.",renowned crime found dead birthday detective blanc mysteriously enlisted investigate harlans dysfunctional devoted staff blanc red lies uncover truth behind harlans death,56,22,renown crime found dead birthday detect blanc mysteri enlist investig harlan dysfunct devot staff blanc red lie uncov truth behind harlan death,renowned crime found dead birthday detective blanc mysteriously enlisted investigate harlans dysfunctional devoted staff blanc red lie uncover truth behind harlans death,"[('renowned', 'VERB'), ('crime', 'NOUN'), ('found', 'VERB'), ('dead', 'ADJ'), ('birthday', 'NOUN'), ('detective', 'ADJ'), ('blanc', 'NOUN'), ('mysteriously', 'ADV'), ('enlisted', 'VERB'), ('investigate', 'ADJ'), ('harlans', 'NOUN'), ('dysfunctional', 'ADJ'), ('devoted', 'ADJ'), ('staff', 'NOUN'), ('blanc', 'NOUN'), ('red', 'ADJ'), ('lies', 'VERB'), ('uncover', 'ADV'), ('truth', 'NOUN'), ('behind', 'ADP'), ('harlans', 'NOUN'), ('death', 'NOUN')]"
9820,The Parent Trap,The Parent Trap,1998-07-28,26.7704,7.22,4668,en,False,"Hallie Parker and Annie James are identical twins who were separated at a young age due to their parents' divorce. Unbeknownst to their parents, the girls are sent to the same summer camp, where they meet, discover the truth about their relationship, and come up with a plan to switch places in an effort to reunite their mother and father.",parker james separated age due parents divorce unbeknownst parents girls sent summer camp meet discover truth relationship come plan switch places effort reunite mother father,60,25,parker jame separ age due parent divorc unbeknownst parent girl sent summer camp meet discov truth relationship come plan switch place effort reunit mother father,parker james separated age due parent divorce unbeknownst parent girl sent summer camp meet discover truth relationship come plan switch place effort reunite mother father,"[('parker', 'NOUN'), ('james', 'NOUN'), ('separated', 'VERB'), ('age', 'NOUN'), ('due', 'ADJ'), ('parents', 'NOUN'), ('divorce', 'NOUN'), ('unbeknownst', 'ADJ'), ('parents', 'NOUN'), ('girls', 'NOUN'), ('sent', 'VERB'), ('summer', 'NOUN'), ('camp', 'NOUN'), ('meet', 'NOUN'), ('discover', 'ADP'), ('truth', 'NOUN'), ('relationship', 'NOUN'), ('come', 'VERB'), ('plan', 'NOUN'), ('switch', 'VERB'), ('places', 'NOUN'), ('effort', 'NOUN'), ('reunite', 'VERB'), ('mother', 'NOUN'), ('father', 'NOUN')]"
1170608,Dune: Part Three,Dune: Part Three,2026-12-15,25.8415,0.0,0,en,False,"Nearly two decades after he seized control of the Imperium, Paul Atreides is now a ruthless Emperor, and must face the consequences of his reign as old allies return, terrifying new threats emerge, and betrayal lurks in every shadow. Haunted by visions of Imperial collapse and the reappearance of his long-lost love, Paul is drawn into a sweeping conspiracy, with Chani at the heart of its unfolding mystery. As enemies close in, Paul must confront the true cost of power and the fate of those he loves the most.",nearly decades seized control paul atreides ruthless emperor face consequences reign old allies return terrifying threats emerge betrayal lurks every shadow visions imperial collapse longlost love paul drawn sweeping conspiracy chani heart mystery enemies close paul confront true cost power fate loves,89,42,nearli decad seiz control paul atreid ruthless emperor face consequ reign old alli return terrifi threat emerg betray lurk everi shadow vision imperi collaps longlost love paul drawn sweep conspiraci chani heart mysteri enemi close paul confront true cost power fate love,nearly decade seized control paul atreides ruthless emperor face consequence reign old ally return terrifying threat emerge betrayal lurks every shadow vision imperial collapse longlost love paul drawn sweeping conspiracy chani heart mystery enemy close paul confront true cost power fate love,"[('nearly', 'ADV'), ('decades', 'NOUN'), ('seized', 'VERB'), ('control', 'NOUN'), ('paul', 'NOUN'), ('atreides', 'VERB'), ('ruthless', 'ADJ'), ('emperor', 'NOUN'), ('face', 'NOUN'), ('consequences', 'NOUN'), ('reign', 'VERB'), ('old', 'ADJ'), ('allies', 'NOUN'), ('return', 'VERB'), ('terrifying', 'VERB'), ('threats', 'NOUN'), ('emerge', 'VERB'), ('betrayal', 'ADJ'), ('lurks', 'NOUN'), ('every', 'DET'), ('shadow', 'NOUN'), ('visions', 'NOUN'), ('imperial', 'ADJ'), ('collapse', 'NOUN'), ('longlost', 'NOUN'), ('love', 'NOUN'), ('paul', 'NOUN'), ('drawn', 'NOUN'), ('sweeping', 'VERB'), ('conspiracy', 'NOUN'), ('chani', 'ADJ'), ('heart', 'NOUN'), ('mystery', 'NOUN'), ('enemies', 'NOUN'), ('close', 'ADV'), ('paul', 'ADJ'), ('confront', 'NOUN'), ('true', 'ADJ'), ('cost', 'NOUN'), ('power', 'NOUN'), ('fate', 'NOUN'), ('loves', 'NOUN')]"
420818,The Lion King,The Lion King,2019-07-12,28.9487,7.09,10931,en,False,"Simba idolizes his father, King Mufasa, and takes to heart his own royal destiny. But not everyone in the kingdom celebrates the new cub's arrival. Scar, Mufasa's brother—and former heir to the throne—has plans of his own. The battle for Pride Rock is ravaged with betrayal, tragedy and drama, ultimately resulting in Simba's exile. With help from a curious pair of newfound friends, Simba will have to figure out how to grow up and take back what is rightfully his.",simba father king mufasa takes heart royal destiny everyone kingdom scar former heir plans battle pride rock ravaged betrayal tragedy ultimately exile help pair newfound friends simba figure grow take,80,30,simba father king mufasa take heart royal destini everyon kingdom scar former heir plan battl pride rock ravag betray tragedi ultim exil help pair newfound friend simba figur grow take,simba father king mufasa take heart royal destiny everyone kingdom scar former heir plan battle pride rock ravaged betrayal tragedy ultimately exile help pair newfound friend simba figure grow take,"[('simba', 'NOUN'), ('father', 'NOUN'), ('king', 'VERB'), ('mufasa', 'NOUN'), ('takes', 'VERB'), ('heart', 'NOUN'), ('royal', 'NOUN'), ('destiny', 'VERB'), ('everyone', 'NOUN'), ('kingdom', 'NOUN'), ('scar', 'NOUN'), ('former', 'ADJ'), ('heir', 'NOUN'), ('plans', 'NOUN'), ('battle', 'NOUN'), ('pride', 'NOUN'), ('rock', 'NOUN'), ('ravaged', 'VERB'), ('betrayal', 'ADJ'), ('tragedy', 'NOUN'), ('ultimately', 'ADV'), ('exile', 'ADJ'), ('help', 'NOUN'), ('pair', 'NOUN'), ('newfound', 'ADP'), ('friends', 'NOUN'), ('simba', 'ADJ'), ('figure', 'NOUN'), ('grow', 'NOUN'), ('take', 'VERB')]"
615656,Meg 2: The Trench,Meg 2: The Trench,2023-08-02,26.1467,6.351,4135,en,False,An exploratory dive into the deepest depths of the ocean of a daring research team spirals into chaos when a malevolent mining operation threatens their mission and forces them into a high-stakes battle for survival.,deepest depths ocean daring research team spirals chaos malevolent mining operation threatens mission forces highstakes battle survival,35,17,deepest depth ocean dare research team spiral chao malevol mine oper threaten mission forc highstak battl surviv,deepest depth ocean daring research team spiral chaos malevolent mining operation threatens mission force highstakes battle survival,"[('deepest', 'ADJ'), ('depths', 'NOUN'), ('ocean', 'PRT'), ('daring', 'VERB'), ('research', 'NOUN'), ('team', 'NOUN'), ('spirals', 'NOUN'), ('chaos', 'VERB'), ('malevolent', 'ADJ'), ('mining', 'NOUN'), ('operation', 'NOUN'), ('threatens', 'VERB'), ('mission', 'NOUN'), ('forces', 'NOUN'), ('highstakes', 'ADJ'), ('battle', 'NOUN'), ('survival', 'NOUN')]"
1451944,Lust Stories 3,लस्ट स्टोरीज़ ३,2026-09-18,23.7821,6.111,9,hi,False,"Through four bite-sized yet emotionally resonant films, the anthology once again explores lust, love, relationships, and repressed desire, offering fresh perspectives on intimacy, longing, and human connection in all their complexity.",four yet films love relationships desire fresh longing human,31,9,four yet film love relationship desir fresh long human,four yet film love relationship desire fresh longing human,"[('four', 'NUM'), ('yet', 'ADV'), ('films', 'NOUN'), ('love', 'VERB'), ('relationships', 'NOUN'), ('desire', 'VERB'), ('fresh', 'ADJ'), ('longing', 'NOUN'), ('human', 'NOUN')]"
823464,Godzilla x Kong: The New Empire,Godzilla x Kong: The New Empire,2024-03-27,25.0276,7.034,4887,en,False,"Following their explosive showdown, Godzilla and Kong must reunite against a colossal undiscovered threat hidden within our world, challenging their very existence – and our own.",following explosive showdown kong reunite colossal threat hidden within challenging existence –,26,12,follow explos showdown kong reunit coloss threat hidden within challeng exist –,following explosive showdown kong reunite colossal threat hidden within challenging existence –,"[('following', 'VERB'), ('explosive', 'ADJ'), ('showdown', 'VERB'), ('kong', 'ADJ'), ('reunite', 'NOUN'), ('colossal', 'NOUN'), ('threat', 'NOUN'), ('hidden', 'NOUN'), ('within', 'ADP'), ('challenging', 'VERB'), ('existence', 'NOUN'), ('–', 'NOUN')]"
345887,The Equalizer 2,The Equalizer 2,2018-07-19,26.1047,6.795,6190,en,False,"Robert McCall, who serves an unflinching justice for the exploited and oppressed, embarks on a relentless, globe-trotting quest for vengeance when his former partner is murdered.",robert mccall serves justice embarks relentless globetrotting quest vengeance former partner murdered,26,12,robert mccall serv justic embark relentless globetrot quest vengeanc former partner murder,robert mccall serf justice embarks relentless globetrotting quest vengeance former partner murdered,"[('robert', 'VERB'), ('mccall', 'NOUN'), ('serves', 'NOUN'), ('justice', 'NOUN'), ('embarks', 'VERB'), ('relentless', 'ADJ'), ('globetrotting', 'VERB'), ('quest', 'ADJ'), ('vengeance', 'NOUN'), ('former', 'ADJ'), ('partner', 'NOUN'), ('murdered', 'VERB')]"
1197306,A Working Man,A Working Man,2025-03-26,28.2607,6.679,2108,en,False,"Levon Cade left behind a decorated military career in the black ops to live a simple life working construction. But when his boss's daughter, who is like family to him, is taken by human traffickers, his search to bring her home uncovers a world of corruption far greater than he ever could have imagined.",left behind military career black live simple working construction bosss daughter like taken human search bring home uncovers corruption far greater ever could imagined,54,24,left behind militari career black live simpl work construct bosss daughter like taken human search bring home uncov corrupt far greater ever could imagin,left behind military career black live simple working construction boss daughter like taken human search bring home uncovers corruption far greater ever could imagined,"[('left', 'VERB'), ('behind', 'ADP'), ('military', 'ADJ'), ('career', 'NOUN'), ('black', 'ADJ'), ('live', 'ADJ'), ('simple', 'NOUN'), ('working', 'VERB'), ('construction', 'NOUN'), ('bosss', 'ADV'), ('daughter', 'NOUN'), ('like', 'ADP'), ('taken', 'VERB'), ('human', 'ADJ'), ('search', 'NOUN'), ('bring', 'NOUN'), ('home', 'NOUN'), ('uncovers', 'NOUN'), ('corruption', 'VERB'), ('far', 'ADV'), ('greater', 'ADJ'), ('ever', 'ADV'), ('could', 'VERB'), ('imagined', 'VERB')]"
10195,Thor,Thor,2011-04-21,26.5821,6.772,22865,en,False,"Against his father Odin's will, The Mighty Thor - a powerful but arrogant warrior god - recklessly reignites an ancient war. Thor is cast down to Earth and forced to live among humans as punishment. Once here, Thor learns what it takes to be a true hero when the most dangerous villain of his world sends the darkest forces of Asgard to invade Earth.",father mighty thor powerful arrogant warrior god ancient war thor cast earth forced live among humans punishment thor learns takes true hero dangerous villain sends darkest forces asgard earth,64,29,father mighti thor power arrog warrior god ancient war thor cast earth forc live among human punish thor learn take true hero danger villain send darkest forc asgard earth,father mighty thor powerful arrogant warrior god ancient war thor cast earth forced live among human punishment thor learns take true hero dangerous villain sends darkest force asgard earth,"[('father', 'ADV'), ('mighty', 'ADJ'), ('thor', 'NOUN'), ('powerful', 'ADJ'), ('arrogant', 'ADJ'), ('warrior', 'ADJ'), ('god', 'ADJ'), ('ancient', 'ADJ'), ('war', 'NOUN'), ('thor', 'NOUN'), ('cast', 'VERB'), ('earth', 'ADV'), ('forced', 'VERB'), ('live', 'ADJ'), ('among', 'ADP'), ('humans', 'ADJ'), ('punishment', 'NOUN'), ('thor', 'NOUN'), ('learns', 'VERB'), ('takes', 'VERB'), ('true', 'ADJ'), ('hero', 'ADV'), ('dangerous', 'ADJ'), ('villain', 'NOUN'), ('sends', 'VERB'), ('darkest', 'ADJ'), ('forces', 'NOUN'), ('asgard', 'ADV'), ('earth', 'VERB')]"
1072790,Anyone but You,Anyone but You,2023-12-21,28.481,6.746,3239,en,False,"After an amazing first date, Bea and Ben’s fiery attraction turns ice cold — until they find themselves unexpectedly reunited at a destination wedding in Australia. So they do what any two mature adults would do: pretend to be a couple.",amazing first attraction turns ice cold — find unexpectedly reunited destination wedding would pretend couple,41,15,amaz first attract turn ice cold — find unexpectedli reunit destin wed would pretend coupl,amazing first attraction turn ice cold — find unexpectedly reunited destination wedding would pretend couple,"[('amazing', 'VERB'), ('first', 'ADJ'), ('attraction', 'NOUN'), ('turns', 'VERB'), ('ice', 'ADV'), ('cold', 'ADJ'), ('—', 'NOUN'), ('find', 'VERB'), ('unexpectedly', 'ADV'), ('reunited', 'VERB'), ('destination', 'NOUN'), ('wedding', 'VERB'), ('would', 'VERB'), ('pretend', 'VERB'), ('couple', 'NOUN')]"
945961,Alien: Romulus,Alien: Romulus,2024-08-13,27.1936,7.16,4936,en,False,"While scavenging the deep ends of a derelict space station, a group of young space colonizers come face to face with the most terrifying life form in the universe.",deep ends space station group space come face face terrifying form universe,29,12,deep end space station group space come face face terrifi form univers,deep end space station group space come face face terrifying form universe,"[('deep', 'ADJ'), ('ends', 'VERB'), ('space', 'NOUN'), ('station', 'NOUN'), ('group', 'NOUN'), ('space', 'NOUN'), ('come', 'VERB'), ('face', 'NOUN'), ('face', 'NOUN'), ('terrifying', 'VERB'), ('form', 'ADJ'), ('universe', 'NOUN')]"
10144,The Little Mermaid,The Little Mermaid,1989-11-17,26.5906,7.352,8589,en,False,This colorful adventure tells the story of an impetuous mermaid princess named Ariel who falls in love with the very human Prince Eric and puts everything on the line for the chance to be with him. Memorable songs and characters -- including the villainous sea witch Ursula.,colorful adventure tells story princess named falls love human prince puts everything line chance memorable characters including villainous sea witch,47,20,color adventur tell stori princess name fall love human princ put everyth line chanc memor charact includ villain sea witch,colorful adventure tell story princess named fall love human prince put everything line chance memorable character including villainous sea witch,"[('colorful', 'ADJ'), ('adventure', 'NOUN'), ('tells', 'VERB'), ('story', 'NOUN'), ('princess', 'NOUN'), ('named', 'VERB'), ('falls', 'VERB'), ('love', 'ADV'), ('human', 'ADJ'), ('prince', 'NOUN'), ('puts', 'VERB'), ('everything', 'NOUN'), ('line', 'NOUN'), ('chance', 'NOUN'), ('memorable', 'ADJ'), ('characters', 'NOUN'), ('including', 'VERB'), ('villainous', 'ADJ'), ('sea', 'NOUN'), ('witch', 'NOUN')]"
1153714,Death of a Unicorn,Death of a Unicorn,2025-03-17,24.4966,6.39,939,en,False,"A father and daughter accidentally hit and kill a unicorn while en route to a weekend retreat, where his billionaire boss seeks to exploit the creature’s miraculous curative properties.",father daughter accidentally hit kill unicorn en route weekend retreat billionaire boss seeks exploit creature’s miraculous curative properties,29,18,father daughter accident hit kill unicorn en rout weekend retreat billionair boss seek exploit creature’ miracul cur properti,father daughter accidentally hit kill unicorn en route weekend retreat billionaire bos seek exploit creature’s miraculous curative property,"[('father', 'ADV'), ('daughter', 'NOUN'), ('accidentally', 'ADV'), ('hit', 'VERB'), ('kill', 'ADJ'), ('unicorn', 'ADJ'), ('en', 'ADP'), ('route', 'NOUN'), ('weekend', 'NOUN'), ('retreat', 'NOUN'), ('billionaire', 'NOUN'), ('boss', 'NOUN'), ('seeks', 'VERB'), ('exploit', 'ADJ'), ('creature', 'NOUN'), ('’', 'NOUN'), ('s', 'VERB'), ('miraculous', 'ADJ'), ('curative', 'NOUN'), ('properties', 'NOUN')]"
1153714,Death of a Unicorn,Death of a Unicorn,2025-03-17,24.4966,6.39,939,en,False,"A father and daughter accidentally hit and kill a unicorn while en route to a weekend retreat, where his billionaire boss seeks to exploit the creature’s miraculous curative properties.",father daughter accidentally hit kill unicorn en route weekend retreat billionaire boss seeks exploit creature’s miraculous curative properties,29,18,father daughter accident hit kill unicorn en rout weekend retreat billionair boss seek exploit creature’ miracul cur properti,father daughter accidentally hit kill unicorn en route weekend retreat billionaire bos seek exploit creature’s miraculous curative property,"[('father', 'ADV'), ('daughter', 'NOUN'), ('accidentally', 'ADV'), ('hit', 'VERB'), ('kill', 'ADJ'), ('unicorn', 'ADJ'), ('en', 'ADP'), ('route', 'NOUN'), ('weekend', 'NOUN'), ('retreat', 'NOUN'), ('billionaire', 'NOUN'), ('boss', 'NOUN'), ('seeks', 'VERB'), ('exploit', 'ADJ'), ('creature', 'NOUN'), ('’', 'NOUN'), ('s', 'VERB'), ('miraculous', 'ADJ'), ('curative', 'NOUN'), ('properties', 'NOUN')]"
7518,Over the Hedge,Over the Hedge,2006-05-17,26.1215,6.61,4997,en,False,"A scheming raccoon fools a mismatched family of forest creatures into helping him repay a debt of food, by invading the new suburban sprawl that popped up while they were hibernating – and learns a lesson about family himself.",raccoon mismatched forest creatures helping debt invading – learns lesson,39,10,raccoon mismatch forest creatur help debt invad – learn lesson,raccoon mismatched forest creature helping debt invading – learns lesson,"[('raccoon', 'NOUN'), ('mismatched', 'VERB'), ('forest', 'ADJ'), ('creatures', 'NOUN'), ('helping', 'VERB'), ('debt', 'NOUN'), ('invading', 'NOUN'), ('–', 'NOUN'), ('learns', 'VERB'), ('lesson', 'NOUN')]"
85,Raiders of the Lost Ark,Raiders of the Lost Ark,1981-06-12,26.5265,7.927,14051,en,False,"When Dr. Indiana Jones – the tweed-suited professor who just happens to be a celebrated archaeologist – is hired by the government to locate the legendary Ark of the Covenant, he finds himself up against the entire Nazi regime.",dr jones – professor celebrated – hired government locate legendary covenant finds entire,39,13,dr jone – professor celebr – hire govern locat legendari coven find entir,dr jones – professor celebrated – hired government locate legendary covenant find entire,"[('dr', 'NOUN'), ('jones', 'NOUN'), ('–', 'NOUN'), ('professor', 'NOUN'), ('celebrated', 'VERB'), ('–', 'NOUN'), ('hired', 'VERB'), ('government', 'NOUN'), ('locate', 'NOUN'), ('legendary', 'ADJ'), ('covenant', 'NOUN'), ('finds', 'NOUN'), ('entire', 'ADJ')]"
1284041,The Last House,The Last House,2026-08-06,27.9158,6.83,1444,en,False,A family suddenly sealed inside their home must work together to survive against dwindling resources and the ominous threat keeping them trapped.,suddenly inside home work together survive threat keeping trapped,22,9,suddenli insid home work togeth surviv threat keep trap,suddenly inside home work together survive threat keeping trapped,"[('suddenly', 'ADV'), ('inside', 'ADV'), ('home', 'NOUN'), ('work', 'NOUN'), ('together', 'ADV'), ('survive', 'ADJ'), ('threat', 'NOUN'), ('keeping', 'VERB'), ('trapped', 'VERB')]"
652,Troy,Troy,2004-05-13,24.7893,7.192,11575,en,False,"In year 1250 B.C. during the late Bronze age, two emerging nations begin to clash. Paris, the Trojan prince, convinces Helen, Queen of Sparta, to leave her husband Menelaus, and sail with him back to Troy. After Menelaus finds out that his wife was taken by the Trojans, he asks his brother Agamemnon to help him get her back. Agamemnon sees this as an opportunity for power. They set off with 1,000 ships holding 50,000 Greeks to Troy.",year late age emerging nations begin clash paris trojan prince queen leave husband menelaus sail troy menelaus finds wife taken asks brother agamemnon help get agamemnon sees opportunity power set troy,78,31,year late age emerg nation begin clash pari trojan princ queen leav husband menelau sail troy menelau find wife taken ask brother agamemnon help get agamemnon see opportun power set troy,year late age emerging nation begin clash paris trojan prince queen leave husband menelaus sail troy menelaus find wife taken asks brother agamemnon help get agamemnon see opportunity power set troy,"[('year', 'NOUN'), ('late', 'ADV'), ('age', 'NOUN'), ('emerging', 'VERB'), ('nations', 'NOUN'), ('begin', 'VERB'), ('clash', 'ADJ'), ('paris', 'NOUN'), ('trojan', 'NOUN'), ('prince', 'NOUN'), ('queen', 'NOUN'), ('leave', 'VERB'), ('husband', 'NOUN'), ('menelaus', 'NOUN'), ('sail', 'NOUN'), ('troy', 'NOUN'), ('menelaus', 'NOUN'), ('finds', 'VERB'), ('wife', 'NOUN'), ('taken', 'VERB'), ('asks', 'VERB'), ('brother', 'NOUN'), ('agamemnon', 'NOUN'), ('help', 'NOUN'), ('get', 'VERB'), ('agamemnon', 'ADJ'), ('sees', 'NOUN'), ('opportunity', 'NOUN'), ('power', 'NOUN'), ('set', 'VERB'), ('troy', 'NOUN')]"
1008042,Talk to Me,Talk to Me,2023-07-26,24.9452,7.143,4011,en,False,"When a group of friends discover how to conjure spirits using an embalmed hand, they become hooked on the new thrill, until one of them goes too far and unleashes terrifying supernatural forces.",group friends discover spirits using become goes far unleashes terrifying supernatural forces,33,12,group friend discov spirit use becom goe far unleash terrifi supernatur forc,group friend discover spirit using become go far unleashes terrifying supernatural force,"[('group', 'NOUN'), ('friends', 'VERB'), ('discover', 'ADJ'), ('spirits', 'NOUN'), ('using', 'VERB'), ('become', 'NOUN'), ('goes', 'VERB'), ('far', 'ADV'), ('unleashes', 'ADJ'), ('terrifying', 'VERB'), ('supernatural', 'ADJ'), ('forces', 'NOUN')]"
345,Eyes Wide Shut,Eyes Wide Shut,1999-07-16,27.9286,7.485,7354,en,False,"After Dr. Bill Harford's wife, Alice, admits to having sexual fantasies about a man she met, Bill becomes obsessed with having a sexual encounter. He discovers an underground sexual group and attends one of their meetings -- and quickly discovers that he is in over his head.",dr bill wife alice sexual man met bill becomes obsessed sexual encounter discovers underground sexual group quickly discovers head,47,19,dr bill wife alic sexual man met bill becom obsess sexual encount discov underground sexual group quickli discov head,dr bill wife alice sexual man met bill becomes obsessed sexual encounter discovers underground sexual group quickly discovers head,"[('dr', 'NOUN'), ('bill', 'NOUN'), ('wife', 'NOUN'), ('alice', 'ADJ'), ('sexual', 'ADJ'), ('man', 'NOUN'), ('met', 'VERB'), ('bill', 'NOUN'), ('becomes', 'NOUN'), ('obsessed', 'VERB'), ('sexual', 'ADJ'), ('encounter', 'NOUN'), ('discovers', 'NOUN'), ('underground', 'ADJ'), ('sexual', 'ADJ'), ('group', 'NOUN'), ('quickly', 'ADV'), ('discovers', 'VERB'), ('head', 'NOUN')]"
1865,Pirates of the Caribbean: On Stranger Tides,Pirates of the Caribbean: On Stranger Tides,2011-05-15,27.2866,6.6,15291,en,False,"When Jack crosses paths with a woman from his past, he's not sure if it's love...or if she's a ruthless con artist using him to find the fabled Fountain of Youth.",jack paths woman past hes sure shes ruthless artist using find youth,31,12,jack path woman past he sure she ruthless artist use find youth,jack path woman past he sure shes ruthless artist using find youth,"[('jack', 'NOUN'), ('paths', 'NOUN'), ('woman', 'NOUN'), ('past', 'ADP'), ('hes', 'NOUN'), ('sure', 'ADJ'), ('shes', 'NOUN'), ('ruthless', 'ADJ'), ('artist', 'NOUN'), ('using', 'VERB'), ('find', 'VERB'), ('youth', 'NOUN')]"
209112,Batman v Superman: Dawn of Justice,Batman v Superman: Dawn of Justice,2016-03-23,25.2763,6.013,19415,en,False,"Fearing the actions of a god-like Super Hero left unchecked, Gotham City’s own formidable, forceful vigilante takes on Metropolis’s most revered, modern-day savior, while the world wrestles with what sort of hero it really needs. And with Batman and Superman at war with one another, a new threat quickly arises, putting mankind in greater danger than it’s ever known before.",actions super hero left gotham formidable takes revered savior hero really needs batman superman war another threat quickly arises putting mankind greater danger it’s ever known,60,26,action super hero left gotham formid take rever savior hero realli need batman superman war anoth threat quickli aris put mankind greater danger it’ ever known,action super hero left gotham formidable take revered savior hero really need batman superman war another threat quickly arises putting mankind greater danger it’s ever known,"[('actions', 'NOUN'), ('super', 'VERB'), ('hero', 'NOUN'), ('left', 'VERB'), ('gotham', 'ADJ'), ('formidable', 'ADJ'), ('takes', 'VERB'), ('revered', 'VERB'), ('savior', 'ADJ'), ('hero', 'NOUN'), ('really', 'ADV'), ('needs', 'VERB'), ('batman', 'ADJ'), ('superman', 'ADJ'), ('war', 'NOUN'), ('another', 'DET'), ('threat', 'NOUN'), ('quickly', 'ADV'), ('arises', 'VERB'), ('putting', 'VERB'), ('mankind', 'VERB'), ('greater', 'ADJ'), ('danger', 'NOUN'), ('it', 'PRON'), ('’', 'VERB'), ('s', 'ADJ'), ('ever', 'ADV'), ('known', 'VERB')]"
1306368,The Rip,The Rip,2026-01-13,25.6848,7.082,1957,en,False,"Trust frays when a team of Miami cops discovers millions in cash inside a run-down stash house, calling everyone — and everything — into question.",trust team miami cops discovers millions cash inside house calling everyone — everything — question,25,15,trust team miami cop discov million cash insid hous call everyon — everyth — question,trust team miami cop discovers million cash inside house calling everyone — everything — question,"[('trust', 'NOUN'), ('team', 'NOUN'), ('miami', 'NOUN'), ('cops', 'VERB'), ('discovers', 'NOUN'), ('millions', 'NOUN'), ('cash', 'NOUN'), ('inside', 'ADP'), ('house', 'NOUN'), ('calling', 'VERB'), ('everyone', 'NOUN'), ('—', 'VERB'), ('everything', 'NOUN'), ('—', 'NOUN'), ('question', 'NOUN')]"
454626,Sonic the Hedgehog,Sonic the Hedgehog,2020-02-12,24.9219,7.3,10610,en,False,"Powered with incredible speed, Sonic The Hedgehog embraces his new home on Earth. That is, until Sonic sparks the attention of super-uncool evil genius Dr. Robotnik. Now it’s super-villain vs. super-sonic in an all-out race across the globe to stop Robotnik from using Sonic’s unique power for world domination.",incredible sonic home earth sonic sparks evil genius dr robotnik it’s supervillain allout race across globe stop robotnik using unique power,49,21,incred sonic home earth sonic spark evil geniu dr robotnik it’ supervillain allout race across globe stop robotnik use uniqu power,incredible sonic home earth sonic spark evil genius dr robotnik it’s supervillain allout race across globe stop robotnik using unique power,"[('incredible', 'ADJ'), ('sonic', 'ADJ'), ('home', 'NOUN'), ('earth', 'NOUN'), ('sonic', 'ADJ'), ('sparks', 'NOUN'), ('evil', 'VERB'), ('genius', 'NOUN'), ('dr', 'NOUN'), ('robotnik', 'VERB'), ('it', 'PRON'), ('’', 'NOUN'), ('s', 'VERB'), ('supervillain', 'NOUN'), ('allout', 'ADP'), ('race', 'NOUN'), ('across', 'ADP'), ('globe', 'NOUN'), ('stop', 'NOUN'), ('robotnik', 'NOUN'), ('using', 'VERB'), ('unique', 'ADJ'), ('power', 'NOUN')]"
1154538,Nirvanna the Band the Show the Movie,Nirvanna the Band the Show the Movie,2026-02-02,22.3755,7.577,143,en,False,"When their plan to book a show at the Rivoli goes horribly wrong, Matt and Jay accidentally travel back to the year 2008.",plan book show goes horribly wrong matt accidentally travel year,23,10,plan book show goe horribl wrong matt accident travel year,plan book show go horribly wrong matt accidentally travel year,"[('plan', 'NOUN'), ('book', 'NOUN'), ('show', 'NOUN'), ('goes', 'VERB'), ('horribly', 'ADV'), ('wrong', 'ADJ'), ('matt', 'NOUN'), ('accidentally', 'ADV'), ('travel', 'VERB'), ('year', 'NOUN')]"
346364,It,It,2017-09-06,24.552,7.24,20730,en,False,"In a small town in Maine, seven children known as The Losers Club come face to face with life problems, bullies and a monster that takes the shape of a clown called Pennywise.",small town seven children known losers club come face face problems monster takes shape called pennywise,33,16,small town seven children known loser club come face face problem monster take shape call pennywis,small town seven child known loser club come face face problem monster take shape called pennywise,"[('small', 'ADJ'), ('town', 'NOUN'), ('seven', 'NUM'), ('children', 'NOUN'), ('known', 'VERB'), ('losers', 'NOUN'), ('club', 'VERB'), ('come', 'ADJ'), ('face', 'NOUN'), ('face', 'NOUN'), ('problems', 'NOUN'), ('monster', 'ADV'), ('takes', 'VERB'), ('shape', 'NOUN'), ('called', 'VERB'), ('pennywise', 'NOUN')]"
1522126,1000 Men and Me: The Bonnie Blue Story,1000 Men and Me: The Bonnie Blue Story,2025-07-29,22.1793,5.05,30,en,False,"Adult content creator Bonnie Blue announced that she’d slept with 1057 men in 12 hours. Exploring the polarising debate around Bonnie and the pornification of our society, the film follows her over the most eye-opening six months of her life.",adult content creator bonnie men 12 hours exploring around bonnie society film follows six months,40,15,adult content creator bonni men 12 hour explor around bonni societi film follow six month,adult content creator bonnie men 12 hour exploring around bonnie society film follows six month,"[('adult', 'NOUN'), ('content', 'NOUN'), ('creator', 'NOUN'), ('bonnie', 'ADP'), ('men', 'NOUN'), ('12', 'NUM'), ('hours', 'NOUN'), ('exploring', 'VERB'), ('around', 'ADV'), ('bonnie', 'ADV'), ('society', 'NOUN'), ('film', 'NOUN'), ('follows', 'VERB'), ('six', 'NUM'), ('months', 'NOUN')]"
75656,Now You See Me,Now You See Me,2013-05-29,24.5714,7.325,17180,en,False,An FBI agent and an Interpol detective track a team of illusionists who pull off bank heists during their performances and reward their audiences with the money.,fbi agent detective track team illusionists pull heists performances audiences money,27,11,fbi agent detect track team illusionist pull heist perform audienc money,fbi agent detective track team illusionist pull heist performance audience money,"[('fbi', 'ADJ'), ('agent', 'NOUN'), ('detective', 'ADJ'), ('track', 'NOUN'), ('team', 'NOUN'), ('illusionists', 'VERB'), ('pull', 'ADJ'), ('heists', 'NOUN'), ('performances', 'NOUN'), ('audiences', 'NOUN'), ('money', 'NOUN')]"
10439,Hocus Pocus,Hocus Pocus,1993-07-16,27.2587,7.037,3407,en,False,"After 300 years of slumber, three sister witches are accidentally resurrected in Salem on Halloween night, and it is up to three kids and their newfound feline friend to put an end to the witches' reign of terror once and for all.",years three sister witches accidentally halloween night three kids newfound friend put end witches reign,42,15,year three sister witch accident halloween night three kid newfound friend put end witch reign,year three sister witch accidentally halloween night three kid newfound friend put end witch reign,"[('years', 'NOUN'), ('three', 'NUM'), ('sister', 'NOUN'), ('witches', 'NOUN'), ('accidentally', 'ADV'), ('halloween', 'ADJ'), ('night', 'NOUN'), ('three', 'NUM'), ('kids', 'NOUN'), ('newfound', 'ADP'), ('friend', 'NOUN'), ('put', 'VERB'), ('end', 'ADJ'), ('witches', 'NOUN'), ('reign', 'NOUN')]"
574475,Final Destination Bloodlines,Final Destination Bloodlines,2025-05-14,25.0883,7.034,3152,en,False,"Plagued by a violent recurring nightmare, college student Stefanie heads home to track down the one person who might be able to break the cycle and save her family from the grisly demise that inevitably awaits them all.",plagued violent nightmare college student heads home track person might able break save awaits,38,14,plagu violent nightmar colleg student head home track person might abl break save await,plagued violent nightmare college student head home track person might able break save awaits,"[('plagued', 'VERB'), ('violent', 'ADJ'), ('nightmare', 'NOUN'), ('college', 'NOUN'), ('student', 'NOUN'), ('heads', 'VERB'), ('home', 'NOUN'), ('track', 'NOUN'), ('person', 'NOUN'), ('might', 'VERB'), ('able', 'ADJ'), ('break', 'NOUN'), ('save', 'VERB'), ('awaits', 'NOUN')]"
68726,Pacific Rim,Pacific Rim,2013-07-11,25.621,6.95,13866,en,False,"Using massive piloted robots to combat the alien threat, Earth's survivors take the fight to the invading alien force lurking in the depths of the Pacific Ocean. Nearly defenseless in the face of the relentless enemy, the forces of mankind have no choice but to turn to two unlikely heroes who now stand as Earth's final hope against the mounting apocalypse.",using massive robots combat alien threat earths survivors take fight invading alien force depths pacific ocean nearly face relentless enemy forces mankind choice turn unlikely heroes stand earths final hope mounting apocalypse,61,32,use massiv robot combat alien threat earth survivor take fight invad alien forc depth pacif ocean nearli face relentless enemi forc mankind choic turn unlik hero stand earth final hope mount apocalyps,using massive robot combat alien threat earth survivor take fight invading alien force depth pacific ocean nearly face relentless enemy force mankind choice turn unlikely hero stand earth final hope mounting apocalypse,"[('using', 'VERB'), ('massive', 'ADJ'), ('robots', 'NOUN'), ('combat', 'NOUN'), ('alien', 'NOUN'), ('threat', 'NOUN'), ('earths', 'ADJ'), ('survivors', 'NOUN'), ('take', 'VERB'), ('fight', 'NOUN'), ('invading', 'VERB'), ('alien', 'ADJ'), ('force', 'NOUN'), ('depths', 'NOUN'), ('pacific', 'VERB'), ('ocean', 'VERB'), ('nearly', 'ADV'), ('face', 'ADJ'), ('relentless', 'NOUN'), ('enemy', 'NOUN'), ('forces', 'NOUN'), ('mankind', 'VERB'), ('choice', 'NOUN'), ('turn', 'NOUN'), ('unlikely', 'ADJ'), ('heroes', 'NOUN'), ('stand', 'VERB'), ('earths', 'ADJ'), ('final', 'ADJ'), ('hope', 'NOUN'), ('mounting', 'VERB'), ('apocalypse', 'NOUN')]"
260514,Cars 3,Cars 3,2017-06-15,24.8477,6.867,6610,en,False,"Blindsided by a new generation of blazing-fast racers, the legendary Lightning McQueen finds himself pushed to the brink—and suddenly, the champion who once ruled the track is fighting just to stay in the race. With his career hanging in the balance, McQueen must turn to an ambitious young race technician with a plan of her own, draw strength from the legacy of the late Fabulous Hudson Hornet, and risk everything on one last shot at glory.",generation legendary lightning mcqueen finds pushed suddenly ruled track fighting stay race career balance mcqueen turn ambitious race plan draw strength legacy late risk everything last shot glory,76,28,gener legendari lightn mcqueen find push suddenli rule track fight stay race career balanc mcqueen turn ambiti race plan draw strength legaci late risk everyth last shot glori,generation legendary lightning mcqueen find pushed suddenly ruled track fighting stay race career balance mcqueen turn ambitious race plan draw strength legacy late risk everything last shot glory,"[('generation', 'NOUN'), ('legendary', 'ADJ'), ('lightning', 'NOUN'), ('mcqueen', 'ADJ'), ('finds', 'NOUN'), ('pushed', 'VERB'), ('suddenly', 'ADV'), ('ruled', 'VERB'), ('track', 'PRT'), ('fighting', 'VERB'), ('stay', 'NOUN'), ('race', 'NOUN'), ('career', 'NOUN'), ('balance', 'NOUN'), ('mcqueen', 'ADJ'), ('turn', 'VERB'), ('ambitious', 'ADJ'), ('race', 'NOUN'), ('plan', 'NOUN'), ('draw', 'ADJ'), ('strength', 'NOUN'), ('legacy', 'NOUN'), ('late', 'ADJ'), ('risk', 'NOUN'), ('everything', 'NOUN'), ('last', 'ADJ'), ('shot', 'ADJ'), ('glory', 'NOUN')]"
447273,Snow White,Snow White,2025-03-19,25.6702,4.246,1753,en,False,"Following the benevolent King's disappearance, the Evil Queen dominated the once fair land with a cruel streak. Princess Snow White flees the castle when the Queen, in her jealousy over Snow White's inner beauty, tries to kill her. Deep into the dark woods, she stumbles upon seven magical dwarves and a young bandit named Jonathan. Together, they strive to survive the Queen's relentless pursuit and aspire to take back the kingdom.",following kings disappearance evil queen dominated land cruel princess snow white flees castle queen jealousy snow beauty tries kill deep dark stumbles upon seven magical dwarves bandit named together strive survive queens relentless pursuit take kingdom,71,36,follow king disappear evil queen domin land cruel princess snow white flee castl queen jealousi snow beauti tri kill deep dark stumbl upon seven magic dwarv bandit name togeth strive surviv queen relentless pursuit take kingdom,following king disappearance evil queen dominated land cruel princess snow white flees castle queen jealousy snow beauty try kill deep dark stumble upon seven magical dwarf bandit named together strive survive queen relentless pursuit take kingdom,"[('following', 'VERB'), ('kings', 'NOUN'), ('disappearance', 'NOUN'), ('evil', 'VERB'), ('queen', 'NOUN'), ('dominated', 'VERB'), ('land', 'NOUN'), ('cruel', 'NOUN'), ('princess', 'NOUN'), ('snow', 'ADJ'), ('white', 'ADJ'), ('flees', 'NOUN'), ('castle', 'VERB'), ('queen', 'ADJ'), ('jealousy', 'NOUN'), ('snow', 'VERB'), ('beauty', 'NOUN'), ('tries', 'NOUN'), ('kill', 'VERB'), ('deep', 'ADJ'), ('dark', 'NOUN'), ('stumbles', 'NOUN'), ('upon', 'ADP'), ('seven', 'NUM'), ('magical', 'ADJ'), ('dwarves', 'NOUN'), ('bandit', 'NOUN'), ('named', 'VERB'), ('together', 'ADV'), ('strive', 'ADJ'), ('survive', 'NOUN'), ('queens', 'NOUN'), ('relentless', 'ADJ'), ('pursuit', 'NOUN'), ('take', 'NOUN'), ('kingdom', 'NOUN')]"
541671,Ballerina,Ballerina,2025-06-04,23.2251,7.268,3016,en,False,"Taking place during the events of John Wick: Chapter 3 – Parabellum, Eve Macarro begins her training in the assassin traditions of the Ruska Roma.",taking place events john wick chapter – eve begins training assassin,25,11,take place event john wick chapter – eve begin train assassin,taking place event john wick chapter – eve begin training assassin,"[('taking', 'VERB'), ('place', 'NOUN'), ('events', 'NOUN'), ('john', 'VERB'), ('wick', 'ADJ'), ('chapter', 'NOUN'), ('–', 'NOUN'), ('eve', 'VERB'), ('begins', 'VERB'), ('training', 'VERB'), ('assassin', 'NOUN')]"
940551,Migration,Migration,2023-12-06,26.3822,7.354,2330,en,False,"After a migrating duck family alights on their pond with thrilling tales of far-flung places, the Mallard family embarks on a family road trip, from New England, to New York City, to tropical Jamaica.",places embarks road trip england york city jamaica,34,8,place embark road trip england york citi jamaica,place embarks road trip england york city jamaica,"[('places', 'NOUN'), ('embarks', 'VERB'), ('road', 'NOUN'), ('trip', 'NOUN'), ('england', 'VERB'), ('york', 'NOUN'), ('city', 'NOUN'), ('jamaica', 'NOUN')]"
118,Charlie and the Chocolate Factory,Charlie and the Chocolate Factory,2005-07-13,25.7953,7.037,16426,en,False,"A young boy wins a tour through the most magnificent chocolate factory in the world, led by the world's most unusual candy maker.",boy wins magnificent factory led worlds unusual,23,7,boy win magnific factori led world unusu,boy win magnificent factory led world unusual,"[('boy', 'NOUN'), ('wins', 'VERB'), ('magnificent', 'ADJ'), ('factory', 'NOUN'), ('led', 'VERB'), ('worlds', 'NOUN'), ('unusual', 'ADJ')]"
26827,Who's That Girl,Who's That Girl,1987-08-07,27.611,5.5,263,en,False,An uptight New York City tax lawyer gets his life turned upside down one day when he's asked to escort a feisty free-spirited ex-convict who asks him to help prove her innocence of her crime.,york city lawyer gets turned upside day hes asked feisty asks help prove crime,35,14,york citi lawyer get turn upsid day he ask feisti ask help prove crime,york city lawyer get turned upside day he asked feisty asks help prove crime,"[('york', 'NOUN'), ('city', 'NOUN'), ('lawyer', 'NOUN'), ('gets', 'VERB'), ('turned', 'ADJ'), ('upside', 'ADJ'), ('day', 'NOUN'), ('hes', 'NOUN'), ('asked', 'VERB'), ('feisty', 'ADJ'), ('asks', 'NOUN'), ('help', 'VERB'), ('prove', 'VERB'), ('crime', 'NOUN')]"
62177,Brave,Brave,2012-06-21,25.0244,7.037,14477,en,False,"In the mystical Scottish Highlands, Merida is the princess of a kingdom ruled by King Fergus and Queen Elinor. An unruly daughter and an accomplished archer, Merida one day defies a sacred custom of the land and inadvertently brings turmoil to the kingdom. In an attempt to set things right, Merida seeks out an eccentric old Wise Woman and is granted an ill-fated wish.",mystical scottish merida princess kingdom ruled king queen daughter accomplished merida day sacred land inadvertently brings kingdom attempt set things right merida seeks eccentric old wise woman granted wish,64,29,mystic scottish merida princess kingdom rule king queen daughter accomplish merida day sacr land inadvert bring kingdom attempt set thing right merida seek eccentr old wise woman grant wish,mystical scottish merida princess kingdom ruled king queen daughter accomplished merida day sacred land inadvertently brings kingdom attempt set thing right merida seek eccentric old wise woman granted wish,"[('mystical', 'ADJ'), ('scottish', 'ADJ'), ('merida', 'NOUN'), ('princess', 'NOUN'), ('kingdom', 'NOUN'), ('ruled', 'VERB'), ('king', 'VERB'), ('queen', 'ADJ'), ('daughter', 'NOUN'), ('accomplished', 'VERB'), ('merida', 'ADJ'), ('day', 'NOUN'), ('sacred', 'VERB'), ('land', 'NOUN'), ('inadvertently', 'ADV'), ('brings', 'VERB'), ('kingdom', 'NOUN'), ('attempt', 'NOUN'), ('set', 'VERB'), ('things', 'NOUN'), ('right', 'ADJ'), ('merida', 'NOUN'), ('seeks', 'VERB'), ('eccentric', 'ADJ'), ('old', 'ADJ'), ('wise', 'NOUN'), ('woman', 'NOUN'), ('granted', 'VERB'), ('wish', 'ADJ')]"
609681,The Marvels,The Marvels,2023-11-08,26.188,5.905,3674,en,False,"When her duties send her to an anomalous wormhole linked to a Kree revolutionary, Carol's powers become entangled with that of Jersey City super-fan Kamala Khan, aka Ms. Marvel, and Carol's estranged niece, now S.A.B.E.R. astronaut Captain Monica Rambeau. Together, this unlikely trio must team up and learn to work in concert to save the universe.",send wormhole linked revolutionary carols powers become entangled city aka marvel carols estranged astronaut captain together unlikely trio team learn work save universe,56,23,send wormhol link revolutionari carol power becom entangl citi aka marvel carol estrang astronaut captain togeth unlik trio team learn work save univers,send wormhole linked revolutionary carol power become entangled city aka marvel carol estranged astronaut captain together unlikely trio team learn work save universe,"[('send', 'ADJ'), ('wormhole', 'NOUN'), ('linked', 'VERB'), ('revolutionary', 'ADJ'), ('carols', 'NOUN'), ('powers', 'NOUN'), ('become', 'VERB'), ('entangled', 'ADJ'), ('city', 'NOUN'), ('aka', 'NOUN'), ('marvel', 'NOUN'), ('carols', 'NOUN'), ('estranged', 'VERB'), ('astronaut', 'ADV'), ('captain', 'ADJ'), ('together', 'ADV'), ('unlikely', 'ADJ'), ('trio', 'NOUN'), ('team', 'NOUN'), ('learn', 'NOUN'), ('work', 'NOUN'), ('save', 'VERB'), ('universe', 'NOUN')]"
575264,Mission: Impossible - Dead Reckoning Part One,Mission: Impossible - Dead Reckoning Part One,2023-07-08,26.3054,7.502,5411,en,False,"Ethan Hunt and his IMF team embark on their most dangerous mission yet: To track down a terrifying new weapon that threatens all of humanity before it falls into the wrong hands. With control of the future and the world's fate at stake and dark forces from Ethan's past closing in, a deadly race around the globe begins. Confronted by a mysterious, all-powerful enemy, Ethan must consider that nothing can matter more than his mission—not even the lives of those he cares about most.",ethan hunt team embark dangerous mission yet track terrifying threatens humanity falls wrong hands control future worlds fate stake dark forces past closing deadly race around globe begins enemy ethan nothing matter even lives cares,84,35,ethan hunt team embark danger mission yet track terrifi threaten human fall wrong hand control futur world fate stake dark forc past close deadli race around globe begin enemi ethan noth matter even live care,ethan hunt team embark dangerous mission yet track terrifying threatens humanity fall wrong hand control future world fate stake dark force past closing deadly race around globe begin enemy ethan nothing matter even life care,"[('ethan', 'NOUN'), ('hunt', 'NOUN'), ('team', 'NOUN'), ('embark', 'ADV'), ('dangerous', 'ADJ'), ('mission', 'NOUN'), ('yet', 'ADV'), ('track', 'VERB'), ('terrifying', 'VERB'), ('threatens', 'NOUN'), ('humanity', 'NOUN'), ('falls', 'VERB'), ('wrong', 'ADJ'), ('hands', 'NOUN'), ('control', 'VERB'), ('future', 'ADJ'), ('worlds', 'NOUN'), ('fate', 'VERB'), ('stake', 'NOUN'), ('dark', 'NOUN'), ('forces', 'NOUN'), ('past', 'ADP'), ('closing', 'NOUN'), ('deadly', 'ADV'), ('race', 'NOUN'), ('around', 'ADP'), ('globe', 'NOUN'), ('begins', 'VERB'), ('enemy', 'ADJ'), ('ethan', 'ADP'), ('nothing', 'NOUN'), ('matter', 'NOUN'), ('even', 'ADV'), ('lives', 'VERB'), ('cares', 'NOUN')]"
264980,Loves of a French Pussycat,Das Mädchen mit der heißen Masche,1972-03-09,25.5915,4.2,9,de,False,"Rolf, a sex-advice columnist and a lecher, has affairs with numerous women, but never a permanent relationship. Suzanne, one of his ex-lovers, offers to bet that no woman can get Rolf to propose marriage, a bet her girlfriend Andrea eagerly accepts. But there's a catch: To win the bet, Andrea must get the womanizing Rolf to commit to marriage without first going to bed with him.",rolf women never permanent relationship offers bet woman get rolf marriage bet girlfriend andrea accepts theres catch win bet andrea get rolf commit marriage without first going,66,27,rolf women never perman relationship offer bet woman get rolf marriag bet girlfriend andrea accept there catch win bet andrea get rolf commit marriag without first go,rolf woman never permanent relationship offer bet woman get rolf marriage bet girlfriend andrea accepts there catch win bet andrea get rolf commit marriage without first going,"[('rolf', 'NOUN'), ('women', 'NOUN'), ('never', 'ADV'), ('permanent', 'VERB'), ('relationship', 'NOUN'), ('offers', 'NOUN'), ('bet', 'VERB'), ('woman', 'NOUN'), ('get', 'VERB'), ('rolf', 'ADJ'), ('marriage', 'NOUN'), ('bet', 'VERB'), ('girlfriend', 'ADJ'), ('andrea', 'NOUN'), ('accepts', 'NOUN'), ('theres', 'VERB'), ('catch', 'VERB'), ('win', 'VERB'), ('bet', 'ADJ'), ('andrea', 'ADJ'), ('get', 'NOUN'), ('rolf', 'NOUN'), ('commit', 'NOUN'), ('marriage', 'NOUN'), ('without', 'ADP'), ('first', 'ADJ'), ('going', 'VERB')]"
474350,It Chapter Two,It Chapter Two,2019-09-04,24.3966,6.825,9889,en,False,"27 years after overcoming the malevolent supernatural entity Pennywise, the former members of the Losers' Club, who have grown up and moved away from Derry, are brought back together by a devastating phone call.",years malevolent supernatural entity pennywise former members losers club grown away brought together devastating call,34,15,year malevol supernatur entiti pennywis former member loser club grown away brought togeth devast call,year malevolent supernatural entity pennywise former member loser club grown away brought together devastating call,"[('years', 'NOUN'), ('malevolent', 'ADJ'), ('supernatural', 'ADJ'), ('entity', 'NOUN'), ('pennywise', 'VERB'), ('former', 'ADJ'), ('members', 'NOUN'), ('losers', 'NOUN'), ('club', 'VERB'), ('grown', 'VERB'), ('away', 'ADV'), ('brought', 'VERB'), ('together', 'ADV'), ('devastating', 'VERB'), ('call', 'NOUN')]"
102382,The Amazing Spider-Man 2,The Amazing Spider-Man 2,2014-04-16,24.3138,6.563,14798,en,False,"For Peter Parker, life is busy. Between taking out the bad guys as Spider-Man and spending time with the person he loves, Gwen Stacy, high school graduation cannot come quickly enough. Peter has not forgotten about the promise he made to Gwen’s father to protect her by staying away, but that is a promise he cannot keep. Things will change for Peter when a new villain, Electro, emerges, an old friend, Harry Osborn, returns, and Peter uncovers new clues about his past.",peter parker taking bad guys spiderman time person loves gwen stacy high school cannot come quickly enough peter forgotten promise made father protect away promise cannot keep things change peter villain emerges old friend harry returns peter uncovers clues past,82,40,peter parker take bad guy spiderman time person love gwen staci high school cannot come quickli enough peter forgotten promis made father protect away promis cannot keep thing chang peter villain emerg old friend harri return peter uncov clue past,peter parker taking bad guy spiderman time person love gwen stacy high school cannot come quickly enough peter forgotten promise made father protect away promise cannot keep thing change peter villain emerges old friend harry return peter uncovers clue past,"[('peter', 'NOUN'), ('parker', 'NOUN'), ('taking', 'VERB'), ('bad', 'ADJ'), ('guys', 'NOUN'), ('spiderman', 'ADJ'), ('time', 'NOUN'), ('person', 'NOUN'), ('loves', 'VERB'), ('gwen', 'ADJ'), ('stacy', 'NOUN'), ('high', 'ADJ'), ('school', 'NOUN'), ('can', 'VERB'), ('not', 'ADV'), ('come', 'VERB'), ('quickly', 'ADV'), ('enough', 'ADV'), ('peter', 'NOUN'), ('forgotten', 'ADJ'), ('promise', 'NOUN'), ('made', 'VERB'), ('father', 'ADV'), ('protect', 'VERB'), ('away', 'ADV'), ('promise', 'NOUN'), ('can', 'VERB'), ('not', 'ADV'), ('keep', 'VERB'), ('things', 'NOUN'), ('change', 'VERB'), ('peter', 'ADV'), ('villain', 'NOUN'), ('emerges', 'VERB'), ('old', 'ADJ'), ('friend', 'NOUN'), ('harry', 'NOUN'), ('returns', 'NOUN'), ('peter', 'NOUN'), ('uncovers', 'NOUN'), ('clues', 'NOUN'), ('past', 'ADP')]"
128,Princess Mononoke,もののけ姫,1997-07-12,24.0226,8.3,9341,ja,False,"Ashitaka, a prince of the disappearing Emishi people, is cursed by a demonized boar god and must journey to the west to find a cure. Along the way, he encounters San, a young human woman fighting to protect the forest, and Lady Eboshi, who is trying to destroy it. Ashitaka must find a way to bring balance to this conflict.",ashitaka prince people cursed god journey find cure along way encounters human woman fighting protect forest trying destroy ashitaka find way bring balance conflict,60,24,ashitaka princ peopl curs god journey find cure along way encount human woman fight protect forest tri destroy ashitaka find way bring balanc conflict,ashitaka prince people cursed god journey find cure along way encounter human woman fighting protect forest trying destroy ashitaka find way bring balance conflict,"[('ashitaka', 'ADJ'), ('prince', 'NOUN'), ('people', 'NOUN'), ('cursed', 'VERB'), ('god', 'ADJ'), ('journey', 'NOUN'), ('find', 'VERB'), ('cure', 'NOUN'), ('along', 'ADP'), ('way', 'NOUN'), ('encounters', 'NOUN'), ('human', 'ADJ'), ('woman', 'NOUN'), ('fighting', 'VERB'), ('protect', 'ADJ'), ('forest', 'ADJ'), ('trying', 'VERB'), ('destroy', 'NOUN'), ('ashitaka', 'NOUN'), ('find', 'VERB'), ('way', 'NOUN'), ('bring', 'ADJ'), ('balance', 'NOUN'), ('conflict', 'NOUN')]"
1035259,The Naked Gun,The Naked Gun,2025-07-30,25.5246,6.346,2012,en,False,"Only one man has the particular set of skills... to lead Police Squad and save the world: Lt. Frank Drebin Jr. Following in his father's footsteps, he must solve a murder case to prevent Police Squad from closure.",man set skills lead police squad save lt frank jr following fathers footsteps solve murder case prevent police squad,38,19,man set skill lead polic squad save lt frank jr follow father footstep solv murder case prevent polic squad,man set skill lead police squad save lt frank jr following father footstep solve murder case prevent police squad,"[('man', 'NOUN'), ('set', 'VERB'), ('skills', 'NOUN'), ('lead', 'ADJ'), ('police', 'NOUN'), ('squad', 'NOUN'), ('save', 'VERB'), ('lt', 'ADJ'), ('frank', 'NOUN'), ('jr', 'NOUN'), ('following', 'VERB'), ('fathers', 'NOUN'), ('footsteps', 'NOUN'), ('solve', 'ADV'), ('murder', 'NOUN'), ('case', 'NOUN'), ('prevent', 'ADJ'), ('police', 'NOUN'), ('squad', 'NOUN')]"
1564614,Leviticus,Leviticus,2026-06-17,25.5819,6.802,550,en,False,Two teenage boys must escape a violent entity that takes the form of the person they desire most:  each other.,teenage boys escape violent entity takes form person desire,20,9,teenag boy escap violent entiti take form person desir,teenage boy escape violent entity take form person desire,"[('teenage', 'NOUN'), ('boys', 'VERB'), ('escape', 'ADJ'), ('violent', 'ADJ'), ('entity', 'NOUN'), ('takes', 'VERB'), ('form', 'ADJ'), ('person', 'NOUN'), ('desire', 'NOUN')]"
384018,Fast & Furious Presents: Hobbs & Shaw,Fast & Furious Presents: Hobbs & Shaw,2019-07-31,23.9577,6.818,7952,en,False,"Ever since US Diplomatic Security Service Agent Hobbs and lawless outcast Shaw first faced off, they just have traded smack talk and body blows. But when cyber-genetically enhanced anarchist Brixton's ruthless actions threaten the future of humanity, they join forces to defeat him.",ever since us security service agent first faced body ruthless actions threaten future humanity join forces defeat,43,17,ever sinc us secur servic agent first face bodi ruthless action threaten futur human join forc defeat,ever since u security service agent first faced body ruthless action threaten future humanity join force defeat,"[('ever', 'ADV'), ('since', 'ADP'), ('us', 'PRON'), ('security', 'NOUN'), ('service', 'NOUN'), ('agent', 'NOUN'), ('first', 'ADV'), ('faced', 'VERB'), ('body', 'NOUN'), ('ruthless', 'ADJ'), ('actions', 'NOUN'), ('threaten', 'VERB'), ('future', 'ADJ'), ('humanity', 'NOUN'), ('join', 'NOUN'), ('forces', 'NOUN'), ('defeat', 'NOUN')]"
6977,No Country for Old Men,No Country for Old Men,2007-11-09,25.7686,7.951,13841,en,False,"Llewelyn Moss stumbles upon dead bodies, $2 million and a hoard of heroin in a Texas desert, but methodical killer Anton Chigurh comes looking for it, with local sheriff Ed Tom Bell hot on his trail. The roles of prey and predator blur as the violent pursuit of money and justice collide.",stumbles upon dead bodies million texas desert killer comes looking local ed trail roles prey predator violent pursuit money justice,52,20,stumbl upon dead bodi million texa desert killer come look local ed trail role prey predat violent pursuit money justic,stumble upon dead body million texas desert killer come looking local ed trail role prey predator violent pursuit money justice,"[('stumbles', 'NOUN'), ('upon', 'ADP'), ('dead', 'ADJ'), ('bodies', 'NOUN'), ('million', 'NUM'), ('texas', 'ADJ'), ('desert', 'NOUN'), ('killer', 'NOUN'), ('comes', 'VERB'), ('looking', 'VERB'), ('local', 'ADJ'), ('ed', 'NOUN'), ('trail', 'NOUN'), ('roles', 'NOUN'), ('prey', 'VERB'), ('predator', 'ADJ'), ('violent', 'ADJ'), ('pursuit', 'NOUN'), ('money', 'NOUN'), ('justice', 'NOUN')]"
976893,Perfect Days,PERFECT DAYS,2023-11-10,27.8193,7.822,2087,ja,False,"Hirayama is content with his life as a toilet cleaner in Tokyo. Outside of his structured routine, he cherishes music on cassette tapes, books, and taking photos of trees. Through unexpected encounters, he reflects on finding beauty in the world.",content cleaner outside music taking trees unexpected encounters finding beauty,40,10,content cleaner outsid music take tree unexpect encount find beauti,content cleaner outside music taking tree unexpected encounter finding beauty,"[('content', 'NOUN'), ('cleaner', 'NOUN'), ('outside', 'ADP'), ('music', 'NOUN'), ('taking', 'VERB'), ('trees', 'NOUN'), ('unexpected', 'ADJ'), ('encounters', 'NOUN'), ('finding', 'VERB'), ('beauty', 'NOUN')]"
278154,Ice Age: Collision Course,Ice Age: Collision Course,2016-06-23,23.9225,6.121,4998,en,False,"Set after the events of Continental Drift, Scrat's epic pursuit of his elusive acorn catapults him outside of Earth, where he accidentally sets off a series of cosmic events that transform and threaten the planet. To save themselves from peril, Manny, Sid, Diego, and the rest of the herd leave their home and embark on a quest full of thrills and spills, highs and lows, laughter and adventure while traveling to exotic new lands and locations.",set events epic pursuit elusive outside earth accidentally sets series cosmic events transform threaten planet save manny sid diego rest leave home embark quest full laughter adventure lands,76,28,set event epic pursuit elus outsid earth accident set seri cosmic event transform threaten planet save manni sid diego rest leav home embark quest full laughter adventur land,set event epic pursuit elusive outside earth accidentally set series cosmic event transform threaten planet save manny sid diego rest leave home embark quest full laughter adventure land,"[('set', 'VERB'), ('events', 'NOUN'), ('epic', 'ADJ'), ('pursuit', 'NOUN'), ('elusive', 'ADJ'), ('outside', 'ADJ'), ('earth', 'NOUN'), ('accidentally', 'ADV'), ('sets', 'VERB'), ('series', 'NOUN'), ('cosmic', 'ADJ'), ('events', 'NOUN'), ('transform', 'VERB'), ('threaten', 'ADJ'), ('planet', 'NOUN'), ('save', 'VERB'), ('manny', 'VERB'), ('sid', 'NOUN'), ('diego', 'NOUN'), ('rest', 'NOUN'), ('leave', 'VERB'), ('home', 'VERB'), ('embark', 'NOUN'), ('quest', 'ADJ'), ('full', 'ADJ'), ('laughter', 'NOUN'), ('adventure', 'NOUN'), ('lands', 'NOUN')]"
8355,Ice Age: Dawn of the Dinosaurs,Ice Age: Dawn of the Dinosaurs,2009-06-26,26.1226,6.778,9098,en,False,"Times are changing for Manny the moody mammoth, Sid the motor mouthed sloth and Diego the crafty saber-toothed tiger. Life heats up for our heroes when they meet some new and none-too-friendly neighbors – the mighty dinosaurs.",times changing manny mammoth sid sloth diego tiger heroes meet neighbors – mighty dinosaurs,37,14,time chang manni mammoth sid sloth diego tiger hero meet neighbor – mighti dinosaur,time changing manny mammoth sid sloth diego tiger hero meet neighbor – mighty dinosaur,"[('times', 'NOUN'), ('changing', 'VERB'), ('manny', 'ADJ'), ('mammoth', 'NOUN'), ('sid', 'VERB'), ('sloth', 'ADJ'), ('diego', 'NOUN'), ('tiger', 'NOUN'), ('heroes', 'NOUN'), ('meet', 'VERB'), ('neighbors', 'NOUN'), ('–', 'NOUN'), ('mighty', 'NOUN'), ('dinosaurs', 'NOUN')]"
76492,Hotel Transylvania,Hotel Transylvania,2012-09-20,24.0999,7.0,9393,en,False,"Welcome to Hotel Transylvania, Dracula's lavish five-stake resort, where monsters and their families can live it up and no humans are allowed. One special weekend, Dracula has invited all his best friends to celebrate his beloved daughter Mavis's 118th birthday. For Dracula catering to all of these legendary monsters is no problem but the party really starts when one ordinary guy stumbles into the hotel and changes everything!",welcome hotel resort monsters families live humans allowed special weekend dracula invited best friends beloved daughter birthday dracula legendary monsters problem party really starts ordinary guy stumbles hotel changes everything,68,30,welcom hotel resort monster famili live human allow special weekend dracula invit best friend belov daughter birthday dracula legendari monster problem parti realli start ordinari guy stumbl hotel chang everyth,welcome hotel resort monster family live human allowed special weekend dracula invited best friend beloved daughter birthday dracula legendary monster problem party really start ordinary guy stumble hotel change everything,"[('welcome', 'ADJ'), ('hotel', 'NOUN'), ('resort', 'NOUN'), ('monsters', 'NOUN'), ('families', 'NOUN'), ('live', 'VERB'), ('humans', 'NOUN'), ('allowed', 'VERB'), ('special', 'ADJ'), ('weekend', 'NOUN'), ('dracula', 'NOUN'), ('invited', 'VERB'), ('best', 'ADJ'), ('friends', 'NOUN'), ('beloved', 'VERB'), ('daughter', 'ADJ'), ('birthday', 'NOUN'), ('dracula', 'VERB'), ('legendary', 'ADJ'), ('monsters', 'NOUN'), ('problem', 'NOUN'), ('party', 'NOUN'), ('really', 'ADV'), ('starts', 'VERB'), ('ordinary', 'ADJ'), ('guy', 'NOUN'), ('stumbles', 'NOUN'), ('hotel', 'NOUN'), ('changes', 'NOUN'), ('everything', 'NOUN')]"
929590,Civil War,Civil War,2024-04-10,23.7854,6.844,4618,en,False,"In the near future, a group of war journalists attempt to survive while reporting the truth as the United States stands on the brink of civil war.",near future group war attempt survive truth united states stands brink civil war,27,13,near futur group war attempt surviv truth unit state stand brink civil war,near future group war attempt survive truth united state stand brink civil war,"[('near', 'ADP'), ('future', 'ADJ'), ('group', 'NOUN'), ('war', 'NOUN'), ('attempt', 'NOUN'), ('survive', 'ADJ'), ('truth', 'NOUN'), ('united', 'ADJ'), ('states', 'NOUN'), ('stands', 'VERB'), ('brink', 'VERB'), ('civil', 'ADJ'), ('war', 'NOUN')]"
558449,Gladiator II,Gladiator II,2024-11-13,24.3651,6.592,4781,en,False,"Years after witnessing the death of the revered hero Maximus at the hands of his uncle, Lucius is forced to enter the Colosseum after his home is conquered by the tyrannical Emperors who now lead Rome with an iron fist. With rage in his heart and the future of the Empire at stake, Lucius must look to his past to find strength and honor to return the glory of Rome to its people.",years witnessing death revered hero maximus hands uncle lucius forced enter home conquered tyrannical lead rome iron rage heart future empire stake lucius look past find strength honor return glory rome people,73,32,year wit death rever hero maximu hand uncl luciu forc enter home conquer tyrann lead rome iron rage heart futur empir stake luciu look past find strength honor return glori rome peopl,year witnessing death revered hero maximus hand uncle lucius forced enter home conquered tyrannical lead rome iron rage heart future empire stake lucius look past find strength honor return glory rome people,"[('years', 'NOUN'), ('witnessing', 'VERB'), ('death', 'NOUN'), ('revered', 'VERB'), ('hero', 'NOUN'), ('maximus', 'NOUN'), ('hands', 'NOUN'), ('uncle', 'ADJ'), ('lucius', 'ADV'), ('forced', 'VERB'), ('enter', 'NOUN'), ('home', 'NOUN'), ('conquered', 'VERB'), ('tyrannical', 'ADJ'), ('lead', 'NOUN'), ('rome', 'NOUN'), ('iron', 'NOUN'), ('rage', 'VERB'), ('heart', 'NOUN'), ('future', 'NOUN'), ('empire', 'VERB'), ('stake', 'NOUN'), ('lucius', 'ADJ'), ('look', 'NOUN'), ('past', 'ADP'), ('find', 'NOUN'), ('strength', 'NOUN'), ('honor', 'ADJ'), ('return', 'NOUN'), ('glory', 'NOUN'), ('rome', 'NOUN'), ('people', 'NOUN')]"
567646,Extreme Job,극한직업,2019-01-23,24.6224,7.168,374,ko,False,"A drug squad attempts to take down a criminal organization and they must go undercover to do so, so they begin working at a chicken restaurant, that becomes famous for its delicious chicken. Due to the unexpected popularity, the detectives find themselves in a situation they never expected.",drug squad attempts take criminal organization go undercover begin working chicken restaurant becomes famous chicken due unexpected detectives find never expected,48,21,drug squad attempt take crimin organ go undercov begin work chicken restaur becom famou chicken due unexpect detect find never expect,drug squad attempt take criminal organization go undercover begin working chicken restaurant becomes famous chicken due unexpected detective find never expected,"[('drug', 'NOUN'), ('squad', 'NOUN'), ('attempts', 'NOUN'), ('take', 'VERB'), ('criminal', 'ADJ'), ('organization', 'NOUN'), ('go', 'VERB'), ('undercover', 'ADV'), ('begin', 'VERB'), ('working', 'VERB'), ('chicken', 'NOUN'), ('restaurant', 'NOUN'), ('becomes', 'VERB'), ('famous', 'ADJ'), ('chicken', 'NOUN'), ('due', 'ADJ'), ('unexpected', 'ADJ'), ('detectives', 'NOUN'), ('find', 'VERB'), ('never', 'ADV'), ('expected', 'VERB')]"
1266127,Ready or Not: Here I Come,Ready or Not: Here I Come,2026-03-19,23.0744,7.542,1694,en,False,"Moments after surviving an all-out attack from the Le Domas family, Grace discovers she’s reached the next level of the nightmarish game — and this time with her estranged sister Faith at her side. Grace has one chance to survive, keep her sister alive, and claim the High Seat of the Council that controls the world. Four rival families are hunting her for the throne, and whoever wins rules it all.",surviving allout attack le grace discovers next nightmarish game — time estranged sister side grace chance survive keep sister alive claim high four rival families hunting throne wins rules,71,29,surviv allout attack le grace discov next nightmarish game — time estrang sister side grace chanc surviv keep sister aliv claim high four rival famili hunt throne win rule,surviving allout attack le grace discovers next nightmarish game — time estranged sister side grace chance survive keep sister alive claim high four rival family hunting throne win rule,"[('surviving', 'VERB'), ('allout', 'PRT'), ('attack', 'NOUN'), ('le', 'ADJ'), ('grace', 'NOUN'), ('discovers', 'NOUN'), ('next', 'ADP'), ('nightmarish', 'ADJ'), ('game', 'NOUN'), ('—', 'NOUN'), ('time', 'NOUN'), ('estranged', 'VERB'), ('sister', 'ADJ'), ('side', 'NOUN'), ('grace', 'NOUN'), ('chance', 'NOUN'), ('survive', 'ADJ'), ('keep', 'VERB'), ('sister', 'ADJ'), ('alive', 'ADJ'), ('claim', 'NOUN'), ('high', 'ADJ'), ('four', 'NUM'), ('rival', 'ADJ'), ('families', 'NOUN'), ('hunting', 'VERB'), ('throne', 'NOUN'), ('wins', 'NOUN'), ('rules', 'NOUN')]"
299537,Captain Marvel,Captain Marvel,2019-03-06,25.2264,6.77,17206,en,False,"The story follows Carol Danvers as she becomes one of the universe’s most powerful heroes when Earth is caught in the middle of a galactic war between two alien races. Set in the 1990s, Captain Marvel is an all-new adventure from a previously unseen period in the history of the Marvel Cinematic Universe.",story follows becomes powerful heroes earth caught middle galactic war alien races set captain marvel allnew adventure unseen history marvel universe,53,21,stori follow becom power hero earth caught middl galact war alien race set captain marvel allnew adventur unseen histori marvel univers,story follows becomes powerful hero earth caught middle galactic war alien race set captain marvel allnew adventure unseen history marvel universe,"[('story', 'NOUN'), ('follows', 'VERB'), ('becomes', 'VERB'), ('powerful', 'ADJ'), ('heroes', 'NOUN'), ('earth', 'ADV'), ('caught', 'VERB'), ('middle', 'ADJ'), ('galactic', 'ADJ'), ('war', 'NOUN'), ('alien', 'ADJ'), ('races', 'NOUN'), ('set', 'VERB'), ('captain', 'NOUN'), ('marvel', 'NOUN'), ('allnew', 'ADJ'), ('adventure', 'NOUN'), ('unseen', 'ADJ'), ('history', 'NOUN'), ('marvel', 'NOUN'), ('universe', 'NOUN')]"
1483525,Possible Love,가능한 사랑,2026-09-23,27.1426,9.0,1,ko,False,A laid-off worker and his wife cross paths with a documentary filmmaker and her spouse and confront their hidden desires.,wife cross paths confront hidden desires,20,6,wife cross path confront hidden desir,wife cross path confront hidden desire,"[('wife', 'NOUN'), ('cross', 'NOUN'), ('paths', 'NOUN'), ('confront', 'VERB'), ('hidden', 'ADJ'), ('desires', 'NOUN')]"
425,Ice Age,Ice Age,2002-03-14,25.8519,7.385,14677,en,False,"Manny the mammoth, Sid the loquacious sloth, and Diego the sabre-toothed tiger go on a comical quest to return a human baby back to his father, across a world on the brink of an ice age.",manny mammoth sid sloth diego tiger go quest return human baby father across brink ice age,36,16,manni mammoth sid sloth diego tiger go quest return human babi father across brink ice age,manny mammoth sid sloth diego tiger go quest return human baby father across brink ice age,"[('manny', 'ADJ'), ('mammoth', 'CONJ'), ('sid', 'ADJ'), ('sloth', 'NOUN'), ('diego', 'NOUN'), ('tiger', 'NOUN'), ('go', 'VERB'), ('quest', 'ADV'), ('return', 'NOUN'), ('human', 'ADJ'), ('baby', 'NOUN'), ('father', 'NOUN'), ('across', 'ADP'), ('brink', 'NOUN'), ('ice', 'NOUN'), ('age', 'NOUN')]"
377,A Nightmare on Elm Street,A Nightmare on Elm Street,1984-11-09,24.6498,7.355,5974,en,False,"Teenagers in a small town are dropping like flies, apparently in the grip of mass hysteria causing their suicides. A cop's daughter, Nancy Thompson, traces the cause to child molester Fred Krueger, who was burned alive by angry parents many years before. Krueger has now come back in the dreams of his killers' children, claiming their lives as his revenge. Nancy and her boyfriend, Glen, must devise a plan to lure the monster out of the realm of nightmares and into the real world...",teenagers small town like grip mass causing cops daughter nancy cause child krueger burned alive angry parents many years krueger come dreams killers children lives revenge nancy boyfriend plan monster realm real,84,32,teenag small town like grip mass caus cop daughter nanci caus child krueger burn aliv angri parent mani year krueger come dream killer children live reveng nanci boyfriend plan monster realm real,teenager small town like grip mass causing cop daughter nancy cause child krueger burned alive angry parent many year krueger come dream killer child life revenge nancy boyfriend plan monster realm real,"[('teenagers', 'NOUN'), ('small', 'ADJ'), ('town', 'NOUN'), ('like', 'ADP'), ('grip', 'ADJ'), ('mass', 'NOUN'), ('causing', 'VERB'), ('cops', 'NOUN'), ('daughter', 'ADV'), ('nancy', 'VERB'), ('cause', 'NOUN'), ('child', 'NOUN'), ('krueger', 'NOUN'), ('burned', 'VERB'), ('alive', 'ADJ'), ('angry', 'ADJ'), ('parents', 'NOUN'), ('many', 'ADJ'), ('years', 'NOUN'), ('krueger', 'VERB'), ('come', 'ADJ'), ('dreams', 'NOUN'), ('killers', 'NOUN'), ('children', 'NOUN'), ('lives', 'VERB'), ('revenge', 'NOUN'), ('nancy', 'NOUN'), ('boyfriend', 'NOUN'), ('plan', 'NOUN'), ('monster', 'VERB'), ('realm', 'ADJ'), ('real', 'ADJ')]"
957,Spaceballs,Spaceballs,1987-06-24,18.4303,6.891,3569,en,False,"When the nefarious Dark Helmet hatches a plan to snatch Princess Vespa and steal her planet's air, space-bum-for-hire Lone Starr and his clueless sidekick fly to the rescue. Along the way, they meet Yogurt, who puts Lone Starr wise to the power of ""The Schwartz."" Can he master it in time to save the day?",nefarious dark hatches plan princess steal planets lone starr sidekick fly rescue along way meet puts lone starr wise power master time save day,55,24,nefari dark hatch plan princess steal planet lone starr sidekick fli rescu along way meet put lone starr wise power master time save day,nefarious dark hatch plan princess steal planet lone starr sidekick fly rescue along way meet put lone starr wise power master time save day,"[('nefarious', 'ADJ'), ('dark', 'NOUN'), ('hatches', 'NOUN'), ('plan', 'VERB'), ('princess', 'ADJ'), ('steal', 'ADJ'), ('planets', 'NOUN'), ('lone', 'VERB'), ('starr', 'ADJ'), ('sidekick', 'ADJ'), ('fly', 'NOUN'), ('rescue', 'NOUN'), ('along', 'ADP'), ('way', 'NOUN'), ('meet', 'NOUN'), ('puts', 'VERB'), ('lone', 'NUM'), ('starr', 'NOUN'), ('wise', 'NOUN'), ('power', 'NOUN'), ('master', 'NOUN'), ('time', 'NOUN'), ('save', 'ADJ'), ('day', 'NOUN')]"
1159831,The Bride!,The Bride!,2026-03-04,25.004,6.124,673,en,False,A lonely Frankenstein travels to 1930s Chicago to ask groundbreaking scientist Dr. Euphronious to create a companion for him. The two revive a murdered young woman and The Bride is born. But what ensues is beyond what either of them imagined.,lonely travels groundbreaking scientist dr create companion murdered woman bride born beyond imagined,41,13,lone travel groundbreak scientist dr creat companion murder woman bride born beyond imagin,lonely travel groundbreaking scientist dr create companion murdered woman bride born beyond imagined,"[('lonely', 'ADV'), ('travels', 'ADJ'), ('groundbreaking', 'VERB'), ('scientist', 'NOUN'), ('dr', 'NOUN'), ('create', 'NOUN'), ('companion', 'NOUN'), ('murdered', 'VERB'), ('woman', 'NOUN'), ('bride', 'NOUN'), ('born', 'VERB'), ('beyond', 'ADP'), ('imagined', 'ADJ')]"
1447853,Oasis: Don't Look Back in Anger,Oasis: Don't Look Back in Anger,2026-09-09,23.5136,7.5,21,en,False,"Experience the meteoric rise of Oasis through rare footage and untold stories as the band reunites for Oasis Live '25, chronicling their journey from Manchester streets to global rock stardom.",meteoric rise oasis untold stories band reunites oasis live journey streets global rock,30,13,meteor rise oasi untold stori band reunit oasi live journey street global rock,meteoric rise oasis untold story band reunites oasis live journey street global rock,"[('meteoric', 'ADJ'), ('rise', 'NOUN'), ('oasis', 'NOUN'), ('untold', 'ADJ'), ('stories', 'NOUN'), ('band', 'VERB'), ('reunites', 'NOUN'), ('oasis', 'VERB'), ('live', 'ADJ'), ('journey', 'NOUN'), ('streets', 'NOUN'), ('global', 'ADJ'), ('rock', 'NOUN')]"
82690,Wreck-It Ralph,Wreck-It Ralph,2012-11-01,25.7673,7.362,13350,en,False,"Wreck-It Ralph is the 9-foot-tall, 643-pound villain of an arcade video game named Fix-It Felix Jr., in which the game's titular hero fixes buildings that Ralph destroys. Wanting to prove he can be a good guy and not just a villain, Ralph escapes his game and lands in Hero's Duty, a first-person shooter where he helps the game's hero battle against alien invaders. He later enters Sugar Rush, a kart racing game set on tracks made of candies, cookies and other sweets. There, Ralph meets Vanellope von Schweetz who has learned that her game is faced with a dire threat that could affect the entire arcade, and one that Ralph may have inadvertently started.",ralph villain arcade game named felix jr games hero ralph destroys prove good guy villain ralph escapes game lands helps games hero battle alien later enters racing game set tracks made ralph meets game faced threat could entire arcade ralph may inadvertently started,114,43,ralph villain arcad game name felix jr game hero ralph destroy prove good guy villain ralph escap game land help game hero battl alien later enter race game set track made ralph meet game face threat could entir arcad ralph may inadvert start,ralph villain arcade game named felix jr game hero ralph destroys prove good guy villain ralph escape game land help game hero battle alien later enters racing game set track made ralph meet game faced threat could entire arcade ralph may inadvertently started,"[('ralph', 'NOUN'), ('villain', 'NOUN'), ('arcade', 'ADJ'), ('game', 'NOUN'), ('named', 'VERB'), ('felix', 'NOUN'), ('jr', 'NOUN'), ('games', 'NOUN'), ('hero', 'VERB'), ('ralph', 'NOUN'), ('destroys', 'NOUN'), ('prove', 'VERB'), ('good', 'ADJ'), ('guy', 'NOUN'), ('villain', 'NOUN'), ('ralph', 'VERB'), ('escapes', 'NOUN'), ('game', 'NOUN'), ('lands', 'VERB'), ('helps', 'VERB'), ('games', 'NOUN'), ('hero', 'ADJ'), ('battle', 'NOUN'), ('alien', 'NOUN'), ('later', 'ADV'), ('enters', 'NOUN'), ('racing', 'VERB'), ('game', 'NOUN'), ('set', 'NOUN'), ('tracks', 'NOUN'), ('made', 'VERB'), ('ralph', 'ADJ'), ('meets', 'NOUN'), ('game', 'NOUN'), ('faced', 'VERB'), ('threat', 'NOUN'), ('could', 'VERB'), ('entire', 'ADJ'), ('arcade', 'VERB'), ('ralph', 'NOUN'), ('may', 'VERB'), ('inadvertently', 'ADV'), ('started', 'VERB')]"
1011985,Kung Fu Panda 4,Kung Fu Panda 4,2024-03-02,25.4575,7.0,3704,en,False,"Po is gearing up to become the spiritual leader of his Valley of Peace, but also needs someone to take his place as Dragon Warrior. As such, he will train a new kung fu practitioner for the spot and will encounter a villain called the Chameleon who conjures villains from the past.",po become leader valley peace also needs someone take place dragon warrior train kung fu encounter villain called villains past,52,20,po becom leader valley peac also need someon take place dragon warrior train kung fu encount villain call villain past,po become leader valley peace also need someone take place dragon warrior train kung fu encounter villain called villain past,"[('po', 'NOUN'), ('become', 'ADJ'), ('leader', 'NOUN'), ('valley', 'NOUN'), ('peace', 'NOUN'), ('also', 'ADV'), ('needs', 'VERB'), ('someone', 'NOUN'), ('take', 'VERB'), ('place', 'NOUN'), ('dragon', 'NOUN'), ('warrior', 'NOUN'), ('train', 'NOUN'), ('kung', 'NOUN'), ('fu', 'VERB'), ('encounter', 'NOUN'), ('villain', 'NOUN'), ('called', 'VERB'), ('villains', 'NOUN'), ('past', 'ADP')]"
713704,Evil Dead Rise,Evil Dead Rise,2023-04-12,25.4927,6.962,4032,en,False,"A reunion between two estranged sisters gets cut short by the rise of flesh-possessing demons, thrusting them into a primal battle for survival as they face the most nightmarish version of family imaginable.",reunion estranged sisters gets cut short rise demons primal battle survival face nightmarish version,33,14,reunion estrang sister get cut short rise demon primal battl surviv face nightmarish version,reunion estranged sister get cut short rise demon primal battle survival face nightmarish version,"[('reunion', 'NOUN'), ('estranged', 'VERB'), ('sisters', 'NOUN'), ('gets', 'VERB'), ('cut', 'VERB'), ('short', 'ADJ'), ('rise', 'NOUN'), ('demons', 'NOUN'), ('primal', 'ADJ'), ('battle', 'NOUN'), ('survival', 'ADJ'), ('face', 'NOUN'), ('nightmarish', 'ADJ'), ('version', 'NOUN')]"
695721,The Hunger Games: The Ballad of Songbirds & Snakes,The Hunger Games: The Ballad of Songbirds & Snakes,2023-11-15,24.5561,6.953,3708,en,False,"64 years before he becomes the tyrannical president of Panem, Coriolanus Snow sees a chance for a change in fortunes when he mentors Lucy Gray Baird, the female tribute from District 12.",years becomes tyrannical president panem snow sees chance change lucy district 12,32,12,year becom tyrann presid panem snow see chanc chang luci district 12,year becomes tyrannical president panem snow see chance change lucy district 12,"[('years', 'NOUN'), ('becomes', 'VERB'), ('tyrannical', 'ADJ'), ('president', 'NOUN'), ('panem', 'NOUN'), ('snow', 'VERB'), ('sees', 'VERB'), ('chance', 'NOUN'), ('change', 'NOUN'), ('lucy', 'VERB'), ('district', 'NOUN'), ('12', 'NUM')]"
197,Braveheart,Braveheart,1995-05-24,24.8795,7.945,11484,en,False,"Enraged at the slaughter of Murron, his new bride and childhood love, Scottish warrior William Wallace slays a platoon of the local English lord's soldiers. This leads the village to revolt and, eventually, the entire country to rise up against English rule.",bride childhood love scottish warrior william local english lords soldiers leads village eventually entire country rise english rule,42,18,bride childhood love scottish warrior william local english lord soldier lead villag eventu entir countri rise english rule,bride childhood love scottish warrior william local english lord soldier lead village eventually entire country rise english rule,"[('bride', 'ADV'), ('childhood', 'NOUN'), ('love', 'VERB'), ('scottish', 'ADJ'), ('warrior', 'ADJ'), ('william', 'NOUN'), ('local', 'ADJ'), ('english', 'ADJ'), ('lords', 'NOUN'), ('soldiers', 'NOUN'), ('leads', 'VERB'), ('village', 'NOUN'), ('eventually', 'ADV'), ('entire', 'ADJ'), ('country', 'NOUN'), ('rise', 'NOUN'), ('english', 'ADJ'), ('rule', 'NOUN')]"
562,Die Hard,Die Hard,1988-07-15,23.6172,7.816,12700,en,False,"High above the city of L.A. a team of terrorists has seized a building, taken hostages, and declared war. One man has manages to escape... An off-duty cop hiding somewhere inside. He's alone, tired... and the only chance anyone has got.",high city la team seized taken war man manages escape cop hiding somewhere inside hes alone tired chance anyone got,41,20,high citi la team seiz taken war man manag escap cop hide somewher insid he alon tire chanc anyon got,high city la team seized taken war man manages escape cop hiding somewhere inside he alone tired chance anyone got,"[('high', 'ADJ'), ('city', 'NOUN'), ('la', 'NOUN'), ('team', 'NOUN'), ('seized', 'VERB'), ('taken', 'VERB'), ('war', 'NOUN'), ('man', 'NOUN'), ('manages', 'VERB'), ('escape', 'VERB'), ('cop', 'ADJ'), ('hiding', 'NOUN'), ('somewhere', 'ADV'), ('inside', 'ADJ'), ('hes', 'NOUN'), ('alone', 'ADV'), ('tired', 'VERB'), ('chance', 'NOUN'), ('anyone', 'NOUN'), ('got', 'VERB')]"
680493,Return to Silent Hill,Return to Silent Hill,2026-01-21,23.472,5.3,862,en,False,"When James receives a mysterious letter from his lost love Mary, he is drawn to Silent Hill—a once-familiar town now consumed by darkness. As he searches for her, James faces monstrous creatures and unravels a terrifying truth that will push him to the edge of his sanity.",james receives lost love mary drawn silent town darkness searches james faces monstrous creatures unravels terrifying truth push edge sanity,47,20,jame receiv lost love mari drawn silent town dark search jame face monstrou creatur unravel terrifi truth push edg saniti,james receives lost love mary drawn silent town darkness search james face monstrous creature unravels terrifying truth push edge sanity,"[('james', 'NOUN'), ('receives', 'VERB'), ('lost', 'VERB'), ('love', 'ADP'), ('mary', 'ADJ'), ('drawn', 'NOUN'), ('silent', 'ADJ'), ('town', 'NOUN'), ('darkness', 'NOUN'), ('searches', 'VERB'), ('james', 'NOUN'), ('faces', 'VERB'), ('monstrous', 'ADJ'), ('creatures', 'NOUN'), ('unravels', 'ADJ'), ('terrifying', 'VERB'), ('truth', 'NOUN'), ('push', 'NOUN'), ('edge', 'NOUN'), ('sanity', 'NOUN')]"
131634,The Hunger Games: Mockingjay - Part 2,The Hunger Games: Mockingjay - Part 2,2015-11-18,25.6148,6.897,13633,en,False,"As the war between the Capitol and the districts reaches its peak, Katniss Everdeen embarks on a perilous mission to liberate Panem and confront President Snow. Joined by a team of trusted allies, she navigates deadly traps, shifting loyalties, and the heavy cost of rebellion, determined to bring freedom to her people and end the Hunger Games once and for all.",war capitol reaches katniss embarks perilous mission liberate panem confront president snow joined team allies navigates deadly loyalties heavy cost rebellion determined bring freedom people end hunger games,61,28,war capitol reach katniss embark peril mission liber panem confront presid snow join team alli navig deadli loyalti heavi cost rebellion determin bring freedom peopl end hunger game,war capitol reach katniss embarks perilous mission liberate panem confront president snow joined team ally navigates deadly loyalty heavy cost rebellion determined bring freedom people end hunger game,"[('war', 'NOUN'), ('capitol', 'NOUN'), ('reaches', 'VERB'), ('katniss', 'ADJ'), ('embarks', 'NOUN'), ('perilous', 'ADJ'), ('mission', 'NOUN'), ('liberate', 'NOUN'), ('panem', 'NOUN'), ('confront', 'NOUN'), ('president', 'NOUN'), ('snow', 'NOUN'), ('joined', 'VERB'), ('team', 'NOUN'), ('allies', 'NOUN'), ('navigates', 'VERB'), ('deadly', 'ADJ'), ('loyalties', 'NOUN'), ('heavy', 'VERB'), ('cost', 'NOUN'), ('rebellion', 'NOUN'), ('determined', 'VERB'), ('bring', 'ADJ'), ('freedom', 'NOUN'), ('people', 'NOUN'), ('end', 'VERB'), ('hunger', 'ADJ'), ('games', 'NOUN')]"
1548708,Sakamoto Days,SAKAMOTO DAYS,2026-04-29,16.8024,7.5,6,ja,False,"After getting married and having a daughter, a retired legendary hitman must protect his family when his past catches up to him.",getting married daughter retired legendary hitman protect past catches,22,9,get marri daughter retir legendari hitman protect past catch,getting married daughter retired legendary hitman protect past catch,"[('getting', 'VERB'), ('married', 'ADJ'), ('daughter', 'NOUN'), ('retired', 'VERB'), ('legendary', 'ADJ'), ('hitman', 'NOUN'), ('protect', 'NOUN'), ('past', 'ADP'), ('catches', 'NOUN')]"
