ID,Title,Original Title,Release Date,Popularity,Vote Average,Vote Count,Original Language,Adult,Overview
969681,Spider-Man: Brand New Day,Spider-Man: Brand New Day,2026-07-29,587.1819,7.865,3016,en,False,Fighting crime full-time as Spider-Man in a world that doesn't remember him—and the pressure of seeing his old friends move on without him—sparks a change in Peter Parker he may not have the power to control. But that transformation might also be the only thing that can stop a shocking new threat to the city and those he loves - a powerful villain no one can even see.
1599191,Renegade Immortal: Battle of the Immortal Slayer,仙逆剧场版：弑仙之战,2026-10-01,415.565,7.591,11,zh,False,"Trapped in a fatal pursuit within the Celestial Realm of Thunder, Wang Lin faces his ultimate crisis. Watch the underdog defy the odds, flip the script in a world-shaking counterattack, and achieve the ultimate, magnificent feat: SLAYING A CELESTIAL."
1423191,Resident Evil,Resident Evil,2026-09-16,397.2336,7.295,720,en,False,"Medical courier Bryan unwittingly finds himself fighting for survival as one fateful, horrifying night collapses around him in chaos."
1368337,The Odyssey,The Odyssey,2026-07-15,313.748,8.011,4007,en,False,"Odysseus, the legendary King of Ithaca, embarks on a long and perilous journey home following the Trojan War. Throughout his voyage, he is forced to confront the whims of gods, mythological monsters, and trials that stretch both his cunning and his humanity to the breaking point."
1204680,Coyote vs. Acme,Coyote vs. Acme,2026-08-17,297.6229,7.527,652,en,False,"After Acme products fail him one too many times in his dogged pursuit of the Roadrunner, Wile E. Coyote decides to hire a billboard lawyer to sue the Acme Corporation."
1377237,Runner,Runner,2026-09-07,289.7676,8.269,333,en,False,"A former soldier is thrown into a brutal race against time when a critical medical delivery makes him and his unlikely partner the targets of a ruthless cartel. As the mission spirals into a deadly manhunt, every detour, delay, and bullet pushes them closer to failure. With betrayal closing in from every side, they must survive the chase and deliver their cargo to save the life of a little girl."
1228834,The Fix,The Fix,2026-09-10,283.0181,7.106,47,en,False,"Disillusioned by the end of the war in Afghanistan, a group of disgraced, war-torn ex-CIA operatives set out to Tehran to take down a life-changing score."
1101383,The End of Oak Street,The End of Oak Street,2026-08-12,230.9484,7.042,1816,en,False,"After a mysterious cosmic event rips Oak Street from suburbia and transports their neighborhood to someplace unknown, the Platt family soon discovers that their very survival depends on them sticking together as they navigate their now unrecognizable surroundings."
1751701,After Impact,After Impact,2026-09-15,251.1729,6.409,22,en,False,"After losing his father, Ethan Nichols inherits one of the largest greenhouses in the country, just as the world faces a devastating threat from an approaching asteroid. As society begins to unravel, Ethan grapples with personal betrayal, overwhelming loneliness, and the growing fear that survival may come at the cost of his humanity. Seeking refuge in his family’s bunker, Ethan endures the harsh aftermath of the impact, wrestling with physical injury and emotional despair. When a faint voice crackles over his radio, Ethan discovers he's not as alone as he believed."
1248832,Digger,Digger,2026-09-28,215.8388,7.4,113,en,False,The most powerful man in the world embarks on a frantic mission to prove he is humanity's savior before the disaster he's unleashed destroys everything.
1032863,The Love Hypothesis,The Love Hypothesis,2026-09-23,199.0851,8.047,449,en,False,"Olive Smith, a biology PhD candidate, and Dr. Adam Carlsen, a hotshot professor and well-known tyrant, enter into a fake relationship, seeing each of their carefully calculated theories on love get thrown into chaos."
1294189,The Mongoose,The Mongoose,2026-10-29,204.1741,0.0,0,en,False,"A falsely accused war hero with nothing to lose leads police on an epic televised cross-country car chase, helped by members of his former Special Forces Army battalion and closely monitored by a fascinated public rooting for his safe getaway."
460458,Resident Evil: Welcome to Raccoon City,Resident Evil: Welcome to Raccoon City,2021-11-24,200.5242,5.941,2840,en,False,"Once the booming home of pharmaceutical giant Umbrella Corporation, Raccoon City is now a dying Midwestern town. The company’s exodus left the city a wasteland…with great evil brewing below the surface. When that evil is unleashed, the townspeople are forever…changed…and a small group of survivors must work together to uncover the truth behind Umbrella and make it through the night."
1375646,Colony,군체,2026-05-21,172.5396,8.1,1034,ko,False,"Professor Se-jeong is thrust into a bloody nightmare when a rapidly mutating virus is released during a biotech conference causing authorities to seal the facility. Trapped inside with no escape, Se-jeong along with a small group of survivors must fight to stay alive while the infected undergo horrific transformations."
977942,The Uprising,The Uprising,2026-09-10,171.1571,7.9,179,en,False,"As war and plague devastate 14th-century England, a humble peasant ignites a rebellion, uniting an army of commoners to defy the King’s might in a desperate fight for justice and survival."
1288445,Mutiny,Mutiny,2026-08-19,167.9124,7.417,763,en,False,"After witnessing his billionaire boss' murder and being framed for the crime, Cole Reed boards a cargo ship on a one-man crusade to avenge his boss' death only to discover an international conspiracy."
1084244,Toy Story 5,Toy Story 5,2026-06-17,166.6596,8.314,2471,en,False,"When Bonnie receives a Lilypad tablet as a gift and becomes obsessed, Buzz, Woody, Jessie and the rest of the gang's jobs become exponentially harder when they have to go head to head with the all-new threat to playtime."
1339713,Obsession,Obsession,2026-05-13,163.7127,8.186,5919,en,False,"After breaking the mysterious ""One Wish Willow"" to win his crush's heart, a hopeless romantic finds himself getting exactly what he asked for but soon discovers that some desires come at a dark, sinister price."
1263337,Heart of the Beast,Heart of the Beast,2026-09-19,148.3648,7.533,198,en,False,"After a harrowing plane crash, Special Forces officer James Belmont and his combat dog, Odin, find themselves stranded deep in the Alaskan wilderness. Together, they are forced into a brutal fight for survival against the elements."
1492640,UNABOMBER,UNABOMBER,2026-09-25,129.6464,6.59,316,en,False,"Follow Ted Kaczynski's transformation from Harvard prodigy into the infamous Unabomber. Subjected to controversial psychological experiments by Professor Henry Murray, Kaczynski's troubled past resurfaces decades later when his manhunt, led by FBI agent Joanne Miller, brings to light the chilling consequences of ambition and isolation."
1283515,Verity,Verity,2026-09-30,143.2506,6.6,68,en,False,"Lowen Ashleigh is hired by Jeremy Crawford to ghostwrite novels for his bestselling author wife Verity, who is unable to finish following an accident. Lowen gradually uncovers Verity's disturbing truths while residing at the Crawfords' home to work."
1232569,Pinocchio: Unstrung,Pinocchio: Unstrung,2026-07-22,141.7354,6.528,124,en,False,"Influenced by a sinister Cricket and created by Geppetto, Pinocchio launches a violent crusade to carve himself into a real boy like his brother James, one piece at a time."
1538457,Meesaya Murukku 2,மீசைய முருக்கு 2,2026-09-25,124.4598,0.0,0,ta,False,"After facing rejection in love and getting into a fight, Jeeva learns about his father Siva's struggles and sacrifices. Inspired by his grandfather's legacy and father's dedication, Jeeva changes his outlook and works hard toward his musical dream. Through determination and perseverance, Jeeva earns recognition in the music industry and brings pride to his family."
1422011,It Ends,It Ends,2026-08-21,127.2772,5.675,63,en,False,"A group of recent grads head out on a late night drive for grub, hoping to enjoy one final hangout before their paths diverge. Instead, they accidentally turn onto a never-ending, two-lane hellscape surrounded by untold horrors and cosmic forces beyond their understanding. Cramped together inside a Jeep Cherokee and with the miles stretching infinitely ahead, they face a choice: embrace their new existence or fight to escape it."
1477712,Ice Cream Man,Ice Cream Man,2026-08-03,126.472,4.865,111,en,False,An idyllic summer town descends into madness when an ice cream man serves kids sweet delights with horrifying results.
299534,Avengers: Endgame,Avengers: Endgame,2019-04-24,118.2286,8.245,28893,en,False,"After the devastating events of Avengers: Infinity War, the universe is in ruins due to the efforts of the Mad Titan, Thanos. With the help of remaining allies, the Avengers must assemble once more in order to undo Thanos' actions and restore order to the universe once and for all, no matter what consequences may be in store."
1482547,Zip Wire,Zip Wire,2026-08-31,125.8614,7.936,47,en,False,"When her ground-breaking pharmaceutical discovery is stolen and partner murdered, researcher Amy must face her fear of heights to escape nefarious attackers, with the only path to salvation being a treacherous aerial runway. To outsmart the mysterious hostiles, she has to summon every ounce of courage to protect the world-changing scientific discovery — and herself — before it's too late."
1607127,One Last Shot,One Last Shot,2026-09-22,107.354,7.484,91,en,False,"Navy Seal Jake Harris must stop a team of mercenaries, led by his disillusioned former comrade, from disabling the US missile defense network."
1108427,Moana,Moana,2026-07-08,113.1153,7.414,840,en,False,"Teenage Moana answers the Ocean's call and, for the first time, voyages beyond the reef of her island of Motunui with infamous demigod Maui on an unforgettable journey to restore prosperity to her people."
687163,Project Hail Mary,Project Hail Mary,2026-03-15,98.1788,8.64,8113,en,False,"Science teacher Ryland Grace wakes up on a spaceship light years from home with no recollection of who he is or how he got there. As his memory returns, he begins to uncover his mission: solve the riddle of the mysterious substance causing the sun to die out. He must call on his scientific knowledge and unorthodox ideas to save everything on Earth from extinction."
1083381,Backrooms,Backrooms,2026-05-27,104.0576,7.02,3578,en,False,A strange doorway appears in the basement of a furniture showroom.
1315772,Minions & Monsters,Minions & Monsters,2026-06-24,97.6746,7.551,1227,en,False,"This is the rambunctious, ridiculous and totally true story of how the Minions conquered Hollywood, became movie stars, lost everything, unleashed monsters onto the world and then banded together to try and save the planet from the mayhem they had just created."
1003596,Avengers: Doomsday,Avengers: Doomsday,2026-12-16,94.2574,0.0,0,en,False,Beloved heroes from three distinct universes are set on a deadly collision course and face an existential threat unlike anything they've ever encountered.
1340102,Lion Fist,Lion Fist,2026-09-10,103.8813,7.758,33,en,False,"Martial arts fighter Joe goes to prison for four years and takes his wife's blame for a drug bust. After his release, he learns that his son needs expensive surgery because of a life-threatening tumor. Joe's only chance to save him: a brutal all-styles tournament with a $100,000 prize."
299536,Avengers: Infinity War,Avengers: Infinity War,2018-04-25,92.0234,8.244,33057,en,False,"As the Avengers and their allies have continued to protect the world from threats too large for any one hero to handle, a new danger has emerged from the cosmic shadows: Thanos. A despot of intergalactic infamy, his goal is to collect all six Infinity Stones, artifacts of unimaginable power, and use them to inflict his twisted will on all of reality. Everything the Avengers have fought for has led up to this moment - the fate of Earth and existence itself has never been more uncertain."
755898,War of the Worlds,War of the Worlds,2025-07-29,101.9744,4.036,1158,en,False,"Will Radford is a top analyst for Homeland Security who tracks potential threats through a mass surveillance program, until one day an attack by an unknown entity leads him to question whether the government is hiding something from him... and from the rest of the world."
30723,Cavegirl,Cavegirl,1985-05-01,108.5305,3.9,26,en,False,"On a class excursion to a cave with stone age paintings the clumsy Rex gets lost. A mysterious crystal opens a gateway in time and sets him back to the stone ages, where he meets a group of prehistoric fellows and the gorgeous Eba. While teaching her English and doing some pseudo-research on her fellows, his main goal is to get her sleeping with him. However the curiosity of the clan chief disturbs his attempts."
1375441,Primetime,Primetime,2026-09-23,79.9785,7.0,82,en,False,"In 2006, To Catch a Predator host Chris Hansen sets out to make television history. When a high stakes operation goes fatally wrong, his veneered dream of fame curdles into a nightmare of performative justice."
1300945,A Place Called Silence,Un lugar llamado silencio,2024-07-03,83.8594,7.4,62,zh,False,"Chen Yutong, a girl's middle school student, was bullied at school, but her mother Li Han was unable to save her daughter from the ""hell."" Everyone around her turned a blind eye, and a collective silence brewed greater violence."
82976,The Novices,Les Novices,1970-04-01,73.8953,4.8,13,fr,False,"Sister Agnès runs away from her convent in Brittany and seeks refuge in Paris with prostitute Mona Lisa. With absolutely no qualifications, the young novice has a hard job finding work, so Mona Lisa tries to teach her the ropes of the oldest profession of them all!"
83533,Avatar: Fire and Ash,Avatar: Fire and Ash,2025-12-17,83.7846,7.646,4435,en,False,"In the wake of the devastating war against the RDA and the loss of their eldest son, Jake Sully and Neytiri face a new threat on Pandora: the Ash People, a violent and power-hungry Na'vi tribe led by the ruthless Varang. Jake's family must fight for their survival and the future of Pandora in a conflict that pushes them to their emotional and physical limits."
1556321,Death Whisperer: Saming the Werebeast,ธี่หยด: สมิงเขาขวาง,2026-09-29,95.5069,0.0,0,th,False,"Follows the search for a missing military officer in the jungle of Khao Khwang, where legend says man-eating tiger spirit Saming takes human form in 1960s Thailand."
1156869,Blaze of Love,性迷宮,1994-01-01,81.4292,0.0,0,en,False,Hong Kong movie
1465063,Forgotten Island,Forgotten Island,2026-09-10,77.7667,8.2,42,en,False,"While celebrating their last night together, high school graduates and best friends Jo and Raissa stumble upon a mysterious portal that transports them to the fantastical island of Nakali. When they discover that the memories of their entire friendship are the price for returning home, Jo and Raissa must race to find a way to leave the island before they forget each other forever."
1300945,A Place Called Silence,默杀,2024-07-03,83.8594,7.403,62,zh,False,"Chen Yutong, a girl's middle school student, was bullied at school, but her mother Li Han was unable to save her daughter from the ""hell."" Everyone around her turned a blind eye, and a collective silence brewed greater violence."
233651,Sex Rider: Wet Highway,セックス・ライダー　濡れたハイウェイ,1971-12-29,65.5415,5.067,15,ja,False,"On the eve of her wedding and while cheating with another man, a woman gets involved into a dangerous new world of experiences."
335984,Blade Runner 2049,Blade Runner 2049,2017-10-04,65.2227,7.608,15773,en,False,"Thirty years after the events of the first film, a new blade runner, LAPD Officer K, unearths a long-buried secret that has the potential to plunge what's left of society into chaos. K's discovery leads him on a quest to find Rick Deckard, a former LAPD blade runner who has been missing for 30 years."
45722,Don't Look Down,No mires para abajo,2008-10-18,62.4822,5.7,71,es,False,A sexy Spanish siren named Elvira schools a young man in tantric lovemaking.
1275779,Disclosure Day,Disclosure Day,2026-06-10,78.9991,7.46,3524,en,False,"A cybersecurity expert becomes a whistleblower after uncovering secrets about aliens, putting him on the run from a corporation. Meanwhile, a meteorologist experiencing strange phenomena joins forces with him to prove there's life beyond our understanding."
1240889,Teenage Sex and Death at Camp Miasma,Teenage Sex and Death at Camp Miasma,2026-08-06,67.35,6.272,239,en,False,"After years of slapdash sequels, the Camp Miasma franchise is handed over to an enthusiastic young director for resurrection. But when she visits the original’s star, a now-reclusive actress shrouded in mystery, the two women fall into a blood-soaked world of desire, fear, and delirium."
1440098,Drawn Together,Enfrentados: Marfil,2026-09-09,77.4127,6.868,170,es,False,"Marfil, daughter of a powerful Spanish businessman, sees her life in New York turned upside down when she is kidnapped and released without explanation. Her father hires Sebastian Moore as bodyguard and, forced to spend every minute together, an inevitable attraction ignites in a world where nothing is as it seems."
1712451,Resident Dead,Resident Dead,2026-09-04,91.7051,5.3,3,en,False,"A man keeping his recently zombified daughter secure in hopes of a cure is tasked with delivering an unknown package through hordes of undead. If he succeeds, he will be given a cure for his daughter. If he fails, or opens the package, they will both be killed."
1285366,Shape of My Heart,愛のぬくもり,2024-07-06,72.1563,5.7,8,ja,False,"A romance about a man and a woman who, due to an unexpected event, end up switching bodies. Despite coming from completely different backgrounds and environments, the two try to overcome the various difficulties that arise from their body swap."
157336,Interstellar,Interstellar,2014-11-05,67.9681,8.489,41365,en,False,The adventures of a group of explorers who make use of a newly discovered wormhole to surpass the limitations on human space travel and conquer the vast distances involved in an interstellar voyage.
1101412,Fall 2: Deadpoint,Fall 2: Deadpoint,2026-09-01,69.4399,6.161,59,en,False,"On a perilous climb across Thailand's Mount Kwan, two climbers become trapped thousands of feet above the ground, where vertigo-inducing heights, sheer exposure, and impossible odds turn every moment into a fight for survival."
1450404,The Treehouse,La casa en el árbol,2025-09-19,82.7398,3.75,16,es,False,"A couple enjoys a romantic weekend in a treehouse suspended more than 20 meters above the ground in a forest. At night, she wakes up with a start and sees her partner fall from the cabin, dying instantly."
1641629,You+Me - Against the World,Toi+Moi - Seuls contre tous,2026-09-18,68.4599,5.753,81,fr,False,"Alma Lancaster, 18, appears to lead a perfect life within a wealthy family who believes she is studying law. In secret, she pursues her true dream: filmmaking. On campus, she meets Vadim Arcadi, 20, a magnetic and solitary rebel with a troubled past. Forced to collaborate on a student film, they clash, grow closer and fall in love — despite themselves. But someone is watching them, determined to tear them apart and expose secrets that could destroy both Alma and Vadim."
1224993,Dark Nuns,검은 수녀들,2025-01-24,63.4913,6.195,100,ko,False,"Desperation drives two nuns to perform an exorcism no nun should attempt. With a possessed child at the mercy of evil and the opposition of the Catholic Church, they take on the dangerous forbidden rituals themselves, putting their immortal souls in grave danger. They must confront the terrifying cost of their sacrilegious actions, but one goal remains: the boy must be saved at all costs."
980431,Avatar Aang: The Last Airbender,Avatar Aang: The Last Airbender,2026-07-24,70.7825,9.141,1246,en,False,"Avatar Aang, the world's last Airbender, learns of an ancient power that could save his culture from extinction. With the help of his friends, he embarks on a global quest to find it before it falls into the wrong hands and threatens to upend the peace they sacrificed everything to achieve."
533535,Deadpool & Wolverine,Deadpool & Wolverine,2024-07-24,69.6933,7.588,9552,en,False,"A listless Wade Wilson toils away in civilian life with his days as the morally flexible mercenary, Deadpool, behind him. But when his homeworld faces an existential threat, Wade must reluctantly suit-up again with an even more reluctant Wolverine."
533535,Deadpool & Wolverine,Deadpool & Wolverine,2024-07-24,69.6933,7.588,9553,en,False,"A listless Wade Wilson toils away in civilian life with his days as the morally flexible mercenary, Deadpool, behind him. But when his homeworld faces an existential threat, Wade must reluctantly suit-up again with an even more reluctant Wolverine."
1469930,Project Sacrifice,Tumbal Proyek,2026-05-13,60.247,3.9,6,id,False,"While investigating their father’s death inside a major bridge construction company, Yuda and his family attempt to prove that the frequent, deadly workplace accidents are actually human sacrifices."
1130948,Rosebush Pruning,Rosebush Pruning,2026-04-23,66.1696,6.025,59,en,False,"When an American heir living in a luxurious Spanish villa decides to move in with his girlfriend, his departure triggers a family collapse as his brother uncovers the truth behind their mother's tragic death."
1228710,The Mandalorian and Grogu,The Mandalorian and Grogu,2026-05-20,65.152,7.462,1781,en,False,"The evil Empire has fallen, and Imperial warlords remain scattered throughout the galaxy. As the fledgling New Republic works to protect everything the Rebellion fought for, they have enlisted the help of legendary Mandalorian bounty hunter Din Djarin and his young apprentice Grogu."
1284465,The Death of Robin Hood,The Death of Robin Hood,2026-06-18,60.4973,6.734,490,en,False,"Grappling with his past after a life of crime and murder, Robin Hood finds himself gravely injured after a battle he thought would be his last. In the hands of a mysterious woman, he is offered a chance at salvation."
24428,The Avengers,The Avengers,2012-04-25,68.0077,8.079,39924,en,False,"When an unexpected enemy emerges and threatens global safety and security, Nick Fury, director of the international peacekeeping agency known as S.H.I.E.L.D., finds himself in need of a team to pull the world back from the brink of disaster. Spanning the globe, a daring recruitment effort begins!"
1419406,The Shadow's Edge,捕风追影,2025-08-16,64.2085,8.316,1506,zh,False,Macau Police brings the tracking expert police officer out of retirement to help catch a dangerous group of professional thieves.
1311031,Demon Slayer: Kimetsu no Yaiba Infinity Castle,劇場版「鬼滅の刃」無限城編 第一章 猗窩座再来,2025-07-18,61.5567,8.795,2234,ja,False,"The Demon Slayer Corps are drawn into the Infinity Castle, where Tanjiro, Nezuko, and the Hashira face terrifying Upper Rank demons in a desperate fight as the final battle against Muzan Kibutsuji begins."
348,Alien,Alien,1979-05-25,45.7318,8.174,16918,en,False,"During its return to the earth, commercial spaceship Nostromo intercepts a distress signal from a distant planet. When a three-member team of the crew discovers a chamber containing thousands of eggs on the planet, a creature inside one of the eggs attacks an explorer. The entire crew is unaware of the impending nightmare set to descend upon them when the alien parasite planted inside its unfortunate host is birthed."
591634,False Positive,False Positive,2021-06-18,55.1549,5.6,203,en,False,"After months of trying and failing to get pregnant, Lucy and Adrian finally find their dream fertility doctor in the illustrious Dr. Hindle. But after becoming pregnant with a healthy baby girl, Lucy begins to notice something sinister through Hindle's gleaming charm, and she sets out to uncover the unsettling truth about him."
1386315,The Runner,The Runner,2026-09-03,59.4768,6.762,623,en,False,"Maia Marten, a brilliant London lawyer, has her life shattered by a single call on her morning run: her son has been taken. To get him back, she must keep running, obey every ruthless command, and trust no one-each second a test of how far a mother will go to save her child."
278,The Shawshank Redemption,The Shawshank Redemption,1994-09-23,59.2259,8.731,31486,en,False,"Imprisoned in the 1940s for the double murder of his wife and her lover, upstanding banker Andy Dufresne begins a new life at the Shawshank prison, where he puts his accounting skills to work for an amoral warden. During his long stretch in prison, Dufresne comes to be admired by the other inmates -- including an older prisoner named Red -- for his integrity and unquenchable sense of hope."
150540,Inside Out,Inside Out,2015-06-17,59.9074,7.905,23956,en,False,"When 11-year-old Riley moves to a new city, her Emotions team up to help her through the transition. Joy, Fear, Anger, Disgust and Sadness work together, but when Joy and Sadness get lost, they must journey through unfamiliar places to get back home."
1621552,Facing El Chapo,La captura,2026-08-21,58.091,8.779,867,es,False,Two Mexican officers must survive the final hours of their shift after crossing a ruthless cartel boss.
238,The Godfather,The Godfather,1972-03-14,58.3471,8.688,23683,en,False,"Spanning the years 1945 to 1955, a chronicle of the fictional Italian-American Corleone crime family. When organized crime family patriarch, Vito Corleone barely survives an attempt on his life, his youngest son, Michael steps in to take care of the would-be killers, launching a campaign of bloody revenge."
1229906,Family,Family,2026-09-25,66.487,10.0,1,en,False,"A 10-year-old girl begins to believe her parents are trying to kill her. Convinced a sinister spirit is to blame, she spirals into a haunting fantasy world that mirrors her deepest fears."
634649,Spider-Man: No Way Home,Spider-Man: No Way Home,2021-12-15,59.4466,7.947,23243,en,False,"Peter Parker is unmasked and no longer able to separate his normal life from the high-stakes of being a super-hero. When he asks for help from Doctor Strange the stakes become even more dangerous, forcing him to discover what it truly means to be Spider-Man."
1185806,PAW Patrol: The Dino Movie,PAW Patrol: The Dino Movie,2026-07-23,69.2261,8.2,160,en,False,"The Paw Patrol lands on a mysterious dinosaur island after a storm, where they meet Rex, a stranded pup. When Humdinger's reckless mining triggers a volcano, the team faces their biggest rescue mission yet to save the island."
880067,Strung,Strung,2026-06-18,56.547,7.629,85,en,False,"A talented violinist's prestigious new role as a music tutor for an enigmatic, elite family spirals into a psychological battle for her safety and sanity."
1323244,Rage of Stars,Rage of Stars,2026-08-06,55.4356,6.543,219,en,False,"A story about a woman from the International Special Forces Unit, who has a premonition about the impending end of humanity."
1516698,The Last Sunrise,The Last Sunrise,2026-08-26,59.2454,6.896,211,en,False,"Ry, a college student with a chronic illness, escapes to Mallorca for the summer with her mother, where she unexpectedly falls for a local and begins to embrace living in the moment. But as her condition worsens and long-hidden family secrets come to light, everything she has found before summer's end is threatened."
205596,The Imitation Game,The Imitation Game,2014-11-14,59.4969,7.978,18477,en,False,"Based on the real life story of legendary cryptanalyst Alan Turing, the film portrays the nail-biting race against time by Turing and his brilliant team of code-breakers at Britain's top-secret Government Code and Cypher School at Bletchley Park, during the darkest days of World War II."
671,Harry Potter and the Philosopher's Stone,Harry Potter and the Philosopher's Stone,2001-11-16,58.9571,7.904,30333,en,False,"Harry Potter has lived under the stairs at his aunt and uncle's house his whole life. But on his 11th birthday, he learns he's a powerful wizard—with a place waiting for him at the Hogwarts School of Witchcraft and Wizardry. As he learns to harness his newfound powers with the help of the school's kindly headmaster, Harry uncovers the truth about his parents' deaths—and about the villain who's to blame."
1481603,Hold the Fort,Hold the Fort,2025-07-16,52.7415,6.167,15,en,False,"A HOA turns out to be more troublesome than usual in this wildly amusing, FX-heavy freak-out about newly minted suburbanites unexpectedly forced to take part in a struggle against monstrous forces."
693134,Dune: Part Two,Dune: Part Two,2024-02-27,55.7925,8.138,8670,en,False,"Follow the mythic journey of Paul Atreides as he unites with Chani and the Fremen while on a path of revenge against the conspirators who destroyed his family. Facing a choice between the love of his life and the fate of the known universe, Paul endeavors to prevent a terrible future only he can foresee."
603,The Matrix,The Matrix,1999-03-31,53.6957,8.26,28867,en,False,"Set in the 22nd century, The Matrix tells the story of a computer hacker who joins a group of underground insurgents fighting the vast and powerful computers who now rule the earth."
1184918,The Wild Robot,The Wild Robot,2024-09-12,54.8798,8.311,6678,en,False,"After a shipwreck, an intelligent robot called Roz is stranded on an uninhabited island. To survive the harsh environment, Roz bonds with the island's animals and cares for an orphaned baby goose."
122,The Lord of the Rings: The Return of the King,The Lord of the Rings: The Return of the King,2003-12-17,52.8972,8.505,27486,en,False,"As armies mass for a final battle that will decide the fate of the world--and powerful, ancient forces of Light and Dark compete to determine the outcome--one member of the Fellowship of the Ring is revealed as the noble heir to the throne of the Kings of Men. Yet, the sole hope for triumph over evil lies with a brave hobbit, Frodo, who, accompanied by his loyal friend Sam and the hideous, wretched Gollum, ventures deep into the very dark heart of Mordor on his seemingly impossible quest to destroy the Ring of Power.​"
1280738,The Furious,火遮眼,2026-06-10,56.2027,8.199,798,zh,False,"After a criminal network kidnaps Wang Wei's daughter and the corrupt police refuse to assist him, Wei sets out on his own to locate her. Navin, a tenacious journalist whose wife has mysteriously vanished, is his only ally. In this explosive martial arts showdown, the unlikely duo fights the kidnappers ruthlessly driven by a furious vengeance."
1081003,Supergirl,Supergirl,2026-06-24,54.9182,6.658,2494,en,False,"When an unexpected and ruthless adversary strikes too close to home, Kara Zor-El, aka Supergirl, reluctantly joins forces with an unlikely companion on an epic, interstellar journey of vengeance and justice."
569094,Spider-Man: Across the Spider-Verse,Spider-Man: Across the Spider-Verse,2023-05-31,51.8934,8.351,9346,en,False,"After reuniting with Gwen Stacy, Brooklyn’s full-time, friendly neighborhood Spider-Man is catapulted across the Multiverse, where he encounters the Spider Society, a team of Spider-People charged with protecting the Multiverse's very existence. But when the heroes clash on how to handle a new threat, Miles finds himself pitted against the other Spiders and must set out on his own to save those he loves most."
1273221,Scary Movie,Scary Movie,2026-06-03,57.3514,6.365,1982,en,False,"Twenty-six years after outrunning a suspiciously familiar masked killer, the Core Four are back in the killer's crosshairs and no horror movie IP is safe."
155,The Dark Knight,The Dark Knight,2008-07-16,51.8036,8.537,36876,en,False,"Batman raises the stakes in his war on crime. With the help of Lt. Jim Gordon and District Attorney Harvey Dent, Batman sets out to dismantle the remaining criminal organizations that plague the streets. The partnership proves to be effective, but they soon find themselves prey to a reign of chaos unleashed by a rising criminal mastermind known to the terrified citizens of Gotham as the Joker."
120,The Lord of the Rings: The Fellowship of the Ring,The Lord of the Rings: The Fellowship of the Ring,2001-12-18,55.56,8.446,28485,en,False,"Young hobbit Frodo Baggins, after inheriting a mysterious ring from his uncle Bilbo, must leave his home in order to keep it from falling into the hands of its evil creator. Along the way, a fellowship is formed to protect the ringbearer and make sure that the ring arrives at its final destination: Mt. Doom, the only place where it can be destroyed."
20352,Despicable Me,Despicable Me,2010-07-08,53.1913,7.3,16431,en,False,"Determined to prove he's the world's greatest supervillain, Gru hatches an audacious plan to steal the Moon. To pull it off, he adopts three orphaned girls—Margo, Edith, and Agnes—intending to use them as pawns in his scheme. But the unexpected bond they form forces him to question the criminal life he's always known."
276488,Let Us Prey,Let Us Prey,2014-04-17,45.5243,5.73,383,en,False,"Rachel, a rookie cop, is about to begin her first night shift in a neglected police station in a Scottish, backwater town. The kind of place where the tide has gone out and stranded a motley bunch of the aimless, the forgotten, the bitter-and-twisted who all think that, really, they deserve to be somewhere else. They all think they're there by accident and that, with a little luck, life is going to get better. Wrong, on both counts. Six is about to arrive - and All Hell Will Break Loose!"
10138,Iron Man 2,Iron Man 2,2010-04-28,50.4865,6.855,22989,en,False,"With the world now aware of his dual life as the armored superhero Iron Man, billionaire inventor Tony Stark faces pressure from the government, the press and the public to share his technology with the military. Unwilling to let go of his invention, Stark, with Pepper Potts and James 'Rhodey' Rhodes at his side, must forge new alliances – and confront powerful enemies."
4935,Howl's Moving Castle,ハウルの動く城,2004-09-09,50.7724,8.388,11514,ja,False,"Sophie, a young milliner, is turned into an elderly woman by a witch who enters her shop and curses her. She encounters a wizard named Howl and gets caught up in his resistance to fighting for the king."
44980,Zero Woman 2,Zero WOMAN ＩＩ　警視庁０課の女,1995-09-05,45.4543,5.0,8,ja,False,"When a valuable suitcase is stolen, the mob, petty criminals, and a beautiful agent from the Elite Zero division are pulled into a battle to settle the score."
1226863,The Super Mario Galaxy Movie,The Super Mario Galaxy Movie,2026-04-01,54.5198,8.219,3761,en,False,"Having thwarted Bowser's previous plot to marry Princess Peach, Mario and Luigi now face a fresh threat in Bowser Jr., who is determined to liberate his father from captivity and restore the family legacy. Alongside companions new and old, the brothers travel across the stars to stop the young heir's crusade."
872585,Oppenheimer,Oppenheimer,2023-07-19,52.4218,8.022,12607,en,False,The story of J. Robert Oppenheimer's role in the development of the atomic bomb during World War II.
438631,Dune,Dune,2021-09-15,48.1013,7.784,15646,en,False,"Paul Atreides, a brilliant and gifted young man born into a great destiny beyond his understanding, must travel to the most dangerous planet in the universe to ensure the future of his family and his people. As malevolent forces explode into conflict over the planet's exclusive supply of the most precious resource in existence - a commodity capable of unlocking humanity's greatest potential - only those who can conquer their fear will survive."
27205,Inception,Inception,2010-07-15,52.2812,8.374,40332,en,False,"Cobb, a skilled thief who commits corporate espionage by infiltrating the subconscious of his targets is offered a chance to regain his old life as payment for a task considered to be impossible: ""inception"", the implantation of another person's idea into a target's subconscious."
1307118,Soulm8te,Soulm8te,2026-07-31,48.2055,7.506,404,en,False,"After a ruthless tech giant acquires a small robotics company, a grieving engineer is tasked with testing their new AI companion. But when he attempts to reprogram her to be a truly sentient soulmate, she develops needs of her own—unleashing a relentless spree of precision-engineered mayhem."
863,Toy Story 2,Toy Story 2,1999-10-30,45.1846,7.623,15430,en,False,"Andy heads off to Cowboy Camp, leaving his toys to their own devices. Things shift into high gear when an obsessive toy collector named Al McWhiggen, owner of Al's Toy Barn kidnaps Woody. Andy's toys mount a daring rescue mission, Buzz Lightyear meets his match and Woody has to decide where he and his heart truly belong."
1523145,Your Heart Will Be Broken,Твоё сердце будет разбито,2026-03-26,50.8569,7.1,124,ru,False,"High school student Polina is saved from bullying at her new school and makes a deal with the main bully Bars: he must pretend to be her boyfriend and protect her, and she must do everything he says. During this game, the couple develops real feelings, but her family and classmates have reasons to separate the lovers."
936075,Michael,Michael,2026-04-22,53.5858,8.623,4470,en,False,"The story of Michael Jackson, one of the most influential artists the world has ever known, and his life beyond the music. His journey from the discovery of his extraordinary talent as the lead of the Jackson Five, to the visionary artist whose creative ambition fueled a relentless pursuit to become the biggest entertainer in the world, highlighting both his life off-stage and some of the most iconic performances from his early solo career."
1384216,The Dog Stars,The Dog Stars,2026-08-26,48.0233,6.6,300,en,False,"After the world's population has been ravaged by a pandemic, a man lives a lonesome existence in a Colorado airplane hangar with his dog and a dour gunman he has befriended. When a mysterious transmission comes through on the radio while he’s flying his old Cessna, it sparks a hunt for the provenance of the sound."
1302904,Practical Magic 2,Practical Magic 2,2026-09-09,47.7228,6.2,104,en,False,The Owens sisters must confront the dark curse that threatens to unravel their family once and for all.
14836,Coraline,Coraline,2009-02-05,48.7959,7.939,9493,en,False,"Wandering her rambling old house in her boring new town, 11-year-old Coraline discovers a hidden door to a strangely idealized version of her life. In order to stay in the fantasy, she must make a frighteningly real sacrifice."
1212763,Evil Dead Burn,Evil Dead Burn,2026-07-07,48.0529,7.647,1656,en,False,"After her husband's abrupt death, Alice seeks solace with his remaining family — descendants of a leading researcher on demonic possession. As her in-laws transform one by one into creatures that feed on fear, she comes to discover that the vows she took in life survive even in death."
1560520,Batman: Knightfall Part 1: Knightfall,Batman: Knightfall Part 1: Knightfall,2026-06-23,48.0953,9.144,418,en,False,"Arkham Asylum has been destroyed, and all its inmates have been unleashed upon Gotham City. As Batman races to round up some of his greatest enemies, he is pushed to his physical and mental limits and into a final confrontation with a new threat: the man called Bane!"
1437195,Livestream from Hell,Livestream from Hell,2026-09-30,45.8527,6.095,21,en,False,"When Kevin Hart teams up with fellow comedian, Druski, and streamer, Kai Cenat for a record-breaking livestream at his tech-savvy mansion, things go hilariously off the rails, until the pranks turn to panic, and a real murder mystery unfolds on camera, trapping the trio and their celebrity guests in a high-stakes, horror-comedy whodunnit watched by millions."
1599993,Animals,Animales,2026-02-05,44.7141,6.192,52,es,False,"Four couples sail the thin line between desire and search for authenticity, in a world where truth is as fragile as their relationships."
550,Fight Club,Fight Club,1999-10-15,46.1645,8.437,32972,en,False,"A ticking-time-bomb insomniac and a slippery soap salesman channel primal male aggression into a shocking new form of therapy. Their concept catches on, with underground ""fight clubs"" forming in every town, until an eccentric gets in the way and ignites an out-of-control spiral toward oblivion."
680,Pulp Fiction,Pulp Fiction,1994-09-10,46.3868,8.48,31003,en,False,"A burger-loving hit man, his philosophical partner, a drug-addled gangster's moll and a washed-up boxer converge in this sprawling, comedic crime caper. Their adventures unfurl in three stories that ingeniously trip back and forth in time."
361743,Top Gun: Maverick,Top Gun: Maverick,2022-05-21,47.5475,8.158,11644,en,False,"After more than thirty years of service as one of the Navy’s top aviators, and dodging the advancement in rank that would ground him, Pete “Maverick” Mitchell finds himself training a detachment of TOP GUN graduates for a specialized mission the likes of which no living pilot has ever seen."
242,The Godfather Part III,The Godfather Part III,1990-12-25,42.4757,7.414,7095,en,False,"In the midst of trying to legitimize his business dealings in 1979 New York and Italy, aging mafia don, Michael Corleone seeks forgiveness for his sins while taking a young protege under his wing."
1368166,The Housemaid,The Housemaid,2025-12-18,46.1064,7.252,3158,en,False,"Trying to escape her past, Millie Calloway accepts a job as a live-in housemaid for the wealthy Nina and Andrew Winchester. But what begins as a dream job quickly unravels into something far more dangerous—a sexy, seductive game of secrets, scandal, and power."
1291595,Insidious: Out of the Further,Insidious: Out of the Further,2026-08-19,43.446,6.5,171,en,False,"Gemma, a young mother raising her daughter in the house she grew up in, discovers she can travel into The Further, where she possesses an ability to bring what lives there back to the real world."
672,Harry Potter and the Chamber of Secrets,Harry Potter and the Chamber of Secrets,2002-11-13,46.229,7.709,24154,en,False,"Cars fly, trees fight back, and a mysterious house-elf comes to warn Harry Potter at the start of his second year at Hogwarts. Adventure and danger await when bloody writing on a wall announces: The Chamber Of Secrets Has Been Opened. To save Hogwarts will require all of Harry, Ron and Hermione's magical abilities and courage."
673,Harry Potter and the Prisoner of Azkaban,Harry Potter and the Prisoner of Azkaban,2004-05-31,45.8896,8.0,23721,en,False,Harry Potter's life is in danger once more as dangerous wizard Sirius Black has escaped from Azkaban Prison and is heading to Hogwarts.
354912,Coco,Coco,2017-10-27,47.0343,8.198,21479,en,False,"Despite his family’s baffling generations-old ban on music, Miguel dreams of becoming an accomplished musician like his idol, Ernesto de la Cruz. Desperate to prove his talent, Miguel finds himself in the stunning and colorful Land of the Dead following a mysterious chain of events. Along the way, he meets charming trickster Hector, and together, they set off on an extraordinary journey to unlock the real story behind Miguel's family history."
1058424,Hope,호프,2026-07-15,43.1786,7.2,107,ko,False,"In the remote South Korean village of Hope Harbor, police chief Bum-seok and officer Sung-ae are called to investigate a mysterious creature wreaking havoc on the community. But all is not as it seems, and perceptions can be misleading. What begins as ignorance plants the seed of disaster, escalating through human conflict into a tragedy of cosmic proportions."
315635,Spider-Man: Homecoming,Spider-Man: Homecoming,2017-07-05,46.2291,7.332,23992,en,False,"Following the events of Captain America: Civil War, Peter Parker, with the help of his mentor Tony Stark, tries to balance his life as an ordinary high school student in Queens, New York City, with fighting crime as his superhero alter ego Spider-Man as a new threat, the Vulture, emerges."
1723013,Hibla 2,Hibla 2,2026-06-30,45.2559,3.0,1,tl,False,"Two VMX queens, Aliya Raymundo and Margaret Diaz, play reunited childhood friends who share a memorable past and a complicated present: one is a liberated city girl, the other a sheltered country virgin, and both are surrounded by men eager to get a taste of their youth."
950028,The Invite,The Invite,2026-04-30,40.3463,7.226,711,en,False,"Joe and Angela's marriage is on thin ice. When they invite their enigmatic upstairs neighbors for a dinner party, the night spirals into unexpected places. Have they reignited the spark or lit the match that burns it all down?"
475557,Joker,Joker,2019-10-01,41.4082,8.115,28423,en,False,"During the 1980s, a failed stand-up comedian is driven insane and turns to a life of crime and chaos in Gotham City while becoming an infamous psychopathic crime figure."
445466,Idiots,Idiots,2026-08-20,40.594,6.235,49,en,False,"Two rock-bottom drivers transport a wealthy teen to rehab, but their simple job spirals into a chaotic journey of drugs, danger, and crime as their passenger derails their plans."
674,Harry Potter and the Goblet of Fire,Harry Potter and the Goblet of Fire,2005-11-16,43.7757,7.803,22707,en,False,"When his name emerges from the Goblet of Fire, Harry Potter becomes a competitor in a grueling battle for glory among three wizarding schools. Signs of Voldemort's return emerge as Harry's friends help him prepare for the Triwizard Tournament."
280,Terminator 2: Judgment Day,Terminator 2: Judgment Day,1991-07-03,45.3943,8.172,14947,en,False,"Ten years after the events of the original, a reprogrammed T-800 is sent back in time to protect young John Connor from the shape-shifting T-1000. Together with his mother Sarah, he fights to stop Skynet from triggering a nuclear apocalypse."
454639,Masters of the Universe,Masters of the Universe,2026-06-03,43.8435,7.106,2194,en,False,"After being separated for 15 years, the Sword of Power leads Prince Adam back to Eternia, where he discovers his home shattered under the fiendish rule of Skeletor. To save his family and his world, Adam must join forces with his closest allies, Teela and Duncan/Man-At-Arms, and embrace his true destiny as He-Man — the most powerful man in the universe."
1127384,Deep Water,Deep Water,2026-04-30,40.225,7.404,651,en,False,A group of international passengers on a flight from Los Angeles to Shanghai is forced to make an emergency landing in shark-infested waters. The terrified group is forced to work together and overcome their differences if they hope to escape their sinking plane and the frenzy of sharks drawn to the wreckage.
1495,Kingdom of Heaven,Kingdom of Heaven,2005-05-03,42.66,7.093,5269,en,False,"After his wife dies, a blacksmith named Balian is thrust into royalty, political intrigue and bloody holy wars during the Crusades."
324857,Spider-Man: Into the Spider-Verse,Spider-Man: Into the Spider-Verse,2018-12-06,44.5882,8.401,17955,en,False,"Struggling to find his place in the world while juggling school and family, Brooklyn teenager Miles Morales is unexpectedly bitten by a radioactive spider and develops unfathomable powers just like the one and only Spider-Man. While wrestling with the implications of his new abilities, Miles discovers a super collider created by the madman Wilson ""Kingpin"" Fisk, causing others from across the Spider-Verse to be inadvertently transported to his dimension."
76341,Mad Max: Fury Road,Mad Max: Fury Road,2015-05-13,44.6369,7.639,24708,en,False,"An apocalyptic story set in the furthest reaches of our planet, in a stark desert landscape where humanity is broken, and most everyone is crazed fighting for the necessities of life. Within this world exist two rebels on the run who just might be able to restore order."
813418,Hot Spot,Hot Spot,2026-08-21,38.5004,4.605,38,en,False,"Set in a near future society ruled by sentient A.I., a private eye investigates a murder case only to discover a rebel group capable of undermining the digital overlord. As the detective's identity slowly unravels, his world enters a state of hypnotic meltdown."
9479,The Nightmare Before Christmas,The Nightmare Before Christmas,1993-10-09,50.2969,7.844,10659,en,False,"Tired of scaring humans every October 31 with the same old bag of tricks, Jack Skellington, the spindly king of Halloween Town, kidnaps Santa Claus and plans to deliver shrunken heads and other ghoulish gifts to children on Christmas morning. But as Christmas approaches, Jack's rag-doll girlfriend, Sally, tries to foil his misguided plans."
99861,Avengers: Age of Ultron,Avengers: Age of Ultron,2015-04-22,46.1657,7.279,25112,en,False,"When Tony Stark tries to jumpstart a dormant peacekeeping program, things go awry and Earth’s Mightiest Heroes are put to the ultimate test as the fate of the planet hangs in the balance. As the villainous Ultron emerges, it is up to The Avengers to stop him from enacting his terrible plans, and soon uneasy alliances and unexpected action pave the way for an epic and unique global adventure."
414906,The Batman,The Batman,2022-03-01,43.5011,7.67,12605,en,False,"In his second year of fighting crime, Batman uncovers corruption in Gotham City that connects to his own family while facing a serial killer known as the Riddler."
1594914,Lucky Strike,Lucky Strike,2026-06-26,43.7548,6.8,52,en,False,"A wounded American soldier fights to survive behind enemy lines during WWII's Battle of the Bulge against the Germans, relying on his instinct, spy craft and a hand-radio to evade capture and find his way back to his unit."
1327819,Hoppers,Hoppers,2026-03-04,42.5891,8.144,2393,en,False,"Scientists have discovered how to 'hop' human consciousness into lifelike robotic animals, allowing people to communicate with animals as animals. Animal lover Mabel seizes an opportunity to use the technology, uncovering mysteries within the animal world beyond anything she could have imagined."
1010581,My Fault,Culpa mía,2023-06-08,44.2504,7.726,4205,es,False,"Noah must leave her city, boyfriend, and friends to move into William Leister's mansion, the flashy and wealthy husband of her mother Rafaela. As a proud and independent 17 year old, Noah resists living in a mansion surrounded by luxury. However, it is there where she meets Nick, her new stepbrother, and the clash of their strong personalities becomes evident from the very beginning."
1011477,Karate Kid: Legends,Karate Kid: Legends,2025-05-08,41.9217,6.97,1313,en,False,"After a family tragedy, kung fu prodigy Li Fong is uprooted from his home in Beijing and forced to move to New York City with his mother. When a new friend needs his help, Li enters a karate competition – but his skills alone aren't enough. Li's kung fu teacher Mr. Han enlists original Karate Kid Daniel LaRusso for help, and Li learns a new way to fight, merging their two styles into one for the ultimate martial arts showdown."
911430,F1,F1,2025-06-25,42.8465,7.827,4764,en,False,Racing legend Sonny Hayes is coaxed out of retirement to lead a struggling Formula 1 team—and mentor a young hotshot driver—while chasing one more chance at glory.
131631,The Hunger Games: Mockingjay - Part 1,The Hunger Games: Mockingjay - Part 1,2014-11-19,42.431,6.814,17062,en,False,"After surviving the Quarter Quell, Katniss finds herself in the hidden stronghold of District 13, where the rebellion against the Capitol is gaining momentum. Struggling with the weight of becoming the symbol of resistance, she must navigate fragile alliances while trying to protect those she loves. As propaganda battles rage and Panem moves closer to full-scale war, Katniss is forced to confront the true cost of revolution."
1168190,The Wrecking Crew,The Wrecking Crew,2026-01-28,46.0294,7.089,1298,en,False,"Estranged half-brothers Jonny and James reunite after their father's mysterious death. As they search for the truth, buried secrets reveal a conspiracy threatening to tear their family apart."
1234821,Jurassic World Rebirth,Jurassic World Rebirth,2025-06-23,42.6688,6.253,3812,en,False,"Five years after the events of Jurassic World Dominion, covert operations expert Zora Bennett is contracted to lead a skilled team on a top-secret mission to secure genetic material from the world's three most massive dinosaurs. When Zora's operation intersects with a civilian family whose boating expedition was capsized, they all find themselves stranded on an island where they come face-to-face with a sinister, shocking discovery that's been hidden from the world for decades."
12153,White Chicks,White Chicks,2004-06-23,43.752,6.968,4773,en,False,"Two FBI agent brothers, Marcus and Kevin Copeland, accidentally foil a drug bust. To avoid being fired they accept a mission escorting a pair of socialites to the Hamptons--but when the girls are disfigured in a car accident, they refuse to go. Left without options, Marcus and Kevin decide to pose as the sisters, transforming themselves from black men into rich white women."
210577,Gone Girl,Gone Girl,2014-10-01,44.0288,7.89,20486,en,False,"With his wife's disappearance having become the focus of an intense media circus, a man sees the spotlight turned on him when it's suspected that he may not be innocent."
933260,The Substance,The Substance,2024-09-07,43.2845,7.135,6544,en,False,"A fading celebrity decides to use a black market drug, a cell-replicating substance that temporarily creates a younger, better version of herself."
129,Spirited Away,千と千尋の神隠し,2001-07-20,40.125,8.5,18985,ja,False,"A young girl, Chihiro, becomes trapped in a strange new world of spirits. When her parents undergo a mysterious transformation, she must call upon the courage she never knew she had to free her family."
1242898,Predator: Badlands,Predator: Badlands,2025-11-05,42.0313,7.839,3738,en,False,"Cast out from his clan, a young Predator finds an unlikely ally in a damaged android and embarks on a treacherous journey in search of the ultimate adversary."
1137844,Mayday,Mayday,2026-09-03,39.6438,7.966,895,en,False,"When a U.S. Navy pilot on a top-secret mission during the Cold War gets trapped behind enemy lines, his only chance at survival is to form an alliance with an eccentric ex-KGB agent."
597,Titanic,Titanic,1997-12-18,40.5955,7.901,27837,en,False,"101-year-old Rose DeWitt Bukater tells the story of her life aboard the Titanic, 84 years later. A young Rose boards the ship with her mother and fiancé. Meanwhile, Jack Dawson and Fabrizio De Rossi win third-class tickets aboard the ship. Rose tells the whole story from Titanic's departure through to its death—on its first and last voyage—on April 15, 1912."
1265,Bridge to Terabithia,Bridge to Terabithia,2007-02-15,38.6428,7.355,5498,en,False,"Jesse Aarons trained all summer to become the fastest runner in school. So he's very upset when newcomer Leslie Burke outruns him and everyone else. Despite this and other differences including that she's rich, he's poor, she's a city girl, and he's a country boy the two become fast friends. Together they create Terabithia, a land of monsters, trolls, ogres, and giants where they rule as king and queen."
912649,Venom: The Last Dance,Venom: The Last Dance,2024-10-22,42.2891,6.666,4572,en,False,"Eddie and Venom are on the run. Hunted by both of their worlds and with the net closing in, the duo are forced into a devastating decision that will bring the curtains down on Venom and Eddie's last dance."
1506560,Clash of the Thundermans,Clash of the Thundermans,2026-09-03,40.7509,6.547,64,en,False,"When Chloe develops a destructive new superpower, the Hero League orders her to an elite boarding school for superheroes to learn control of her abilities. Faced with the prospect of sending Chloe away for years, the Thundermans split apart, with Phoebe, Barb and Billy taking her into hiding. Max, Hank, and Nora track their rogue family members, until the two factions face off against each other in a full-on battle for the Thundermans’ future."
549509,The Brutalist,The Brutalist,2024-12-20,39.9618,6.921,1843,en,False,"When an innovative modern architect flees post-war Europe, he is given the opportunity to rebuild his legacy. Set during the dawn of the modern United States (in Pennsylvania), his wife joins him, and their lives are forever changed by a demanding, wealthy patron."
1241982,Moana 2,Moana 2,2024-11-21,41.5453,6.993,3308,en,False,"After receiving an unexpected call from her wayfinding ancestors, Moana journeys alongside Maui and a new crew to the far seas of Oceania and into dangerous, long-lost waters for an adventure unlike anything she's ever faced."
138843,The Conjuring,The Conjuring,2013-07-18,41.325,7.542,13135,en,False,"Paranormal investigators Ed and Lorraine Warren work to help a family terrorized by a dark presence in their farmhouse. Forced to confront a powerful entity, the Warrens find themselves caught in the most terrifying case of their lives."
1007757,Swapped,Swapped,2026-05-01,42.95,8.866,2221,en,False,"A small woodland creature and a majestic bird, two natural sworn enemies of the Valley, magically trade places and set off on an adventure of a lifetime to switch back. Their journey soon uncovers a greater threat—one that could endanger not only their species, but the entire valley they call home."
10681,WALL·E,WALL·E,2008-06-26,39.2064,8.126,20950,en,False,"After hundreds of years doing what he was built for, WALL•E— a robot designed to clean up the earth—discovers a new purpose in life when he meets a sleek search robot named EVE. EVE comes to realize that WALL•E has inadvertently stumbled upon the key to the planet's future, and races back to space to report to the humans. Meanwhile, WALL•E chases EVE across the galaxy and sets into motion one of the most imaginative adventures ever brought to the big screen."
8587,The Lion King,The Lion King,1994-06-15,41.3674,8.251,20211,en,False,"Young lion prince Simba, eager to one day become king of the Pride Lands, grows up under the watchful eye of his father Mufasa; all the while his villainous uncle Scar conspires to take the throne for himself. Amid betrayal and tragedy, Simba must confront his past and find his rightful place in the Circle of Life."
557,Spider-Man,Spider-Man,2002-05-01,41.2542,7.357,21510,en,False,"After being bitten by a genetically altered spider at Oscorp, nerdy but endearing high school student Peter Parker is endowed with amazing powers to become the superhero known as Spider-Man."
76600,Avatar: The Way of Water,Avatar: The Way of Water,2022-12-14,39.6059,7.584,14711,en,False,"Set more than a decade after the events of the first film, learn the story of the Sully family (Jake, Neytiri, and their kids), the trouble that follows them, the lengths they go to keep each other safe, the battles they fight to stay alive, and the tragedies they endure."
1393326,Ghost in the Cell,Ghost in the Cell,2026-04-16,37.0413,7.114,83,id,False,"In a notorious prison, an invisible force begins killing inmates brutally, compelling enemy gangs and corrupt guards to work together as they try to survive the mounting bloodshed."
129,Spirited Away,千と千尋の神隠し,2001-07-20,40.125,8.535,18982,ja,False,"A young girl, Chihiro, becomes trapped in a strange new world of spirits. When her parents undergo a mysterious transformation, she must call upon the courage she never knew she had to free her family."
122917,The Hobbit: The Battle of the Five Armies,The Hobbit: The Battle of the Five Armies,2014-12-10,39.1868,7.338,15811,en,False,"Following Smaug's attack on Laketown, Bilbo and the dwarves try to defend Erebor's mountain of treasure from others who claim it: the men of the ruined Laketown and the elves of Mirkwood. Meanwhile an army of Orcs led by Azog the Defiler is marching on Erebor, fueled by the rise of the dark lord Sauron. Dwarves, elves and men must unite, and the hope for Middle-Earth falls into Bilbo's hands."
893723,PAW Patrol: The Mighty Movie,PAW Patrol: The Mighty Movie,2023-09-21,38.8854,6.9,595,en,False,"A magical meteor crash lands in Adventure City and gives the PAW Patrol pups superpowers, transforming them into The Mighty Pups."
1061474,Superman,Superman,2025-07-09,40.7756,7.323,5543,en,False,"Superman, a journalist in Metropolis, embarks on a journey to reconcile his Kryptonian heritage with his human upbringing as Clark Kent."
1290821,Shelter,Shelter,2026-01-28,41.2165,7.752,1933,en,False,"A man living in self-imposed exile on a remote island rescues a young girl from a violent storm, setting off a chain of events that forces him out of seclusion to protect her from enemies tied to his past."
3933,Corpse Bride,Corpse Bride,2005-09-12,40.4187,7.591,10457,en,False,"In a 19th-century European village, a young man about to be married is whisked away to the underworld and wed to a mysterious corpse bride, while his real bride waits bereft in the land of the living."
121,The Lord of the Rings: The Two Towers,The Lord of the Rings: The Two Towers,2002-12-18,36.3889,8.43,24675,en,False,"Frodo Baggins and the other members of the Fellowship continue on their sacred quest to destroy the One Ring--but on separate paths. Their destinies lie at two towers--Orthanc Tower in Isengard, where the corrupt wizard Saruman awaits, and Sauron's fortress at Barad-dur, deep within the dark lands of Mordor."
137051,Midnight Matinee,Midnight Matinee,1989-10-12,27.6004,5.4,7,en,False,"Even though a devastating murder took place during a small town's horror film festival two years earlier, townspeople want another festival."
615777,Babylon,Babylon,2022-12-22,38.8528,7.34,3961,en,False,"A tale of outsized ambition and outrageous excess, tracing the rise and fall of multiple characters in an era of unbridled decadence and depravity during Hollywood's transition from silent films to sound films in the late 1920s."
1233413,Sinners,Sinners,2025-04-16,41.2926,7.513,5259,en,False,"Trying to leave their troubled lives behind, twin brothers return to their hometown to start again, only to discover that an even greater evil is waiting to welcome them back."
218,The Terminator,The Terminator,1984-10-26,38.9649,7.697,15216,en,False,"In the post-apocalyptic future, reigning tyrannical supercomputers teleport a cyborg assassin known as the ""Terminator"" back to 1984 to kill Sarah Connor, whose unborn son is destined to lead insurgents against 21st century mechanical hegemony. Meanwhile, the human-resistance movement dispatches a lone warrior to safeguard Sarah. Can he stop the virtually indestructible killing machine?"
496243,Parasite,기생충,2019-05-30,36.9883,8.49,21416,ko,False,"All unemployed, Ki-taek's family takes peculiar interest in the wealthy and glamorous Parks for their livelihood until they get entangled in an unexpected incident."
1514682,Above & Below,Above & Below,2026-07-29,38.7332,5.976,42,en,False,A group of friends set off for an unforgettable vacation. What begins as an adventure of partying and diving quickly turns into a nightmare when they are attacked by criminals in open waters.
1514682,Above & Below,Above & Below,2026-07-29,38.7332,5.976,42,en,False,A group of friends set off for an unforgettable vacation. What begins as an adventure of partying and diving quickly turns into a nightmare when they are attacked by criminals in open waters.
939243,Sonic the Hedgehog 3,Sonic the Hedgehog 3,2024-12-19,37.2455,7.599,3484,en,False,"Sonic, Knuckles, and Tails reunite against a powerful new adversary, Shadow, a mysterious villain with powers unlike anything they have faced before. With their abilities outmatched in every way, Team Sonic must seek out an unlikely alliance in hopes of stopping Shadow and protecting the planet."
1314481,The Devil Wears Prada 2,The Devil Wears Prada 2,2026-04-29,41.0753,7.043,2395,en,False,"Andy Sachs returns to Runway as Miranda Priestly navigates a new media landscape and Runway's position within. The duo reconnect with former assistant Emily Charlton, now the head of a luxury brand that possesses funding which could ensure Runway's survival."
1439930,The Punisher: One Last Kill,The Punisher: One Last Kill,2026-05-12,37.3686,8.256,2297,en,False,"As Frank Castle searches for meaning beyond revenge, an unexpected force pulls him back into the fight."
447365,Guardians of the Galaxy Vol. 3,Guardians of the Galaxy Vol. 3,2023-05-03,37.3423,7.933,8901,en,False,"Peter Quill, still reeling from the loss of Gamora, must rally his team around him to defend the universe along with protecting one of their own. A mission that, if not completed successfully, could quite possibly lead to the end of the Guardians as we know them."
244786,Whiplash,Whiplash,2014-10-10,39.5905,8.377,17168,en,False,"Under the direction of a ruthless instructor, a talented young drummer begins to pursue perfection at any cost, even his humanity."
1726,Iron Man,Iron Man,2008-04-30,40.4861,7.666,28904,en,False,"After being held captive in an Afghan cave, billionaire engineer Tony Stark creates a unique weaponized suit of armor to fight evil."
1341138,Spa Weekend,Spa Weekend,2026-08-20,33.2967,6.375,60,en,False,"Four lifelong friends realize that somewhere between careers, relationships, families, and everyday responsibilities, they’ve forgotten how to take care of themselves and each other. Burned out and overdue for a break, the women escape to a luxury spa retreat for an unforgettable weekend dedicated to fun, laughter, and a lot of really bad decisions."
161,Ocean's Eleven,Ocean's Eleven,2001-12-07,39.7305,7.465,12953,en,False,"Less than 24 hours into his parole, charismatic thief Danny Ocean is already rolling out his next plan: In one night, Danny's hand-picked crew of specialists will attempt to steal more than $150 million from three Las Vegas casinos. But to score the cash, Danny risks his chances of reconciling with ex-wife, Tess."
1269325,Drishyam: The Conclusion,दृश्यम्: आख़िरी हिस्सा,2026-10-02,36.2965,10.0,1,hi,False,"Years after outsmarting the police, Vijay Salgaonkar's past resurfaces when a new evidence threatens to expose his secret. As the investigation reopens, he must outwit the system once again to save his family."
385687,Fast X,Fast X,2023-05-17,37.274,6.976,6530,en,False,"Over many missions and against impossible odds, Dom Toretto and his family have outsmarted, out-nerved and outdriven every foe in their path. Now, they confront the most lethal opponent they've ever faced: A terrifying threat emerging from the shadows of the past who's fueled by blood revenge, and who is determined to shatter this family and destroy everything—and everyone—that Dom loves, forever."
497,The Green Mile,The Green Mile,1999-12-10,41.0144,8.505,19896,en,False,"A supernatural tale set on death row in a Southern prison, where gentle giant John Coffey possesses the mysterious power to heal people's ailments. When the cell block's head guard, Paul Edgecomb, recognizes Coffey's miraculous gift, he tries desperately to help stave off the condemned man's execution."
1265609,War Machine,War Machine,2026-02-12,37.0543,7.506,2554,en,False,"On one last grueling mission during Army Ranger training, a combat engineer must lead his unit in a fight against a giant otherworldly killing machine."
1193824,Rabbit Trap,Rabbit Trap,2025-09-12,32.7285,5.685,46,en,False,"When a musician and her husband move to a remote house in Wales, the music they make disturbs local ancient folk magic, bringing a nameless child to their door intent on infiltrating their lives."
575265,Mission: Impossible - The Final Reckoning,Mission: Impossible - The Final Reckoning,2025-05-17,38.6267,7.171,3203,en,False,"Ethan Hunt and team continue their search for the terrifying AI known as the Entity — which has infiltrated intelligence networks all over the globe — with the world's governments and a mysterious ghost from Hunt's past on their trail. Joined by new allies and armed with the means to shut the Entity down for good, Hunt is in a race against time to prevent the world as we know it from changing forever."
803796,KPop Demon Hunters,KPop Demon Hunters,2025-06-20,39.2361,7.991,3251,en,False,"When K-pop superstars Rumi, Mira and Zoey aren't selling out stadiums, they're using their secret powers to protect their fans from supernatural threats."
39254,Real Steel,Real Steel,2011-09-28,39.4099,7.152,9606,en,False,"Charlie Kenton is a washed-up fighter who retired from the ring when robots took over the sport. After his robot is trashed, he reluctantly teams up with his estranged son to rebuild and train an unlikely contender."
1514026,Buddy,Buddy,2026-08-27,36.9239,7.9,70,en,False,"A magical, singing orange unicorn holds his cast hostage in a surreal TV-show dimension, as he becomes more and more demented."
126889,Alien: Covenant,Alien: Covenant,2017-05-09,33.3247,6.19,9715,en,False,"The crew of the colony ship Covenant, bound for a remote planet on the far side of the galaxy, discovers what they think is an uncharted paradise but is actually a dark, dangerous world."
986056,Thunderbolts*,Thunderbolts*,2025-04-30,36.56,7.296,4124,en,False,"After finding themselves ensnared in a death trap, seven disillusioned castoffs must embark on a dangerous mission that will force them to confront the darkest corners of their pasts."
73723,The Lorax,The Lorax,2012-03-01,35.3397,6.54,4000,en,False,"A 12-year-old boy searches for the one thing that will enable him to win the affection of the girl of his dreams. To find it he must discover the story of the Lorax, the grumpy yet charming creature who fights to protect his world."
101,Léon: The Professional,Léon,1994-09-14,37.4262,8.289,16592,fr,False,"Léon, the top hit man in New York, has earned a rep as an effective ""cleaner"". But when his next-door neighbors are wiped out by a loose-cannon DEA agent, he becomes the unwilling custodian of 12-year-old Mathilda. Before long, Mathilda's thoughts turn to revenge, and she considers following in Léon's footsteps."
862,Toy Story,Toy Story,1995-11-22,38.4428,7.99,20609,en,False,"Led by Woody, Andy's toys live happily in his room until Andy's birthday brings Buzz Lightyear onto the scene. Afraid of losing his place in Andy's heart, Woody plots against Buzz. But when circumstances separate Buzz and Woody from their owner, the duo eventually learns to put aside their differences."
1284046,Onslaught,Onslaught,2026-09-02,35.5051,5.8,31,en,False,"When a rogue squad of genetically engineered super soldiers break loose in the desert, a badass Army sniper must unleash hell to protect her young daughter."
12445,Harry Potter and the Deathly Hallows: Part 2,Harry Potter and the Deathly Hallows: Part 2,2011-07-12,36.5652,8.08,22516,en,False,"Harry, Ron and Hermione continue their quest to vanquish the evil Voldemort once and for all. Just as things begin to look hopeless for the young wizards, Harry discovers a trio of magical objects that endow him with powers to rival Voldemort's formidable skills."
1297842,GOAT,GOAT,2026-02-11,37.2772,8.052,1109,en,False,"A small goat with big dreams gets a once-in-a-lifetime shot to join the pros and play roarball, a high-intensity, co-ed, full-contact sport dominated by the fastest, fiercest animals in the world."
860508,The Whisper Man,The Whisper Man,2026-08-27,35.591,6.877,847,en,False,"When his young son vanishes, a widower enlists help from his estranged father, a retired detective who put away the serial killer now linked to the case."
10588,The Cat in the Hat,The Cat in the Hat,2003-11-21,36.1462,5.385,1906,en,False,"During a rainy day, and while their mother is out, Conrad and Sally, and their pet fish, are visited by the mischievous Cat in the Hat. Fun soon turns to mayhem, and the siblings must figure out how to rid themselves of the maniacal Cat."
350,The Devil Wears Prada,The Devil Wears Prada,2006-06-29,37.5242,7.4,14285,en,False,"A young woman from the Midwest gets more than she bargained for when she moves to New York to become a writer and ends up as the assistant to the tyrannical, larger-than-life editor-in-chief of a major fashion magazine."
675,Harry Potter and the Order of the Phoenix,Harry Potter and the Order of the Phoenix,2007-07-08,37.5364,7.7,21287,en,False,"When a new professor's methods leave Hogwarts unprepared to fight the rising tide of evil, Harry teaches students how to defend against the dark arts."
12,Finding Nemo,Finding Nemo,2003-05-30,37.211,7.822,21042,en,False,"Nemo, an adventurous young clownfish, is unexpectedly taken from his Great Barrier Reef home to a dentist's office aquarium. It's up to his worrisome father Marlin and a friendly but forgetful fish Dory to bring Nemo home -- meeting vegetarian sharks, surfer dude turtles, hypnotic jellyfish, hungry seagulls, and more along the way."
976912,Graphic Desires,Graphic Desires,2023-08-31,35.3134,6.88,158,en,False,"When reclusive Franklin cheats on his partner with a mysterious girl he meets on a dating app, it becomes the start of a deadly obsession."
617126,The Fantastic 4: First Steps,The Fantastic 4: First Steps,2025-07-23,39.7567,6.94,3949,en,False,"Against the vibrant backdrop of a 1960s-inspired, retro-futuristic world, Marvel's First Family is forced to balance their roles as heroes with the strength of their family bond, while defending Earth from a ravenous space god called Galactus and his enigmatic Herald, Silver Surfer."
1433583,The Weight,The Weight,2026-09-16,34.0674,6.9,35,pt,False,"When Samuel is torn from his daughter and sent to a brutal prison, Warden Clancy offers him a high-stakes proposition: smuggle gold out of a remote mine with a dangerous crew of prisoners and he’ll win his freedom."
49026,The Dark Knight Rises,The Dark Knight Rises,2012-07-17,40.0599,7.798,25052,en,False,"Following the death of District Attorney Harvey Dent, Batman assumes responsibility for Dent's crimes to protect the late attorney's reputation and is subsequently hunted by the Gotham City Police Department. Eight years later, Batman encounters the mysterious Selina Kyle and the villainous Bane, a new terrorist leader who overwhelms Gotham's finest. The Dark Knight resurfaces to protect a city that has branded him an enemy."
98,Gladiator,Gladiator,2000-05-04,34.9061,8.231,21596,en,False,"After the death of Emperor Marcus Aurelius, his devious son takes power and demotes Maximus, one of Rome's most capable generals who Marcus preferred. Eventually, Maximus is forced to become a gladiator and battle to the death against other men for the amusement of paying audiences."
13,Forrest Gump,Forrest Gump,1994-06-23,36.6933,8.461,30577,en,False,"A man with a low IQ has accomplished great things in his life and been present during significant historic events—in each case, far exceeding what anyone imagined he could do. But despite all he has achieved, his one true love eludes him."
11770,Shaolin Soccer,少林足球,2001-07-05,34.0207,7.2,2672,cn,False,A young Shaolin follower reunites with his discouraged brothers to form a soccer team using their martial art skills to their advantage.
808,Shrek,Shrek,2001-05-18,34.8922,7.78,19385,en,False,"It ain't easy bein' green -- especially if you're a likable (albeit smelly) ogre named Shrek. On a mission to retrieve a gorgeous princess from the clutches of a fire-breathing dragon, Shrek teams up with an unlikely compatriot -- a wisecracking donkey."
1110034,Kraken,Kraken,2026-02-06,35.2207,6.243,341,no,False,"A marine biologist is doing research on a fish farm when she encounters several strange occurrences. Along with the brutal deaths of two teenagers, all signs point to the deep fjord; can there be more to the depths than the eye can see?"
1122573,In the Grey,In the Grey,2026-05-13,35.3162,7.572,1074,en,False,"A covert team of elite operatives are living in the shadows. When a ruthless despot steals a billion-dollar fortune, they're sent to take it back—an impossible heist that erupts into a deadly game of strategy, deception and survival."
1494843,丫丫,丫丫,1979-03-01,37.0273,0.0,0,zh,False,
9426,The Fly,The Fly,1986-08-15,29.073,7.448,5174,en,False,"When brilliant, eccentric scientist Seth Brundle makes a huge technological breakthrough in teleportation, he decides to test it on himself. Unbeknownst to him, a common housefly manages to get inside the device and the two become one."
767,Harry Potter and the Half-Blood Prince,Harry Potter and the Half-Blood Prince,2009-07-15,35.1614,7.682,21249,en,False,Dumbledore tries to prepare Harry for the final battle with Voldemort while Death Eaters wreak havoc in both Muggle and Wizard worlds.
539972,Kraven the Hunter,Kraven the Hunter,2024-12-11,31.9818,6.411,2529,en,False,"Kraven Kravinoff's complex relationship with his ruthless gangster father, Nikolai, starts him down a path of vengeance with brutal consequences, motivating him to become not only the greatest hunter in the world, but also one of its most feared."
950387,A Minecraft Movie,A Minecraft Movie,2025-03-31,33.459,6.214,3332,en,False,"Four misfits find themselves struggling with ordinary problems when they are suddenly pulled through a mysterious portal into the Overworld: a bizarre, cubic wonderland that thrives on imagination. To get back home, they'll have to master this world while embarking on a magical quest with an unexpected, expert crafter, Steve."
19995,Avatar,Avatar,2009-12-16,35.7474,7.61,34768,en,False,"In the 22nd century, a paraplegic Marine is dispatched to the moon Pandora on a unique mission, but becomes torn between following orders and protecting an alien civilization."
105,Back to the Future,Back to the Future,1985-07-03,32.9089,8.33,22500,en,False,"Eighties teenager Marty McFly is accidentally sent back in time to 1955, inadvertently disrupting his parents' first meeting and attracting his mother's romantic interest. Marty must repair the damage to history by rekindling his parents' romance and - with the help of his eccentric inventor friend Doc Brown - return to 1985."
798645,The Running Man,The Running Man,2025-11-11,33.1667,6.723,2024,en,False,"Desperate to save his sick daughter, working-class Ben Richards is convinced by The Running Man's charming but ruthless producer to enter the deadly competition game as a last resort. But Ben's defiance, instincts, and grit turn him into an unexpected fan favorite — and a threat to the entire system. As ratings skyrocket, so does the danger, and Ben must outwit not just the Hunters, but a nation addicted to watching him fall."
603692,John Wick: Chapter 4,John Wick: Chapter 4,2023-03-21,34.664,7.712,8366,en,False,"With the price on his head ever increasing, John Wick uncovers a path to defeating The High Table. But before he can earn his freedom, Wick must face off against a new enemy with powerful alliances across the globe and forces that turn old friends into foes."
931285,Mortal Kombat II,Mortal Kombat II,2026-05-06,36.4095,7.788,2654,en,False,"The fan favorite champions—now joined by Johnny Cage himself—are pitted against one another in the ultimate, no-holds barred, gory battle to defeat the dark rule of Shao Kahn that threatens the very existence of the Earthrealm and its defenders."
585,"Monsters, Inc.","Monsters, Inc.",2001-11-01,34.6103,7.9,20325,en,False,"Lovable Sulley and his wisecracking sidekick Mike Wazowski are the top scare team at Monsters, Inc., the scream-processing factory in Monstropolis. When a little girl named Boo wanders into their world, it's the monsters who are scared silly, and it's up to Sulley and Mike to keep her out of sight and get her back home."
552524,Lilo & Stitch,Lilo & Stitch,2025-05-17,36.4677,7.2,2306,en,False,The wildly funny and touching story of a lonely Hawaiian girl and the fugitive alien who helps to mend her broken family.
284053,Thor: Ragnarok,Thor: Ragnarok,2017-10-02,35.6634,7.579,22563,en,False,"Thor is imprisoned on the other side of the universe and finds himself in a race against time to get back to Asgard to stop Ragnarok, the destruction of his home-world and the end of Asgardian civilization, at the hands of a powerful new threat, the ruthless Hela."
1078605,Weapons,Weapons,2025-08-04,34.2163,7.264,4042,en,False,"When all but one child from the same class mysteriously vanish on the same night at exactly the same time, a community is left questioning who or what is behind their disappearance."
1159559,Scream 7,Scream 7,2026-02-25,34.8117,6.215,1324,en,False,"When a new Ghostface killer emerges in the quiet town where Sidney Prescott has built a new life, her darkest fears are realized as her daughter becomes the next target. Determined to protect her family, Sidney must face the horrors of her past to put an end to the bloodshed once and for all."
68718,Django Unchained,Django Unchained,2012-12-25,35.2551,8.193,28694,en,False,"With the help of a German bounty hunter, a freed slave sets out to rescue his wife from a brutal Mississippi plantation owner."
1288059,I Want Your Sex,I Want Your Sex,2026-07-29,31.8992,6.1,93,en,False,"When a naive young man becomes the sexual muse for a renowned and provocative artist, his dream job quickly turns dangerous as he is drawn into an obsessive world of power, betrayal, and murder."
240,The Godfather Part II,The Godfather Part II,1974-12-20,33.6918,8.573,14405,en,False,"In the continuing saga of the Corleone crime family, a young Vito Corleone grows up in Sicily and in 1910s New York. In the 1950s, Michael Corleone attempts to expand the family business into Las Vegas, Hollywood and Cuba."
49013,Cars 2,Cars 2,2011-06-11,31.7502,6.193,8736,en,False,Star race car Lightning McQueen and his pal Mater head overseas to compete in the World Grand Prix race. But the road to the championship becomes rocky as Mater gets caught up in an intriguing adventure of his own: international espionage.
1304313,Lee Cronin's The Mummy,Lee Cronin's The Mummy,2026-04-15,36.0564,7.84,2752,en,False,"The young daughter of a journalist disappears into the desert without a trace—eight years later, the broken family is shocked when she is returned to them, as what should be a joyful reunion turns into a living nightmare."
12444,Harry Potter and the Deathly Hallows: Part 1,Harry Potter and the Deathly Hallows: Part 1,2010-11-17,33.9653,7.733,20854,en,False,"Harry, Ron and Hermione walk away from their last year at Hogwarts to find and destroy the remaining Horcruxes, putting an end to Voldemort's bid for immortality. But with Harry's beloved Dumbledore dead and Voldemort's unscrupulous Death Eaters on the loose, the world is more dangerous than ever."
11,Star Wars,Star Wars,1977-05-25,33.8578,8.207,22953,en,False,Princess Leia is captured and held hostage by the evil Imperial forces in their effort to take over the galactic Empire. Venturesome Luke Skywalker and dashing captain Han Solo team together with the loveable robot duo R2-D2 and C-3PO to rescue the beautiful princess and restore peace and justice in the Empire.
284054,Black Panther,Black Panther,2018-02-13,33.7974,7.361,24037,en,False,"King T'Challa returns home to the reclusive, technologically advanced African nation of Wakanda to serve as his country's new leader. However, T'Challa soon finds that he is challenged for the throne by factions within his own country as well as without. Using powers reserved to Wakandan kings, T'Challa assumes the Black Panther mantle to join with ex-girlfriend Nakia, the queen-mother, his princess-kid sister, members of the Dora Milaje (the Wakandan 'special forces') and an American secret agent, to prevent Wakanda from being dragged into a world war."
216015,Fifty Shades of Grey,Fifty Shades of Grey,2015-02-11,32.2978,5.859,12565,en,False,"When college senior Anastasia Steele steps in for her sick roommate to interview prominent businessman Christian Grey for their campus paper, little does she realize the path her life will take. Christian, as enigmatic as he is rich and powerful, finds himself strangely drawn to Ana, and she to him. Though sexually inexperienced, Ana plunges headlong into an affair -- and learns that Christian's true sexual proclivities push the boundaries of pain and pleasure."
545611,Everything Everywhere All at Once,Everything Everywhere All at Once,2022-03-24,32.5212,7.715,8482,en,False,"An aging Chinese immigrant is swept up in an insane adventure, where she alone can save what's important to her by connecting with the lives she could have led in other universes."
687259,Ghost Stories,镜花风月三之螺女挑情,1982-01-01,33.5154,6.2,2,zh,False,
58,Pirates of the Caribbean: Dead Man's Chest,Pirates of the Caribbean: Dead Man's Chest,2006-07-06,32.6468,7.391,17659,en,False,"Captain Jack Sparrow’s got a blood debt to pay: he owes his soul to the legendary Davy Jones, ghastly Ruler of the Ocean Depths. To escape eternal servitude aboard the Flying Dutchman, ever-crafty Jack must track down the still-beating heart of Jones. But he won’t do it alone: Will Turner and Elizabeth Swann are drawn back into another one of his perilous quests—assuming they can evade execution for aiding a pirate."
11324,Shutter Island,Shutter Island,2010-02-14,34.135,8.197,26518,en,False,"World War II soldier-turned-U.S. Marshal Teddy Daniels investigates the disappearance of a patient from a hospital for the criminally insane, but his efforts are compromised by troubling visions and a mysterious doctor."
840464,Greenland 2: Migration,Greenland 2: Migration,2026-01-07,34.7591,6.367,1580,en,False,"Having found the safety of the Greenland bunker after the comet Clarke decimated the Earth, the Garrity family must now risk everything to embark on a perilous journey across the wasteland of Europe to find a new home."
11770,Shaolin Soccer,少林足球,2001-07-05,34.0207,7.221,2672,cn,False,A young Shaolin follower reunites with his discouraged brothers to form a soccer team using their martial art skills to their advantage.
637649,Wrath of Man,Wrath of Man,2021-04-22,31.026,7.573,6340,en,False,"A cold and mysterious new security guard for a Los Angeles cash truck company surprises his co-workers when he unleashes precision skills during a heist. The crew is left wondering who he is and where he came from. Soon, the marksman's ultimate motive becomes clear as he takes dramatic and irrevocable steps to settle a score."
390062,Jungle,Jungle,2017-06-27,32.0544,6.732,2301,en,False,"In 1981, an enthusiastic young adventurer follows his dreams into the Bolivian Amazon jungle with two friends and a guide with a mysterious past. Their journey quickly turns into a terrifying ordeal as the darkest elements of human nature and the deadliest threats of the wilderness lead to an all-out fight for survival."
921711,Tamil Rockers,தமிழ் ராக்கர்ஸ்,2021-12-31,30.1063,4.2,5,ta,False,4 Major characters running for the Money facing more challenges by forgetting the fact that it's not the decision of money to reach human.
1301421,The Sheep Detectives,The Sheep Detectives,2026-04-30,33.212,7.931,1751,en,False,"George Hardy is a shepherd who reads detective novels to his beloved sheep every night, assuming they can't possibly understand. But when a mysterious incident disrupts life on the farm, the sheep realize they must become the detectives. As they follow the clues and investigate human suspects, they prove that even sheep can be brilliant crime-solvers."
436969,The Suicide Squad,The Suicide Squad,2021-07-28,31.5653,7.443,9955,en,False,"Supervillains Harley Quinn, Bloodsport, Peacemaker and a collection of nutty cons at Belle Reve prison join the super-secret, super-shady Task Force X as they are dropped off at the remote, enemy-infused island of Corto Maltese."
285,Pirates of the Caribbean: At World's End,Pirates of the Caribbean: At World's End,2007-05-19,34.2919,7.278,15891,en,False,"After losing Captain Jack Sparrow to the locker of Davy Jones, Will Turner, Elizabeth Swann, and Captain Barbossa journey to the ends of the earth to rescue him. And as the East India Trading Company tightens its grip on the seas under Lord Cutler Beckett—now in control of Davy Jones—the fate of piracy hangs by a thread. Now, they must unite the pirate lords for one final stand. But as loyalties are tested and alliances shift, each must ultimately choose where they stand in the battle for freedom on the high seas."
1508168,Bethlehem Kudumba Unit,ബെത്‌ലഹേം കുടുംബ യൂണിറ്റ്,2026-08-21,31.719,8.5,26,ml,False,"Ashley's homecoming from abroad takes an emotional turn when a wedding next door stirs memories of her first love, Justin."
1087192,How to Train Your Dragon,How to Train Your Dragon,2025-06-06,33.516,7.93,3159,en,False,"On the rugged isle of Berk, where Vikings and dragons have been bitter enemies for generations, Hiccup stands apart, defying centuries of tradition when he befriends Toothless, a feared Night Fury dragon. Their unlikely bond reveals the true nature of dragons, challenging the very foundations of Viking society."
324786,Hacksaw Ridge,Hacksaw Ridge,2016-10-07,32.7959,8.193,15362,en,False,"WWII American Army Medic Desmond T. Doss, who served during the Battle of Okinawa, refuses to kill people and becomes the first Conscientious Objector in American history to receive the Congressional Medal of Honor."
843352,Legend of the White Dragon,Legend of the White Dragon,2026-08-28,29.5775,5.722,18,en,False,"Forced to hide in the shadows, fugitive hero Erik Reed must clear his name to reunite with his family. Standing in his way is a mysterious villain obsessed with destroying the White Dragon for good."
466272,Once Upon a Time... in Hollywood,Once Upon a Time... in Hollywood,2019-07-24,33.9059,7.417,15340,en,False,"Los Angeles, 1969. TV star Rick Dalton, a struggling actor specializing in westerns, and stuntman Cliff Booth, his best friend, try to survive in a constantly changing movie industry. Dalton is the neighbor of the young and promising actress and model Sharon Tate, who has just married the prestigious Polish director Roman Polanski…"
165,Back to the Future Part II,Back to the Future Part II,1989-11-22,32.9541,7.784,14351,en,False,"Marty and Doc are at it again as the time-traveling duo head to 2015 to nip some McFly family woes in the bud. But things go awry thanks to bully Biff Tannen and a pesky sports almanac. In a last-ditch attempt to set things straight, Marty finds himself bound for 1955 and face to face with his teenage parents -- again."
1325734,The Drama,The Drama,2026-04-01,33.0714,6.893,1895,en,False,A happily engaged couple is put to the test when an unexpected turn sends their wedding week off the rails.
10193,Toy Story 3,Toy Story 3,2010-06-16,32.1763,7.817,16299,en,False,"Woody, Buzz, and the rest of Andy's toys haven't been played with in years. With Andy about to go to college, the gang find themselves accidentally left at a nefarious day care center. The toys must band together to escape and return home to Andy."
286217,The Martian,The Martian,2015-09-30,37.8157,7.708,21895,en,False,"During a manned mission to Mars, Astronaut Mark Watney is presumed dead after a fierce storm and left behind by his crew. But Watney has survived and finds himself stranded and alone on the hostile planet. With only meager supplies, he must draw upon his ingenuity, wit and spirit to subsist and find a way to signal to Earth that he is alive."
389,12 Angry Men,12 Angry Men,1957-04-10,34.113,8.574,10431,en,False,"The defense and the prosecution have rested and the jury is filing into the jury room to decide if a young Spanish-American is guilty or innocent of murdering his father. What begins as an open and shut case soon becomes a mini-drama of each of the jurors' prejudices and preconceptions about the trial, the accused, and each other."
1171145,Crime 101,Crime 101,2026-02-11,33.1419,7.028,1397,en,False,"When an elusive thief whose high-stakes heists unfold along the iconic 101 freeway in Los Angeles eyes the score of a lifetime, with hopes of this being his final job, his path collides with a disillusioned insurance broker who is facing her own crossroads. Determined to crack the case, a relentless detective closes in on the operation, raising the stakes even higher."
346698,Barbie,Barbie,2023-07-19,33.5968,6.907,11638,en,False,"Barbie and Ken are having the time of their lives in the colorful and seemingly perfect world of Barbie Land. However, when they get a chance to go to the real world, they soon discover the joys and perils of living among humans."
1481343,The Devil's Mouth,The Devil's Mouth,2026-07-29,27.3893,6.491,808,en,False,"A group of college friends' Thailand adventure turns deadly when they become trapped in submerged caves with a dangerous predator. As oxygen runs low, past conflicts emerge in their desperate fight for survival."
315162,Puss in Boots: The Last Wish,Puss in Boots: The Last Wish,2022-12-07,32.6738,8.219,9268,en,False,"Puss in Boots discovers that his passion for adventure has taken its toll: He has burned through eight of his nine lives, leaving him with only one life left. Puss sets out on an epic journey to find the mythical Last Wish and restore his nine lives."
11036,The Notebook,The Notebook,2004-06-25,31.634,7.889,12916,en,False,"An epic love story centered around an older man who reads aloud to a woman with Alzheimer's. From a faded notebook, the old man's words bring to life the story about a couple who is separated by World War II, and is then passionately reunited, seven years later, after they have taken different paths."
156022,The Equalizer,The Equalizer,2014-09-24,33.2422,7.295,10245,en,False,"McCall believes he has put his mysterious past behind him and dedicated himself to beginning a new, quiet life. But when he meets Teri, a young girl under the control of ultra-violent Russian gangsters, he can’t stand idly by – he has to help her. Armed with hidden skills that allow him to serve vengeance against anyone who would brutalize the helpless, McCall comes out of his self-imposed retirement and finds his desire for justice reawakened. If someone has a problem, if the odds are stacked against them, if they have nowhere else to turn, McCall will help. He is The Equalizer."
271110,Captain America: Civil War,Captain America: Civil War,2016-04-27,36.5854,7.454,24645,en,False,"Following the events of Age of Ultron, the collective governments of the world pass an act designed to regulate all superhuman activity. This polarizes opinion amongst the Avengers, causing two factions to side with Iron Man or Captain America, which causes an epic battle between former allies."
330457,Frozen II,Frozen II,2019-11-20,32.3828,7.222,10495,en,False,"Elsa, Anna, Kristoff and Olaf head far into the forest to learn the truth about an ancient mystery of their kingdom."
807,Se7en,Se7en,1995-09-22,32.6923,8.382,23899,en,False,"Two homicide detectives are on a desperate hunt for a serial killer whose crimes are based on the ""seven deadly sins"" in this dark and haunting film that takes viewers from the tortured remains of one victim to the next. The seasoned Det. Somerset researches each sin in an effort to get inside the killer's mind, while his novice partner, Mills, scoffs at his efforts to unravel the case."
1930,The Amazing Spider-Man,The Amazing Spider-Man,2012-06-23,32.6155,6.763,19171,en,False,A teenage Peter Parker grapples with both high school and amazing super-human crises as his alter-ego Spider-Man.
9489,You've Got Mail,You've Got Mail,1998-12-18,33.1934,6.711,3769,en,False,Book superstore magnate Joe Fox and independent book shop owner Kathleen Kelly fall in love in the anonymity of the Internet—both blissfully unaware that he's trying to put her out of business.
694,The Shining,The Shining,1980-05-23,30.9286,8.2,19461,en,False,"Jack Torrance accepts a caretaker job at the Overlook Hotel, where he, along with his wife Wendy and their son Danny, must live isolated from the rest of the world for the winter. But they aren't prepared for the madness that lurks within."
9806,The Incredibles,The Incredibles,2004-10-27,33.1554,7.73,19362,en,False,"Bob Parr has given up his superhero days to log in time as an insurance adjuster and raise his three children with his formerly heroic wife in suburbia. But when he receives a mysterious assignment, it's time to get back into costume."
383498,Deadpool 2,Deadpool 2,2018-05-15,29.7528,7.488,19723,en,False,Wisecracking mercenary Deadpool battles the evil and powerful Cable and other bad guys to save a boy's life.
38757,Tangled,Tangled,2010-11-24,26.4798,7.617,12736,en,False,"Feisty teenager Rapunzel, who has long and magical hair, wants to go and see sky lanterns on her eighteenth birthday, but she's bound to a tower by her overprotective mother. She strikes a deal with Flynn Rider, a charming wanted thief, and the duo set off on an action-packed escapade."
1380291,Tom Clancy's Jack Ryan: Ghost War,Tom Clancy's Jack Ryan: Ghost War,2026-05-20,32.7208,6.9,797,en,False,"Jack Ryan is reluctantly pulled back into espionage when an international covert mission unravels a deadly conspiracy. Racing against time, he joins CIA allies Mike November & James Greer and sharp MI6 officer Emma Marlowe to battle a rogue black-ops unit in a high-stakes, deeply personal fight."
272,Batman Begins,Batman Begins,2005-06-10,33.5938,7.73,23277,en,False,"Driven by tragedy, billionaire Bruce Wayne dedicates his life to uncovering and defeating the corruption that plagues his home, Gotham City.  Unable to work within the system, he instead creates a new identity, a symbol of fear for the criminal underworld - The Batman."
1380417,By Any Means,By Any Means,2026-09-02,30.8796,7.558,26,en,False,"In 1960s Mississippi, a young Black FBI agent is forced to partner with a notorious mafia hitman to investigate a wave of brutal civil rights murders."
6435,Practical Magic,Practical Magic,1998-10-16,31.1837,6.813,2004,en,False,"Sally and Gillian Owens, born into a magical family, have mostly avoided witchcraft themselves. But when Gillian's vicious boyfriend, Jimmy Angelov, dies unexpectedly, the Owens sisters give themselves a crash course in hard magic. With policeman Gary Hallet growing suspicious, the girls struggle to resurrect Angelov -- and unwittingly inject his corpse with an evil spirit that threatens to end their family line."
810,Shrek the Third,Shrek the Third,2007-05-17,33.0447,6.315,10029,en,False,"After the King of Far Far Away dies, Shrek and Fiona are to succede. However, Shrek wants to return to his cozy swamp and live in peace and quiet, so when he finds out there is another heir to the throne, he and Donkey set off to bring him back to rule the kingdom."
49051,The Hobbit: An Unexpected Journey,The Hobbit: An Unexpected Journey,2012-12-12,31.2021,7.383,20129,en,False,"Bilbo Baggins, a hobbit enjoying his quiet life, is swept into an epic quest by Gandalf the Grey and thirteen dwarves who seek to reclaim their mountain home from Smaug, the dragon."
948,Halloween,Halloween,1978-10-24,28.4224,7.558,6398,en,False,"Fifteen years after murdering his sister on Halloween Night 1963, Michael Myers escapes from a mental hospital and returns to the small town of Haddonfield, Illinois to kill again."
198663,The Maze Runner,The Maze Runner,2014-09-10,30.6813,7.19,18517,en,False,"A teenager with no memory of his past finds himself among a group of boys living in a walled enclosure surrounded by a massive, ever-changing maze. As he struggles to adapt to their rules and society, he begins to uncover clues that may lead to escape and the truth behind their confinement."
2062,Ratatouille,Ratatouille,2007-06-28,30.3886,7.8,19006,en,False,"In one of Paris's finest restaurants, Remy, a determined young rat, dreams of becoming a renowned French chef. Torn between his family's wishes and his true calling, Remy and his pal Linguini set in motion a hilarious chain of events that turns the City of Lights upside down."
71578,Desnudos,Desnudos,2004-10-22,31.004,3.9,13,es,False,"A gentle artist contends with his cheating girlfriend, and an innocent girl longs to break free from an abusive relationship. When fate brings these two lovelorn people together, true love finally blossoms."
1433367,One Night Only,One Night Only,2026-08-06,30.9106,6.436,180,en,False,Two love-starved strangers crash into each other on the one night of the year when single people are allowed to have sex.
10192,Shrek Forever After,Shrek Forever After,2010-05-16,30.841,6.415,8152,en,False,"A midlife-crisis burdened Shrek, longing for the days of when he felt like a real ogre, makes a pact with magic deal-maker Rumpelstiltskin. But when he's duped and sent to a twisted version of Far Far Away—where Rumpelstiltskin is king, ogres are hunted, and he and Fiona have never met—he sets out to restore his world and reclaim his true love."
429617,Spider-Man: Far From Home,Spider-Man: Far From Home,2019-06-28,32.0934,7.39,17685,en,False,"Peter Parker and his friends go on a summer trip to Europe. However, they will hardly be able to rest - Peter will have to agree to help Nick Fury uncover the mystery of creatures that cause natural disasters and destruction throughout the continent."
1400837,Other Mommy,Other Mommy,2026-10-07,29.9864,0.0,0,en,False,"Young Bela forms a relationship with a sinister entity in her home that looks uncannily like her own mother, drawing her into a terrifying and increasingly dark world."
985939,Fall,Fall,2022-08-11,33.2825,7.1,4917,en,False,"For best friends Becky and Hunter, life is all about conquering fears and pushing limits. But after they climb 2,000 feet to the top of a remote, abandoned radio tower, they find themselves stranded with no way down. Now Becky and Hunter's expert climbing skills will be put to the ultimate test as they desperately fight to survive the elements, a lack of supplies, and vertigo-inducing heights."
424,Schindler's List,Schindler's List,1993-12-15,30.8041,8.568,17987,en,False,The true story of how businessman Oskar Schindler saved over a thousand Jewish lives from the Nazis while they worked as slaves in his factory during World War II.
177572,Big Hero 6,Big Hero 6,2014-10-24,31.8497,7.725,16957,en,False,"A special bond develops between plus-sized inflatable robot Baymax, and prodigy Hiro Hamada, who team up with a group of friends to form a band of high-tech heroes."
38365,Grown Ups,Grown Ups,2010-06-24,32.622,6.438,6915,en,False,"After their high school basketball coach passes away, five good friends and former teammates reunite for a Fourth of July holiday weekend."
76338,Thor: The Dark World,Thor: The Dark World,2013-10-30,32.0628,6.508,18787,en,False,"Thor fights to restore order across the cosmos… but an ancient race led by the vengeful Malekith returns to plunge the universe back into darkness. Faced with an enemy that even Odin and Asgard cannot withstand, Thor must embark on his most perilous and personal journey yet, one that will reunite him with Jane Foster and force him to sacrifice everything to save us all."
502356,The Super Mario Bros. Movie,The Super Mario Bros. Movie,2023-04-05,32.099,7.59,11182,en,False,"While working underground to fix a water main, Brooklyn plumbers—and brothers—Mario and Luigi are transported down a mysterious pipe and wander into a magical new world. But when the brothers are separated, Mario embarks on an epic quest to find Luigi."
109445,Frozen,Frozen,2013-11-20,29.8723,7.25,17930,en,False,"Young princess Anna of Arendelle dreams about finding true love at her sister Elsa’s coronation. Fate takes her on a dangerous journey in an attempt to end the eternal winter that has fallen over the kingdom. She's accompanied by ice delivery man Kristoff, his reindeer Sven, and snowman Olaf. On an adventure where she will find out what friendship, courage, family, and true love really means."
822653,Puella Magi Madoka Magica the Movie -Walpurgisnacht: Rising-,劇場版 魔法少女まどか☆マギカ〈ワルプルギスの廻天〉,2026-08-28,33.7283,9.0,2,ja,False,"After the events of Rebellion, the world appears to be in balance—but that peace is fragile. As a new threat connected to Walpurgisnacht emerges, Homura Akemi is forced to face the consequences of her choices and question how far she is willing to go to protect Madoka."
866398,The Beekeeper,The Beekeeper,2024-01-08,30.858,7.281,4577,en,False,One man's campaign for vengeance takes on national stakes after he is revealed to be a former operative of a powerful and clandestine organization known as Beekeepers.
653346,Kingdom of the Planet of the Apes,Kingdom of the Planet of the Apes,2024-05-08,30.4926,7.048,4488,en,False,"Several generations following Caesar's reign, apes – now the dominant species – live harmoniously while humans have been reduced to living in the shadows. As a new tyrannical ape leader builds his empire, one young ape undertakes a harrowing journey that will cause him to question all he's known about the past and to make choices that will define a future for apes and humans alike."
47260,Caught,Caught,1996-01-24,25.3207,5.7,28,en,False,A middle-aged couple has a drifter enter their lives. The fish-store owners find that the mysterious young man awakens the couple in ways they didn't expect. Things get tense when the drifter begins an affair with the woman of the house.
489,Good Will Hunting,Good Will Hunting,1997-12-05,30.8643,8.165,14375,en,False,"Will Hunting is a headstrong, working-class genius who is failing the lessons of life. After one too many run-ins with the law, Will's last chance is a psychology professor, who might be the only man who can reach him."
16869,Inglourious Basterds,Inglourious Basterds,2009-08-02,32.022,8.217,24872,en,False,"In Nazi-occupied France during World War II, a group of Jewish-American soldiers known as ""The Basterds"" are chosen specifically to spread fear throughout the Third Reich by scalping and brutally killing Nazis. The Basterds, lead by Lt. Aldo Raine soon cross paths with a French-Jewish teenage girl who runs a movie theater in Paris which is targeted by the soldiers."
106646,The Wolf of Wall Street,The Wolf of Wall Street,2013-12-25,31.6485,8.027,26637,en,False,"A New York stockbroker refuses to cooperate in a large securities fraud case involving corruption on Wall Street, corporate banking world and mob infiltration. Based on Jordan Belfort's autobiography."
259693,The Conjuring 2,The Conjuring 2,2016-06-08,30.8536,7.295,9449,en,False,Lorraine and Ed Warren travel to north London to help a single mother raising four children alone in a house plagued by malicious spirits.
419430,Get Out,Get Out,2017-02-24,32.6957,7.625,19416,en,False,"Chris and his girlfriend Rose go upstate to visit her parents for the weekend. At first, Chris reads the family's overly accommodating behavior as nervous attempts to deal with their daughter's interracial relationship, but as the weekend progresses, a series of increasingly disturbing discoveries lead him to a truth that he never could have imagined."
228150,Fury,Fury,2014-10-15,31.9137,7.545,13279,en,False,"April, 1945. As the Allies make their final push in the European Theater, a battle-hardened army sergeant commands a Sherman tank with a five-man crew on a deadly mission behind enemy lines."
72190,World War Z,World War Z,2013-06-19,30.836,6.854,17111,en,False,"Life for former United Nations investigator Gerry Lane and his family seems content. Suddenly, the world is plagued by a mysterious infection turning whole human populations into rampaging mindless zombies. After barely escaping the chaos, Lane is persuaded to go on a mission to investigate this disease. What follows is a perilous trek around the world where Lane must brave horrific dangers and long odds to find answers before human civilization falls."
8966,Twilight,Twilight,2008-11-20,31.8096,6.272,14712,en,False,"When Bella Swan moves to a small town in the Pacific Northwest, she falls in love with Edward Cullen, a mysterious classmate who reveals himself to be a 108-year-old vampire. Despite Edward's repeated cautions, Bella can't stay away from him, a fatal move that endangers her own life."
845781,Red One,Red One,2024-10-31,30.3943,6.951,3184,en,False,"After Santa Claus (codename: Red One) is kidnapped, the North Pole's Head of Security must team up with the world's most infamous tracker in a globe-trotting, action-packed mission to save Christmas."
967941,Wicked: For Good,Wicked: For Good,2025-11-19,29.9963,6.573,1169,en,False,"As an angry mob rises against the Wicked Witch, Glinda and Elphaba must unite one last time with honesty and empathy to fulfill their shared destiny and change the fate of Oz forever."
411,"The Chronicles of Narnia: The Lion, the Witch and the Wardrobe","The Chronicles of Narnia: The Lion, the Witch and the Wardrobe",2005-12-07,29.5357,7.144,11806,en,False,Four kids travel through a wardrobe to the land of Narnia and learn of their destiny to free it with the guidance of a mystical lion.
181808,Star Wars: The Last Jedi,Star Wars: The Last Jedi,2017-12-13,30.9762,6.734,16729,en,False,"Rey develops her newly discovered abilities with the guidance of Luke Skywalker, who is unsettled by the strength of her powers. Meanwhile, the Resistance prepares to do battle with the First Order."
1598766,Crayon Shin-chan the Movie: Very Bizarre! My Yokai Vacation,クレヨンしんちゃん 奇々怪々！オラの妖怪バケ～ション,2026-07-31,30.5338,0.0,0,ja,False,"Shin-chan and his family visit his father's home town of Akita in order to view the Omagari Fireworks Festival. When a strange incident to causes the residents of “Yokai Land” to begin running wild throughout Akita and the rest of Japan, Shin-chan and company are lured to “Yokai Land” for an unusual adventure."
425274,Now You See Me: Now You Don't,Now You See Me: Now You Don't,2025-11-12,31.3392,6.44,1860,en,False,"The original Four Horsemen reunite with a new generation of illusionists to take on powerful diamond heiress Veronika Vanderberg, who leads a criminal empire built on money laundering and trafficking. The new and old magicians must overcome their differences to work together on their most ambitious heist yet."
466420,Killers of the Flower Moon,Killers of the Flower Moon,2023-10-18,29.3984,7.392,4379,en,False,"When oil is discovered in 1920s Oklahoma under Osage Nation land, the Osage people are murdered one by one—until the FBI steps in to unravel the mystery."
37165,The Truman Show,The Truman Show,1998-06-04,28.9006,8.16,20948,en,False,"In a picture-perfect seaside town, an insurance salesman begins to realize that his entire existence may be staged and observed by a vast unseen audience as part of a long-running real-time reality TV show."
1489187,You Drive Me Crazy,Сводишь с ума,2025-10-09,53.9102,7.872,39,ru,False,"Alisa moves into a spacious apartment in St. Petersburg, where the mirror starts to malfunction, showing the young lodger a parallel reality of the same apartment. Only it is not Alisa who lives in this parallel reality, but the party animal Ivan. Will the young people be able to recognize true love and will they be able to unite their worlds in order to meet in reality and simply touch each other?"
950396,The Gorge,The Gorge,2025-02-13,29.7121,7.701,4257,en,False,"Two highly trained operatives grow close from a distance after being sent to guard opposite sides of a mysterious gorge. When an evil below emerges, they must work together to survive what lies within."
1329016,Tony,Tony,2026-08-07,28.156,7.542,119,en,False,"A 19-year-old Anthony Bourdain travels to Provincetown and stumbles into the chaotic world of a restaurant kitchen, setting off a summer that will shape the course of his life."
559,Spider-Man 3,Spider-Man 3,2007-05-01,30.5377,6.484,15835,en,False,"The seemingly invincible Spider-Man goes up against an all-new crop of villains—including the shape-shifting Sandman. While Spider-Man’s superpowers are altered by an alien organism, his alter ego, Peter Parker, deals with nemesis Eddie Brock and also gets caught up in a love triangle."
760104,X,X,2022-03-17,30.714,6.703,4163,en,False,"In 1979, a group of young filmmakers set out to make an adult film in rural Texas, but when their reclusive, elderly hosts catch them in the act, the cast find themselves fighting for their lives."
1580190,The Scavenger,除暴之路,2026-09-23,21.14,2.0,1,zh,False,"When his aspiring-celebrity sister becomes trapped in a criminal scheme within an entertainment company, a devoted brother teams up with local police to uncover the truth and take down the powerful underworld behind it."
269149,Zootopia,Zootopia,2016-02-11,29.4073,7.765,18569,en,False,"Determined to prove herself, Officer Judy Hopps, the first bunny on Zootopia's police force, jumps at the chance to crack her first case - even if it means partnering with scam-artist fox Nick Wilde to solve the mystery."
447332,A Quiet Place,A Quiet Place,2018-04-03,30.7559,7.395,15780,en,False,A family is forced to live in silence while hiding from creatures that hunt by sound.
377670,Chapo: El Escape Del Siglo,Chapo: El Escape Del Siglo,2016-01-15,26.6865,5.5,31,es,False,A famous drug kingpin escapes from prison. The mexican president wants him back in jail whereas the U.S. government wants him dead.
1124620,The Monkey,The Monkey,2025-02-10,29.7693,5.985,1477,en,False,"When twin brothers find a mysterious wind-up monkey, a series of outrageous deaths tear their family apart. Twenty-five years later, the monkey begins a new killing spree forcing the estranged brothers to confront the cursed toy."
497698,Black Widow,Black Widow,2021-07-07,28.3709,7.145,11669,en,False,"Natasha Romanoff, also known as Black Widow, confronts the darker parts of her ledger when a dangerous conspiracy with ties to her past arises. Pursued by a force that will stop at nothing to bring her down, Natasha must deal with her history as a spy and the broken relationships left in her wake long before she became an Avenger."
1339588,Finding Emily,Finding Emily,2026-05-21,28.3345,6.801,73,en,False,"When a lovesick musician is given the wrong number for his dream girl, he teams up with a driven psychology student to find her. Together, they spark a hilarious campus-wide frenzy that tests their own hearts and ambitions along the way."
10625,Mean Girls,Mean Girls,2004-04-30,31.4814,7.231,9703,en,False,"Cady Heron is a hit with The Plastics, the A-list girl clique at her new school, until she makes the mistake of falling for Aaron Samuels, the ex-boyfriend of alpha Plastic Regina George."
28322,Madness,Vacanze per un massacro,1980-03-20,23.2245,5.2,35,it,False,"An escaped convicted murderer invades the cottage of a man, his wife and the wife's sister, whereupon he proceeds to torment this already dysfunctional trio with rape and violence."
105864,The Good Dinosaur,The Good Dinosaur,2015-11-14,27.0319,6.755,6177,en,False,An epic journey into the world of dinosaurs where an Apatosaurus named Arlo makes an unlikely human friend.
68721,Iron Man 3,Iron Man 3,2013-04-18,30.3522,6.933,23942,en,False,"When Tony Stark's world is torn apart by a formidable terrorist called the Mandarin, he starts an odyssey of rebuilding and retribution."
675871,Super Troopers 3,Super Troopers 3,2026-08-06,26.3634,6.564,39,en,False,"When Farva’s wildly over-the-top Indian engagement to Thorny’s sister spirals into chaos, the Super Troopers must navigate Thorny’s schemes to break up the relationship, while trying to crack a pernicious new drug ring  — all to save the day and maybe the wedding itself."
170,28 Days Later,28 Days Later,2002-10-31,28.5408,7.244,8927,en,False,"Twenty-eight days after a killer virus was accidentally unleashed from a British research facility, a small group of London survivors are caught in a desperate struggle to protect themselves from the infected. Carried by animals and humans, the virus turns those it infects into homicidal maniacs -- and it's absolutely impossible to contain."
284052,Doctor Strange,Doctor Strange,2016-10-25,30.5719,7.426,23990,en,False,"After his career is destroyed, a brilliant but arrogant surgeon gets a new lease on life when a sorcerer takes him under her wing and trains him to defend the world against evil."
769,GoodFellas,GoodFellas,1990-09-12,30.5603,8.45,14825,en,False,"The true story of Henry Hill, a half-Irish, half-Sicilian Brooklyn kid who is adopted by neighbourhood gangsters at an early age and climbs the ranks of a Mafia family under the guidance of Jimmy Conway."
507086,Jurassic World Dominion,Jurassic World Dominion,2022-06-01,28.1828,6.588,7314,en,False,"Four years after Isla Nublar was destroyed, dinosaurs now live—and hunt—alongside humans all over the world. This fragile balance will reshape the future and determine, once and for all, whether human beings are to remain the apex predators on a planet they now share with history's most fearsome creatures."
980477,Ne Zha 2,哪吒之魔童闹海,2025-01-29,28.8379,8.193,841,zh,False,"After a catastrophic event leaves their bodies destroyed, Ne Zha and Ao Bing are granted a fragile second chance at life. As tensions rise between the dragon clans and celestial forces, the two must undergo a series of perilous trials that will test their bond, challenge their identities, and decide the fate of both mortals and immortals."
214756,Ted 2,Ted 2,2015-06-25,27.8999,6.327,8194,en,False,"Newlywed couple Ted and Tami-Lynn want to have a baby, but in order to qualify to be a parent, Ted will have to prove he's a person in a court of law."
505642,Black Panther: Wakanda Forever,Black Panther: Wakanda Forever,2022-11-09,29.6768,6.988,7826,en,False,"Queen Ramonda, Shuri, M’Baku, Okoye and the Dora Milaje fight to protect their nation from intervening world powers in the wake of King T’Challa’s death.  As the Wakandans strive to embrace their next chapter, the heroes must band together with the help of War Dog Nakia and Everett Ross and forge a new path for the kingdom of Wakanda."
313369,La La Land,La La Land,2016-12-01,28.4471,7.894,18551,en,False,"Mia, an aspiring actress, serves lattes to movie stars in between auditions and Sebastian, a jazz musician, scrapes by playing cocktail party gigs in dingy bars, but as success mounts they are faced with decisions that begin to fray the fragile fabric of their love affair, and the dreams they worked so hard to maintain in each other threaten to rip them apart."
629542,The Bad Guys,The Bad Guys,2022-03-17,32.3251,7.512,2693,en,False,"When the Bad Guys, a crew of criminal animals, are finally caught after years of heists and being the world’s most-wanted villains, Mr. Wolf brokers a deal to save them all from prison."
87101,Terminator Genisys,Terminator Genisys,2015-06-23,27.0258,5.962,9209,en,False,"The year is 2029. John Connor, leader of the resistance continues the war against the machines. At the Los Angeles offensive, John's fears of the unknown future begin to emerge when TECOM spies reveal a new plot by SkyNet that will attack him from both fronts; past and future, and will ultimately change warfare forever."
974262,Descendants: The Rise of Red,Descendants: The Rise of Red,2024-07-11,27.8599,6.7,530,en,False,"After the Queen of Hearts incites a coup on Auradon, her rebellious daughter Red and Cinderella's perfectionist daughter Chloe join forces and travel back in time to try to undo the traumatic event that set Red's mother down her villainous path."
14160,Up,Up,2009-05-28,29.1309,7.96,22199,en,False,"Carl Fredricksen spent his entire life dreaming of exploring the globe and experiencing life to its fullest. But at age 78, life seems to have passed him by, until a twist of fate (and a persistent 8-year old Wilderness Explorer named Russell) gives him a new lease on life."
293660,Deadpool,Deadpool,2016-02-09,30.6164,7.626,33377,en,False,"The origin story of former Special Forces operative turned mercenary Wade Wilson, who, after being subjected to a rogue experiment that leaves him with accelerated healing powers, adopts the alter ego Deadpool. Armed with his new abilities and a dark, twisted sense of humor, Deadpool hunts down the man who nearly destroyed his life."
111,Scarface,Scarface,1983-12-09,26.7526,8.154,13507,en,False,"After getting a green card in exchange for assassinating a Cuban government official, Tony Montana stakes a claim on the drug trade in Miami. Viciously murdering anyone who stands in his way, Tony eventually becomes the biggest drug lord in the state, controlling nearly all the cocaine that comes through Miami. But increased pressure from the police, wars with Colombian drug cartels and his own drug-fueled paranoia serve to fuel the flames of his eventual downfall."
207,Dead Poets Society,Dead Poets Society,1989-06-02,28.0505,8.296,13010,en,False,"At an elite, old-fashioned boarding school in New England, a passionate English teacher inspires his students to rebel against convention and seize the potential of every day, courting the disdain of the stern headmaster."
1428226,Until the End of the World,Hasta el Fin del Mundo,2026-07-23,27.1668,7.969,97,es,False,"Manuel's life is upended when Esmeralda, his lost love from 15 years ago, calls unexpectedly. Despite being set to marry another, he rediscovers Esmeralda, and they realize their love transcends time."
1244523,Beware Boiúna,Beware Boiúna,2026-10-01,31.478,6.0,2,en,False,"Deep in the Amazon, a medical mission spirals into a fight for survival when Boiúna, a colossal ancient predator, awakens to reclaim her domain. In the jungle where nature holds absolute power, she decides who lives and who dies."
101299,The Hunger Games: Catching Fire,The Hunger Games: Catching Fire,2013-11-15,29.3279,7.424,18843,en,False,"After surviving the Hunger Games, Katniss and Peeta struggle with the consequences of their victory as unrest spreads across Panem. Forced back into the spotlight, they become symbols of hope and resistance while the Capitol prepares a new and deadly challenge that will change the future of the nation forever."
93456,Despicable Me 2,Despicable Me 2,2013-06-26,34.0942,6.949,12264,en,False,Gru is recruited by the Anti-Villain League to help deal with a powerful new super criminal.
18785,The Hangover,The Hangover,2009-06-02,29.701,7.338,18583,en,False,"When three friends finally come to after a raucous night of bachelor-party revelry, they find a baby in the closet and a tiger in the bathroom. But they can't seem to locate their best friend, Doug – who's supposed to be tying the knot. Launching a frantic search for Doug, the trio perseveres through a nasty hangover to try to make it to the church on time."
11544,Lilo & Stitch,Lilo & Stitch,2002-06-21,28.0404,7.561,7270,en,False,"As Stitch, a runaway genetic experiment from a faraway planet, wreaks havoc on the Hawaiian Islands, he becomes the mischievous adopted alien ""puppy"" of an independent little girl named Lilo and learns about loyalty, friendship, and ʻohana, the Hawaiian tradition of family."
1405742,Portal to Hell,Portal to Hell,2025-02-22,24.8291,5.48,25,en,False,"After a debt-collector finds a portal to hell in a washing machine at his local laundromat, he’s propositioned into feeding it sinners to save his neighbor’s soul, maybe even at the expense of his own."
4348,Pride & Prejudice,Pride & Prejudice,2005-09-16,28.9916,8.052,8986,en,False,"A story of love and life among the landed English gentry during the Georgian era. Mr. Bennet is a gentleman living in Hertfordshire with his overbearing wife and five daughters, but if he dies their house will be inherited by a distant cousin whom they have never met, so the family's future happiness and security is dependent on the daughters making good marriages."
12155,Alice in Wonderland,Alice in Wonderland,2010-03-03,28.945,6.643,15087,en,False,"Alice, now 19 years old, returns to the whimsical world she first entered as a child and embarks on a journey to discover her true destiny."
18,The Fifth Element,Le Cinquième Élément,1997-05-02,26.8659,7.592,12209,fr,False,"In 2257, a taxi driver is unintentionally given the task of saving a young girl who is part of the key that will ensure the survival of humanity."
22,Pirates of the Caribbean: The Curse of the Black Pearl,Pirates of the Caribbean: The Curse of the Black Pearl,2003-07-09,28.5465,7.835,22850,en,False,"When wily pirate Captain Barbossa seizes Jack Sparrow’s beloved ship, the Black Pearl, and kidnaps the governor’s daughter, Elizabeth Swann, blacksmith Will Turner reluctantly teams up with the unpredictable pirate Jack to rescue her—only to uncover a terrifying curse that turns Barbossa’s crew into the undead."
857,Saving Private Ryan,Saving Private Ryan,1998-07-24,26.7488,8.232,17854,en,False,"As U.S. troops storm the beaches of Normandy, three brothers lie dead on the battlefield, with a fourth trapped behind enemy lines. Ranger captain John Miller and seven men are tasked with penetrating German-held territory and bringing the boy home."
522627,The Gentlemen,The Gentlemen,2020-01-01,28.5952,7.659,6936,en,False,"American expat Mickey Pearson has built a highly profitable marijuana empire in London. When word gets out that he’s looking to cash out of the business forever it triggers plots, schemes, bribery and blackmail in an attempt to steal his domain out from under him."
331482,Little Women,Little Women,2019-12-25,24.1246,7.84,7027,en,False,Four sisters come of age in America in the aftermath of the Civil War.
301528,Toy Story 4,Toy Story 4,2019-06-19,29.7816,7.464,11036,en,False,"Woody has always been confident about his place in the world, devoted to taking care of his kid—whether that's Andy or Bonnie. But after Bonnie creates a reluctant new toy called ""Forky"", a road trip adventure alongside old and new friends challenges everything Woody believes about loyalty, purpose, and what it truly means to be a toy."
429,"The Good, the Bad and the Ugly","Il buono, il brutto, il cattivo",1966-12-23,27.5047,8.469,9995,it,False,"While the Civil War rages on between the Union and the Confederacy, three men – a quiet loner, a ruthless hitman, and a Mexican bandit – comb the American Southwest in search of a strongbox containing $200,000 in stolen gold."
24,Kill Bill: Vol. 1,Kill Bill: Vol. 1,2003-10-10,28.308,7.97,19488,en,False,"An assassin is shot by her ruthless employer, Bill, and other members of their assassination circle – but she lives to plot her vengeance."
49521,Man of Steel,Man of Steel,2013-06-12,29.698,6.661,16652,en,False,"A young boy learns that he has extraordinary powers and is not of this earth. As a young man, he journeys to discover where he came from and what he was sent here to do. But the hero in him must emerge if he is to save the world from annihilation and become the symbol of hope for all mankind."
1724,The Incredible Hulk,The Incredible Hulk,2008-06-12,27.9557,6.263,13190,en,False,"Scientist Bruce Banner scours the planet for an antidote to the unbridled force of rage within him: the Hulk. But when the military masterminds who dream of exploiting his powers force him back to civilization, he finds himself coming face to face with a new, deadly foe."
1244492,Look Back,ルックバック,2024-06-28,27.0638,8.189,685,ja,False,"Popular, outgoing Fujino is celebrated by her classmates for her funny comics in the class newspaper. One day, her teacher asks her to share the space with Kyomoto, a truant recluse whose beautiful artwork sparks a competitive fervor in Fujino. What starts as jealousy transforms when Fujino realizes their shared passion for drawing."
822119,Captain America: Brave New World,Captain America: Brave New World,2025-02-12,29.017,5.957,3459,en,False,"After meeting with newly elected U.S. President Thaddeus Ross, Sam finds himself in the middle of an international incident. He must discover the reason behind a nefarious global plot before the true mastermind has the entire world seeing red."
62,2001: A Space Odyssey,2001: A Space Odyssey,1968-04-02,26.7549,8.0,13001,en,False,"Humanity finds a mysterious object buried beneath the lunar surface and sets off to find its origins with the help of HAL 9000, the world's most advanced super computer."
508947,Turning Red,Turning Red,2022-03-10,28.9976,7.327,6065,en,False,"Thirteen-year-old Mei is experiencing the awkwardness of being a teenager with a twist – when she gets too excited, she transforms into a giant red panda."
10020,Beauty and the Beast,Beauty and the Beast,1991-10-22,27.5944,7.723,10920,en,False,"Follow the adventures of Belle, a bright young woman who finds herself in the castle of a prince who's been turned into a mysterious beast. With the help of the castle's enchanted staff, Belle soon learns the most important lesson of all -- that true beauty comes from within."
1491920,Kung Fu Soccer,功夫女足,2026-07-11,26.5964,5.912,34,zh,False,"The ""Supreme Invincible Cup"" is about to begin, and a host of top teams are about to engage in an unprecedented showdown! But the Kung Fu Women's Soccer Team has been dealt a hellish script right from the start?! Their opponents are all highly skilled, and external pressure is mounting. The schemes on the field are one after another... Can they use their kung fu to turn the tide on the green field?"
282035,The Mummy,The Mummy,2017-06-06,27.1419,5.52,7821,en,False,"Though safely entombed in a crypt deep beneath the unforgiving desert, an ancient queen whose destiny was unjustly taken from her is awakened in our current day, bringing with her malevolence grown over millennia, and terrors that defy human comprehension."
1750432,Spidey and the Avengers: Halloween Team-Up!,Spidey and the Avengers: Halloween Team-Up!,2026-09-24,28.899,7.3,6,en,False,"Spidey and the Avengers' Halloween plans are turned upside down by the mysterious Hallows' Eve, who plays magical tricks on trick or treaters and plans to ruin Halloween forever."
640,Catch Me If You Can,Catch Me If You Can,2002-12-16,27.4592,7.978,17648,en,False,"A true story about Frank Abagnale Jr. who, before his 19th birthday, successfully conned millions of dollars worth of checks as a Pan Am pilot, doctor, and legal prosecutor. An FBI agent makes it his mission to put him behind bars. But Frank not only eludes capture, he revels in the pursuit."
372058,Your Name.,君の名は。,2016-07-01,31.9245,8.488,13053,ja,False,"High schoolers Mitsuha and Taki are complete strangers living separate lives. But one night, they suddenly switch places. Mitsuha wakes up in Taki’s body, and he in hers. This bizarre occurrence continues to happen randomly, and the two must adjust their lives around each other."
329865,Arrival,Arrival,2016-11-10,27.0819,7.635,19954,en,False,"Taking place after alien crafts land around the world, an expert linguist is recruited by the military to determine whether they come in peace or are a threat."
926393,The Equalizer 3,The Equalizer 3,2023-08-30,28.0514,7.291,3945,en,False,"Robert McCall finds himself at home in Southern Italy but he discovers his friends are under the control of local crime bosses. As events turn deadly, McCall knows what he has to do: become his friends' protector by taking on the mafia."
564,The Mummy,The Mummy,1999-04-16,30.1545,6.998,10448,en,False,Dashing legionnaire Rick O'Connell stumbles upon the hidden ruins of Hamunaptra while in the midst of a battle to claim the area in 1920s Egypt. It has been over three thousand years since former High Priest Imhotep suffered a fate worse than death as a punishment for a forbidden love—along with a curse that guarantees eternal doom upon the world if he is ever awoken.
1317288,Marty Supreme,Marty Supreme,2025-12-19,26.7472,7.367,2250,en,False,"Marty Mauser, a young man with a dream no one respects, goes to hell and back in pursuit of greatness."
1641580,The Last Assassins,The Last Assassins,2026-07-21,26.3288,6.0,6,en,False,"After her father is murdered, a young warrior known as “The Kid” and her guardian cross a violent dystopian future in search of the aunt she has never met. The world is trapped in permanent winter and shrouded in deadly fog, and Nobel is bound by an oath to protect the few remaining members of her family. Their journey leads them to an abandoned laboratory, where holograms reveal secrets from the family’s past. But as the boundary between the digital and physical worlds begins to collapse, the young woman may hold the key to what comes next."
1100988,28 Years Later,28 Years Later,2025-06-18,29.6681,6.608,3020,en,False,"Twenty-eight years after the Rage virus outbreak, a heavily-defended island survives connected to the mainland by a single causeway. When one of the group leaves the island into the dark heart of the mainland, he discovers secrets, wonders, and horrors that have mutated not only the infected but other survivors as well."
281957,The Revenant,The Revenant,2015-12-25,25.7368,7.541,19774,en,False,"In the 1820s, a frontiersman, Hugh Glass, sets out on a path of vengeance against those who left him for dead after a bear mauling."
436270,Black Adam,Black Adam,2022-10-19,26.4509,6.76,7294,en,False,"Nearly 5,000 years after he was bestowed with the almighty powers of the Egyptian gods—and imprisoned just as quickly—Black Adam is freed from his earthly tomb, ready to unleash his unique form of justice on the modern world."
786892,Furiosa: A Mad Max Saga,Furiosa: A Mad Max Saga,2024-05-22,27.2628,7.441,5238,en,False,"As the world falls, young Furiosa is snatched from the Green Place of Many Mothers into the hands of a great biker horde led by the warlord Dementus. Sweeping through the wasteland, they encounter the citadel presided over by Immortan Joe. The two tyrants wage war for dominance, and Furiosa must survive many trials as she puts together the means to find her way home."
458156,John Wick: Chapter 3 - Parabellum,John Wick: Chapter 3 - Parabellum,2019-05-15,23.7422,7.439,12130,en,False,"Super-assassin John Wick returns with a $14 million price tag on his head and an army of bounty-hunting killers on his trail. After killing a member of the shadowy international assassin’s guild, the High Table, John Wick is excommunicado, but the world’s most ruthless hit men and women await his every turn."
283995,Guardians of the Galaxy Vol. 2,Guardians of the Galaxy Vol. 2,2017-04-25,28.792,7.61,23513,en,False,The Guardians must fight to keep their newfound family together as they unravel the mysteries of Peter Quill's true parentage.
359410,Road House,Road House,2024-03-08,27.071,6.936,3266,en,False,"Ex-UFC fighter Dalton takes a job as a bouncer at a Florida Keys roadhouse, only to discover that this paradise is not all it seems."
1318447,Apex,Apex,2026-04-24,26.2704,6.891,1969,en,False,A grieving woman pushing her limits on a solo adventure in the Australian wild is ensnared in a twisted game with a cunning killer who thinks she's prey.
1400940,Clayface,Clayface,2026-10-21,26.0561,0.0,0,en,False,"Matt Hagen's meteoric rise from Gotham street kid to Hollywood leading man is tragically cut short when a local crime boss's actions leave him horribly disfigured. Abandoned by his team and with nothing left, Matt seeks out a cutting edge treatment that miraculously returns him to his former self… but also unexpectedly affects his grip on reality, spiraling him down a destructive path of all-consuming revenge."
1857,The Transformers: The Movie,The Transformers: The Movie,1986-08-08,25.0692,7.149,645,en,False,"The Autobots must stop a colossal planet-consuming robot who goes after the Autobot Matrix of Leadership. At the same time, they must defend themselves against an all-out attack from the Decepticons."
791128,Youngest Sister Class,막장자매 클라쓰,2020-05-01,33.9977,4.6,8,ko,False,"Lim Da-yeong, the older sister, intercepted the lover of her younger sister, Lim Da-jeong, who is Yoon Tae-jin. As if this were not enough, Da-yeong imprisoned her younger sister in a mental hospital and lived a happy married life with Tae-jin. Then one day, the Da-jeong escapes from the mental hospital and conspires with helper Jo Yong-hwan, who is her ward friend, to exact cruel revenge on her older sister and her former lover. Both Da-yeong and Tae-jin endure Da-jeong's bloody kidnapping, domesticated slave life and harsh punishments. They look for opportunities to escape with a scary plot in their hearts.  What will be the ending for these crazy sisters?"
1422,The Departed,The Departed,2006-10-04,27.286,8.158,16725,en,False,"To take down South Boston's Irish Mafia, the police send in one of their own to infiltrate the underworld, not realizing the syndicate has done likewise. While an undercover cop curries favor with the mob kingpin, a career criminal rises through the police ranks. But both sides soon discover there's a mole among them."
9502,Kung Fu Panda,Kung Fu Panda,2008-06-04,27.2944,7.3,13043,en,False,"Chosen by prophecy but doubted by all, Po is an unlikely choice for the mystical title of the Dragon Warrior—a clumsy panda thrust into the world of kung fu as a deadly enemy threatens the Valley of Peace. Under reluctant guidance by Master Shifu and the Furious Five, Po must embrace who he is to unlock the power that no scroll can teach."
895954,母女汽车中心,莫尼卡中心,2021-01-01,25.1033,4.0,1,ko,False,"Yeon Ja, a working mother, runs a car center after divorce and is raising her daughter all by herself. Her daughter, Ah Jung, started helping her when she became an adult, however, the customers don't trust weak-looking women to touch machines and the business at the car center is slow. Thanks to Ah Jung's punk boyfriend, Sung Hoon, they came up with an idea to turn the car center into a sexy car center."
1525963,Debtor’s Wife,채무자의 아내,2024-12-26,26.2969,0.0,0,ko,False,"Soo-yeong and Hae-soo are college friends stuck in a love tangle: Soo-yeong likes Che-moo, but Che-moo likes Hae-soo. Meanwhile, Hae-soo likes Dae-in, but Dae-in likes Soo-yeong. Despite the mixed-up feelings, they end up in mismatched marriages. Later, Hae-soo wants to have a baby and tries to get closer to her husband, Dae-in. But Dae-in knows he can’t have children, so he secretly makes a surprising proposal to Soo-yeong’s husband, Che-moo."
1340206,Tuner,Tuner,2026-05-21,25.1867,7.624,515,en,False,"A gifted piano tuner's meticulous skills for tuning pianos lead him to discover an unexpected aptitude for cracking safes, turning his life upside down."
616037,Thor: Love and Thunder,Thor: Love and Thunder,2022-07-06,26.1362,6.356,9011,en,False,"After his retirement is interrupted by Gorr the God Butcher, a galactic killer who seeks the extinction of the gods, Thor Odinson enlists the help of King Valkyrie, Korg, and ex-girlfriend Jane Foster, who now wields Mjolnir as the Mighty Thor. Together they embark upon a harrowing cosmic adventure to uncover the mystery of the God Butcher’s vengeance and stop him before it’s too late."
519182,Despicable Me 4,Despicable Me 4,2024-06-20,27.7162,7.0,3389,en,False,"Gru and Lucy and their girls—Margo, Edith and Agnes—welcome a new member to the Gru family, Gru Jr., who is intent on tormenting his dad. Gru also faces a new nemesis in Maxime Le Mal and his femme fatale girlfriend Valentina, forcing the family to go on the run."
792307,Poor Things,Poor Things,2023-12-07,28.1099,7.629,5795,en,False,"Brought back to life by an unorthodox scientist, a young woman runs off with a lawyer on a whirlwind adventure across the continents. Free from the prejudices of her times, she grows steadfast in her purpose to stand for equality and liberation."
1198994,Send Help,Send Help,2026-01-22,27.2484,7.012,2358,en,False,"Two colleagues become stranded on a deserted island, the only survivors of a plane crash. On the island, they must overcome past grievances and work together to survive, but ultimately, it's a battle of wills and wits to make it out alive."
718930,Bullet Train,Bullet Train,2022-07-20,28.3522,7.407,7988,en,False,"Unlucky assassin Ladybug is determined to do his job peacefully after one too many gigs gone off the rails. Fate, however, may have other plans, as Ladybug's latest mission puts him on a collision course with lethal adversaries from around the globe—all with connected, yet conflicting, objectives—on the world's fastest train."
920,Cars,Cars,2006-06-08,26.0677,7.057,15592,en,False,"Lightning McQueen, a hotshot rookie race car driven to succeed, discovers that life is about the journey, not the finish line, when he finds himself unexpectedly detoured in the sleepy Route 66 town of Radiator Springs. On route across the country to the big Piston Cup Championship in California to compete against two seasoned pros, McQueen gets to know the town's offbeat characters."
954,Mission: Impossible,Mission: Impossible,1996-05-22,27.7387,7.031,10316,en,False,"When Ethan Hunt, the leader of a crack espionage team whose perilous operation has gone awry with no explanation, discovers that a mole has penetrated the CIA, he's surprised to learn that he's the prime suspect. To clear his name, Hunt now must ferret out the real double agent and, in the process, even the score."
1124,The Prestige,The Prestige,2006-10-19,28.218,8.211,18216,en,False,"A mysterious story of two magicians whose intense rivalry leads them on a life-long battle for supremacy -- full of obsession, deceit and jealousy with dangerous and deadly consequences."
1175942,The Bad Guys 2,The Bad Guys 2,2025-07-24,31.1733,7.623,914,en,False,"The now-reformed Bad Guys are trying (very, very hard) to be good, but instead find themselves hijacked into a high-stakes, globe-trotting heist, masterminded by a new team of criminals they never saw coming: The Bad Girls."
1727780,Borderline,Borderline,2026-07-17,26.4856,6.0,16,en,False,"Convinced they are our secret saviors, rogue U.S. operatives abduct Mexican gang members and seed them across major American cities, unleashing criminal chaos, swaying voters by playing on nativist prejudices, and forcing law enforcement into a race to expose the plot as the escalating carnage threatens democracy itself."
1266800,The Desert Child,L'enfant du désert,2026-04-08,22.5396,7.4,30,fr,False,"14-year-old Sun has written and successfully published a story based on an incredible story told by her late grandfather about a wild child called Hadara, who is saved by a group of ostriches when he becomes separated from his family in a storm, and is then raised in the desert amid a host of wild animals, including his best friend, a desert fox. When Sun is invited to travel to the Sahara by a local community who has heard about her book, she meets Kharouba, a Nomad girl of her own age, and realizes there may be much more to Hadara than just a character in a bedtime story."
27578,The Expendables,The Expendables,2010-08-07,23.2667,6.251,8492,en,False,"Barney Ross leads a band of highly skilled mercenaries including knife enthusiast Lee Christmas, a martial arts expert Yin Yang, heavy weapons specialist Hale Caesar, demolitionist Toll Road, and a loose-cannon sniper Gunner Jensen. When the group is commissioned by the mysterious Mr. Church to assassinate the dictator of a small South American island, Barney and Lee visit the remote locale to scout out their opposition and discover the true nature of the conflict engulfing the city."
57800,Ice Age: Continental Drift,Ice Age: Continental Drift,2012-06-27,27.1898,6.395,8300,en,False,"Manny, Diego, and Sid embark upon another adventure after their continent is set adrift. Using an iceberg as a ship, they encounter sea creatures and battle pirates as they explore a new world."
1054867,One Battle After Another,One Battle After Another,2025-09-23,29.3311,7.337,4340,en,False,"Washed-up revolutionary Bob exists in a state of stoned paranoia, surviving off-grid with his spirited, self-reliant daughter, Willa. When his evil nemesis resurfaces after 16 years and she goes missing, the former radical scrambles to find her, father and daughter both battling the consequences of his past."
87513,Motor City,Motor City,2026-07-23,26.3479,6.232,123,en,False,"In 1970s Detroit, John Miller falls for a local gangster's girl and lands in prison for a crime he didn't commit. With his life ruined, Miller plots revenge against the man who took his girl away."
370172,No Time to Die,No Time to Die,2021-09-29,27.7783,7.338,7427,en,False,"Bond has left active service and is enjoying a tranquil life in Jamaica. His peace is short-lived when his old friend Felix Leiter from the CIA turns up asking for help. The mission to rescue a kidnapped scientist turns out to be far more treacherous than expected, leading Bond onto the trail of a mysterious villain armed with dangerous new technology."
77338,The Intouchables,Intouchables,2011-11-02,26.5838,8.272,18885,fr,False,A true story of two men who should never have met – a quadriplegic aristocrat who was injured in a paragliding accident and a young man from the projects.
78,Blade Runner,Blade Runner,1982-06-25,25.8219,7.936,15467,en,False,"In the smog-choked dystopian Los Angeles of 2019, blade runner Rick Deckard is called out of retirement to terminate a quartet of replicants who have escaped to Earth seeking their creator for a way to extend their short life spans."
381284,Hidden Figures,Hidden Figures,2016-12-10,25.3432,8.049,10706,en,False,"The untold story of Katherine G. Johnson, Dorothy Vaughan and Mary Jackson – brilliant African-American women working at NASA and serving as the brains behind one of the greatest operations in history – the launch of astronaut John Glenn into orbit. The visionary trio crossed all gender and race lines to inspire generations to dream big."
762509,Mufasa: The Lion King,Mufasa: The Lion King,2024-12-18,27.4864,7.282,2790,en,False,"Mufasa, a cub lost and alone, meets a sympathetic lion named Taka, the heir to a royal bloodline. The chance meeting sets in motion an expansive journey of a group of misfits searching for their destiny."
330477,Baby Love,Baby Love,1979-01-01,28.3148,3.0,7,it,False,"A queen has a stepdaughter named Baby Love, whom she wants to sell as a bride to the highest bidder. Four individuals present themselves to the castle to contribute to a kind of auction, but the girl, route to all sexual experiences while still a virgin, prefers to set out and lose virginity with a young knife thrower who is, incidentally, also the queen's lover. Kidnapped, finally, by an actor of avant-garde theater, Baby Love chooses to live with him in a hermitage, while mother and buyers remain with egg on the face?"
546554,Knives Out,Knives Out,2019-11-27,27.6278,7.844,14573,en,False,"When renowned crime novelist Harlan Thrombey is found dead at his estate just after his 85th birthday, the inquisitive and debonair Detective Benoit Blanc is mysteriously enlisted to investigate. From Harlan's dysfunctional family to his devoted staff, Blanc sifts through a web of red herrings and self-serving lies to uncover the truth behind Harlan's untimely death."
9820,The Parent Trap,The Parent Trap,1998-07-28,26.7704,7.22,4668,en,False,"Hallie Parker and Annie James are identical twins who were separated at a young age due to their parents' divorce. Unbeknownst to their parents, the girls are sent to the same summer camp, where they meet, discover the truth about their relationship, and come up with a plan to switch places in an effort to reunite their mother and father."
1170608,Dune: Part Three,Dune: Part Three,2026-12-15,25.8415,0.0,0,en,False,"Nearly two decades after he seized control of the Imperium, Paul Atreides is now a ruthless Emperor, and must face the consequences of his reign as old allies return, terrifying new threats emerge, and betrayal lurks in every shadow. Haunted by visions of Imperial collapse and the reappearance of his long-lost love, Paul is drawn into a sweeping conspiracy, with Chani at the heart of its unfolding mystery. As enemies close in, Paul must confront the true cost of power and the fate of those he loves the most."
420818,The Lion King,The Lion King,2019-07-12,28.9487,7.09,10931,en,False,"Simba idolizes his father, King Mufasa, and takes to heart his own royal destiny. But not everyone in the kingdom celebrates the new cub's arrival. Scar, Mufasa's brother—and former heir to the throne—has plans of his own. The battle for Pride Rock is ravaged with betrayal, tragedy and drama, ultimately resulting in Simba's exile. With help from a curious pair of newfound friends, Simba will have to figure out how to grow up and take back what is rightfully his."
615656,Meg 2: The Trench,Meg 2: The Trench,2023-08-02,26.1467,6.351,4135,en,False,An exploratory dive into the deepest depths of the ocean of a daring research team spirals into chaos when a malevolent mining operation threatens their mission and forces them into a high-stakes battle for survival.
1451944,Lust Stories 3,लस्ट स्टोरीज़ ३,2026-09-18,23.7821,6.111,9,hi,False,"Through four bite-sized yet emotionally resonant films, the anthology once again explores lust, love, relationships, and repressed desire, offering fresh perspectives on intimacy, longing, and human connection in all their complexity."
823464,Godzilla x Kong: The New Empire,Godzilla x Kong: The New Empire,2024-03-27,25.0276,7.034,4887,en,False,"Following their explosive showdown, Godzilla and Kong must reunite against a colossal undiscovered threat hidden within our world, challenging their very existence – and our own."
345887,The Equalizer 2,The Equalizer 2,2018-07-19,26.1047,6.795,6190,en,False,"Robert McCall, who serves an unflinching justice for the exploited and oppressed, embarks on a relentless, globe-trotting quest for vengeance when his former partner is murdered."
1197306,A Working Man,A Working Man,2025-03-26,28.2607,6.679,2108,en,False,"Levon Cade left behind a decorated military career in the black ops to live a simple life working construction. But when his boss's daughter, who is like family to him, is taken by human traffickers, his search to bring her home uncovers a world of corruption far greater than he ever could have imagined."
10195,Thor,Thor,2011-04-21,26.5821,6.772,22865,en,False,"Against his father Odin's will, The Mighty Thor - a powerful but arrogant warrior god - recklessly reignites an ancient war. Thor is cast down to Earth and forced to live among humans as punishment. Once here, Thor learns what it takes to be a true hero when the most dangerous villain of his world sends the darkest forces of Asgard to invade Earth."
1072790,Anyone but You,Anyone but You,2023-12-21,28.481,6.746,3239,en,False,"After an amazing first date, Bea and Ben’s fiery attraction turns ice cold — until they find themselves unexpectedly reunited at a destination wedding in Australia. So they do what any two mature adults would do: pretend to be a couple."
945961,Alien: Romulus,Alien: Romulus,2024-08-13,27.1936,7.16,4936,en,False,"While scavenging the deep ends of a derelict space station, a group of young space colonizers come face to face with the most terrifying life form in the universe."
10144,The Little Mermaid,The Little Mermaid,1989-11-17,26.5906,7.352,8589,en,False,This colorful adventure tells the story of an impetuous mermaid princess named Ariel who falls in love with the very human Prince Eric and puts everything on the line for the chance to be with him. Memorable songs and characters -- including the villainous sea witch Ursula.
1153714,Death of a Unicorn,Death of a Unicorn,2025-03-17,24.4966,6.39,939,en,False,"A father and daughter accidentally hit and kill a unicorn while en route to a weekend retreat, where his billionaire boss seeks to exploit the creature’s miraculous curative properties."
1153714,Death of a Unicorn,Death of a Unicorn,2025-03-17,24.4966,6.39,939,en,False,"A father and daughter accidentally hit and kill a unicorn while en route to a weekend retreat, where his billionaire boss seeks to exploit the creature’s miraculous curative properties."
7518,Over the Hedge,Over the Hedge,2006-05-17,26.1215,6.61,4997,en,False,"A scheming raccoon fools a mismatched family of forest creatures into helping him repay a debt of food, by invading the new suburban sprawl that popped up while they were hibernating – and learns a lesson about family himself."
85,Raiders of the Lost Ark,Raiders of the Lost Ark,1981-06-12,26.5265,7.927,14051,en,False,"When Dr. Indiana Jones – the tweed-suited professor who just happens to be a celebrated archaeologist – is hired by the government to locate the legendary Ark of the Covenant, he finds himself up against the entire Nazi regime."
1284041,The Last House,The Last House,2026-08-06,27.9158,6.83,1444,en,False,A family suddenly sealed inside their home must work together to survive against dwindling resources and the ominous threat keeping them trapped.
652,Troy,Troy,2004-05-13,24.7893,7.192,11575,en,False,"In year 1250 B.C. during the late Bronze age, two emerging nations begin to clash. Paris, the Trojan prince, convinces Helen, Queen of Sparta, to leave her husband Menelaus, and sail with him back to Troy. After Menelaus finds out that his wife was taken by the Trojans, he asks his brother Agamemnon to help him get her back. Agamemnon sees this as an opportunity for power. They set off with 1,000 ships holding 50,000 Greeks to Troy."
1008042,Talk to Me,Talk to Me,2023-07-26,24.9452,7.143,4011,en,False,"When a group of friends discover how to conjure spirits using an embalmed hand, they become hooked on the new thrill, until one of them goes too far and unleashes terrifying supernatural forces."
345,Eyes Wide Shut,Eyes Wide Shut,1999-07-16,27.9286,7.485,7354,en,False,"After Dr. Bill Harford's wife, Alice, admits to having sexual fantasies about a man she met, Bill becomes obsessed with having a sexual encounter. He discovers an underground sexual group and attends one of their meetings -- and quickly discovers that he is in over his head."
1865,Pirates of the Caribbean: On Stranger Tides,Pirates of the Caribbean: On Stranger Tides,2011-05-15,27.2866,6.6,15291,en,False,"When Jack crosses paths with a woman from his past, he's not sure if it's love...or if she's a ruthless con artist using him to find the fabled Fountain of Youth."
209112,Batman v Superman: Dawn of Justice,Batman v Superman: Dawn of Justice,2016-03-23,25.2763,6.013,19415,en,False,"Fearing the actions of a god-like Super Hero left unchecked, Gotham City’s own formidable, forceful vigilante takes on Metropolis’s most revered, modern-day savior, while the world wrestles with what sort of hero it really needs. And with Batman and Superman at war with one another, a new threat quickly arises, putting mankind in greater danger than it’s ever known before."
1306368,The Rip,The Rip,2026-01-13,25.6848,7.082,1957,en,False,"Trust frays when a team of Miami cops discovers millions in cash inside a run-down stash house, calling everyone — and everything — into question."
454626,Sonic the Hedgehog,Sonic the Hedgehog,2020-02-12,24.9219,7.3,10610,en,False,"Powered with incredible speed, Sonic The Hedgehog embraces his new home on Earth. That is, until Sonic sparks the attention of super-uncool evil genius Dr. Robotnik. Now it’s super-villain vs. super-sonic in an all-out race across the globe to stop Robotnik from using Sonic’s unique power for world domination."
1154538,Nirvanna the Band the Show the Movie,Nirvanna the Band the Show the Movie,2026-02-02,22.3755,7.577,143,en,False,"When their plan to book a show at the Rivoli goes horribly wrong, Matt and Jay accidentally travel back to the year 2008."
346364,It,It,2017-09-06,24.552,7.24,20730,en,False,"In a small town in Maine, seven children known as The Losers Club come face to face with life problems, bullies and a monster that takes the shape of a clown called Pennywise."
1522126,1000 Men and Me: The Bonnie Blue Story,1000 Men and Me: The Bonnie Blue Story,2025-07-29,22.1793,5.05,30,en,False,"Adult content creator Bonnie Blue announced that she’d slept with 1057 men in 12 hours. Exploring the polarising debate around Bonnie and the pornification of our society, the film follows her over the most eye-opening six months of her life."
75656,Now You See Me,Now You See Me,2013-05-29,24.5714,7.325,17180,en,False,An FBI agent and an Interpol detective track a team of illusionists who pull off bank heists during their performances and reward their audiences with the money.
10439,Hocus Pocus,Hocus Pocus,1993-07-16,27.2587,7.037,3407,en,False,"After 300 years of slumber, three sister witches are accidentally resurrected in Salem on Halloween night, and it is up to three kids and their newfound feline friend to put an end to the witches' reign of terror once and for all."
574475,Final Destination Bloodlines,Final Destination Bloodlines,2025-05-14,25.0883,7.034,3152,en,False,"Plagued by a violent recurring nightmare, college student Stefanie heads home to track down the one person who might be able to break the cycle and save her family from the grisly demise that inevitably awaits them all."
68726,Pacific Rim,Pacific Rim,2013-07-11,25.621,6.95,13866,en,False,"Using massive piloted robots to combat the alien threat, Earth's survivors take the fight to the invading alien force lurking in the depths of the Pacific Ocean. Nearly defenseless in the face of the relentless enemy, the forces of mankind have no choice but to turn to two unlikely heroes who now stand as Earth's final hope against the mounting apocalypse."
260514,Cars 3,Cars 3,2017-06-15,24.8477,6.867,6610,en,False,"Blindsided by a new generation of blazing-fast racers, the legendary Lightning McQueen finds himself pushed to the brink—and suddenly, the champion who once ruled the track is fighting just to stay in the race. With his career hanging in the balance, McQueen must turn to an ambitious young race technician with a plan of her own, draw strength from the legacy of the late Fabulous Hudson Hornet, and risk everything on one last shot at glory."
1608457,누나 친구 4,누나 친구 4,2024-12-16,25.3287,0.0,0,ko,False,
447273,Snow White,Snow White,2025-03-19,25.6702,4.246,1753,en,False,"Following the benevolent King's disappearance, the Evil Queen dominated the once fair land with a cruel streak. Princess Snow White flees the castle when the Queen, in her jealousy over Snow White's inner beauty, tries to kill her. Deep into the dark woods, she stumbles upon seven magical dwarves and a young bandit named Jonathan. Together, they strive to survive the Queen's relentless pursuit and aspire to take back the kingdom."
541671,Ballerina,Ballerina,2025-06-04,23.2251,7.268,3016,en,False,"Taking place during the events of John Wick: Chapter 3 – Parabellum, Eve Macarro begins her training in the assassin traditions of the Ruska Roma."
940551,Migration,Migration,2023-12-06,26.3822,7.354,2330,en,False,"After a migrating duck family alights on their pond with thrilling tales of far-flung places, the Mallard family embarks on a family road trip, from New England, to New York City, to tropical Jamaica."
118,Charlie and the Chocolate Factory,Charlie and the Chocolate Factory,2005-07-13,25.7953,7.037,16426,en,False,"A young boy wins a tour through the most magnificent chocolate factory in the world, led by the world's most unusual candy maker."
26827,Who's That Girl,Who's That Girl,1987-08-07,27.611,5.5,263,en,False,An uptight New York City tax lawyer gets his life turned upside down one day when he's asked to escort a feisty free-spirited ex-convict who asks him to help prove her innocence of her crime.
62177,Brave,Brave,2012-06-21,25.0244,7.037,14477,en,False,"In the mystical Scottish Highlands, Merida is the princess of a kingdom ruled by King Fergus and Queen Elinor. An unruly daughter and an accomplished archer, Merida one day defies a sacred custom of the land and inadvertently brings turmoil to the kingdom. In an attempt to set things right, Merida seeks out an eccentric old Wise Woman and is granted an ill-fated wish."
609681,The Marvels,The Marvels,2023-11-08,26.188,5.905,3674,en,False,"When her duties send her to an anomalous wormhole linked to a Kree revolutionary, Carol's powers become entangled with that of Jersey City super-fan Kamala Khan, aka Ms. Marvel, and Carol's estranged niece, now S.A.B.E.R. astronaut Captain Monica Rambeau. Together, this unlikely trio must team up and learn to work in concert to save the universe."
575264,Mission: Impossible - Dead Reckoning Part One,Mission: Impossible - Dead Reckoning Part One,2023-07-08,26.3054,7.502,5411,en,False,"Ethan Hunt and his IMF team embark on their most dangerous mission yet: To track down a terrifying new weapon that threatens all of humanity before it falls into the wrong hands. With control of the future and the world's fate at stake and dark forces from Ethan's past closing in, a deadly race around the globe begins. Confronted by a mysterious, all-powerful enemy, Ethan must consider that nothing can matter more than his mission—not even the lives of those he cares about most."
264980,Loves of a French Pussycat,Das Mädchen mit der heißen Masche,1972-03-09,25.5915,4.2,9,de,False,"Rolf, a sex-advice columnist and a lecher, has affairs with numerous women, but never a permanent relationship. Suzanne, one of his ex-lovers, offers to bet that no woman can get Rolf to propose marriage, a bet her girlfriend Andrea eagerly accepts. But there's a catch: To win the bet, Andrea must get the womanizing Rolf to commit to marriage without first going to bed with him."
474350,It Chapter Two,It Chapter Two,2019-09-04,24.3966,6.825,9889,en,False,"27 years after overcoming the malevolent supernatural entity Pennywise, the former members of the Losers' Club, who have grown up and moved away from Derry, are brought back together by a devastating phone call."
102382,The Amazing Spider-Man 2,The Amazing Spider-Man 2,2014-04-16,24.3138,6.563,14798,en,False,"For Peter Parker, life is busy. Between taking out the bad guys as Spider-Man and spending time with the person he loves, Gwen Stacy, high school graduation cannot come quickly enough. Peter has not forgotten about the promise he made to Gwen’s father to protect her by staying away, but that is a promise he cannot keep. Things will change for Peter when a new villain, Electro, emerges, an old friend, Harry Osborn, returns, and Peter uncovers new clues about his past."
128,Princess Mononoke,もののけ姫,1997-07-12,24.0226,8.3,9341,ja,False,"Ashitaka, a prince of the disappearing Emishi people, is cursed by a demonized boar god and must journey to the west to find a cure. Along the way, he encounters San, a young human woman fighting to protect the forest, and Lady Eboshi, who is trying to destroy it. Ashitaka must find a way to bring balance to this conflict."
1035259,The Naked Gun,The Naked Gun,2025-07-30,25.5246,6.346,2012,en,False,"Only one man has the particular set of skills... to lead Police Squad and save the world: Lt. Frank Drebin Jr. Following in his father's footsteps, he must solve a murder case to prevent Police Squad from closure."
1564614,Leviticus,Leviticus,2026-06-17,25.5819,6.802,550,en,False,Two teenage boys must escape a violent entity that takes the form of the person they desire most:  each other.
384018,Fast & Furious Presents: Hobbs & Shaw,Fast & Furious Presents: Hobbs & Shaw,2019-07-31,23.9577,6.818,7952,en,False,"Ever since US Diplomatic Security Service Agent Hobbs and lawless outcast Shaw first faced off, they just have traded smack talk and body blows. But when cyber-genetically enhanced anarchist Brixton's ruthless actions threaten the future of humanity, they join forces to defeat him."
6977,No Country for Old Men,No Country for Old Men,2007-11-09,25.7686,7.951,13841,en,False,"Llewelyn Moss stumbles upon dead bodies, $2 million and a hoard of heroin in a Texas desert, but methodical killer Anton Chigurh comes looking for it, with local sheriff Ed Tom Bell hot on his trail. The roles of prey and predator blur as the violent pursuit of money and justice collide."
976893,Perfect Days,PERFECT DAYS,2023-11-10,27.8193,7.822,2087,ja,False,"Hirayama is content with his life as a toilet cleaner in Tokyo. Outside of his structured routine, he cherishes music on cassette tapes, books, and taking photos of trees. Through unexpected encounters, he reflects on finding beauty in the world."
278154,Ice Age: Collision Course,Ice Age: Collision Course,2016-06-23,23.9225,6.121,4998,en,False,"Set after the events of Continental Drift, Scrat's epic pursuit of his elusive acorn catapults him outside of Earth, where he accidentally sets off a series of cosmic events that transform and threaten the planet. To save themselves from peril, Manny, Sid, Diego, and the rest of the herd leave their home and embark on a quest full of thrills and spills, highs and lows, laughter and adventure while traveling to exotic new lands and locations."
8355,Ice Age: Dawn of the Dinosaurs,Ice Age: Dawn of the Dinosaurs,2009-06-26,26.1226,6.778,9098,en,False,"Times are changing for Manny the moody mammoth, Sid the motor mouthed sloth and Diego the crafty saber-toothed tiger. Life heats up for our heroes when they meet some new and none-too-friendly neighbors – the mighty dinosaurs."
76492,Hotel Transylvania,Hotel Transylvania,2012-09-20,24.0999,7.0,9393,en,False,"Welcome to Hotel Transylvania, Dracula's lavish five-stake resort, where monsters and their families can live it up and no humans are allowed. One special weekend, Dracula has invited all his best friends to celebrate his beloved daughter Mavis's 118th birthday. For Dracula catering to all of these legendary monsters is no problem but the party really starts when one ordinary guy stumbles into the hotel and changes everything!"
929590,Civil War,Civil War,2024-04-10,23.7854,6.844,4618,en,False,"In the near future, a group of war journalists attempt to survive while reporting the truth as the United States stands on the brink of civil war."
558449,Gladiator II,Gladiator II,2024-11-13,24.3651,6.592,4781,en,False,"Years after witnessing the death of the revered hero Maximus at the hands of his uncle, Lucius is forced to enter the Colosseum after his home is conquered by the tyrannical Emperors who now lead Rome with an iron fist. With rage in his heart and the future of the Empire at stake, Lucius must look to his past to find strength and honor to return the glory of Rome to its people."
567646,Extreme Job,극한직업,2019-01-23,24.6224,7.168,374,ko,False,"A drug squad attempts to take down a criminal organization and they must go undercover to do so, so they begin working at a chicken restaurant, that becomes famous for its delicious chicken. Due to the unexpected popularity, the detectives find themselves in a situation they never expected."
1266127,Ready or Not: Here I Come,Ready or Not: Here I Come,2026-03-19,23.0744,7.542,1694,en,False,"Moments after surviving an all-out attack from the Le Domas family, Grace discovers she’s reached the next level of the nightmarish game — and this time with her estranged sister Faith at her side. Grace has one chance to survive, keep her sister alive, and claim the High Seat of the Council that controls the world. Four rival families are hunting her for the throne, and whoever wins rules it all."
299537,Captain Marvel,Captain Marvel,2019-03-06,25.2264,6.77,17206,en,False,"The story follows Carol Danvers as she becomes one of the universe’s most powerful heroes when Earth is caught in the middle of a galactic war between two alien races. Set in the 1990s, Captain Marvel is an all-new adventure from a previously unseen period in the history of the Marvel Cinematic Universe."
1483525,Possible Love,가능한 사랑,2026-09-23,27.1426,9.0,1,ko,False,A laid-off worker and his wife cross paths with a documentary filmmaker and her spouse and confront their hidden desires.
425,Ice Age,Ice Age,2002-03-14,25.8519,7.385,14677,en,False,"Manny the mammoth, Sid the loquacious sloth, and Diego the sabre-toothed tiger go on a comical quest to return a human baby back to his father, across a world on the brink of an ice age."
377,A Nightmare on Elm Street,A Nightmare on Elm Street,1984-11-09,24.6498,7.355,5974,en,False,"Teenagers in a small town are dropping like flies, apparently in the grip of mass hysteria causing their suicides. A cop's daughter, Nancy Thompson, traces the cause to child molester Fred Krueger, who was burned alive by angry parents many years before. Krueger has now come back in the dreams of his killers' children, claiming their lives as his revenge. Nancy and her boyfriend, Glen, must devise a plan to lure the monster out of the realm of nightmares and into the real world..."
957,Spaceballs,Spaceballs,1987-06-24,18.4303,6.891,3569,en,False,"When the nefarious Dark Helmet hatches a plan to snatch Princess Vespa and steal her planet's air, space-bum-for-hire Lone Starr and his clueless sidekick fly to the rescue. Along the way, they meet Yogurt, who puts Lone Starr wise to the power of ""The Schwartz."" Can he master it in time to save the day?"
1159831,The Bride!,The Bride!,2026-03-04,25.004,6.124,673,en,False,A lonely Frankenstein travels to 1930s Chicago to ask groundbreaking scientist Dr. Euphronious to create a companion for him. The two revive a murdered young woman and The Bride is born. But what ensues is beyond what either of them imagined.
1447853,Oasis: Don't Look Back in Anger,Oasis: Don't Look Back in Anger,2026-09-09,23.5136,7.5,21,en,False,"Experience the meteoric rise of Oasis through rare footage and untold stories as the band reunites for Oasis Live '25, chronicling their journey from Manchester streets to global rock stardom."
82690,Wreck-It Ralph,Wreck-It Ralph,2012-11-01,25.7673,7.362,13350,en,False,"Wreck-It Ralph is the 9-foot-tall, 643-pound villain of an arcade video game named Fix-It Felix Jr., in which the game's titular hero fixes buildings that Ralph destroys. Wanting to prove he can be a good guy and not just a villain, Ralph escapes his game and lands in Hero's Duty, a first-person shooter where he helps the game's hero battle against alien invaders. He later enters Sugar Rush, a kart racing game set on tracks made of candies, cookies and other sweets. There, Ralph meets Vanellope von Schweetz who has learned that her game is faced with a dire threat that could affect the entire arcade, and one that Ralph may have inadvertently started."
1011985,Kung Fu Panda 4,Kung Fu Panda 4,2024-03-02,25.4575,7.0,3704,en,False,"Po is gearing up to become the spiritual leader of his Valley of Peace, but also needs someone to take his place as Dragon Warrior. As such, he will train a new kung fu practitioner for the spot and will encounter a villain called the Chameleon who conjures villains from the past."
713704,Evil Dead Rise,Evil Dead Rise,2023-04-12,25.4927,6.962,4032,en,False,"A reunion between two estranged sisters gets cut short by the rise of flesh-possessing demons, thrusting them into a primal battle for survival as they face the most nightmarish version of family imaginable."
695721,The Hunger Games: The Ballad of Songbirds & Snakes,The Hunger Games: The Ballad of Songbirds & Snakes,2023-11-15,24.5561,6.953,3708,en,False,"64 years before he becomes the tyrannical president of Panem, Coriolanus Snow sees a chance for a change in fortunes when he mentors Lucy Gray Baird, the female tribute from District 12."
197,Braveheart,Braveheart,1995-05-24,24.8795,7.945,11484,en,False,"Enraged at the slaughter of Murron, his new bride and childhood love, Scottish warrior William Wallace slays a platoon of the local English lord's soldiers. This leads the village to revolt and, eventually, the entire country to rise up against English rule."
562,Die Hard,Die Hard,1988-07-15,23.6172,7.816,12700,en,False,"High above the city of L.A. a team of terrorists has seized a building, taken hostages, and declared war. One man has manages to escape... An off-duty cop hiding somewhere inside. He's alone, tired... and the only chance anyone has got."
680493,Return to Silent Hill,Return to Silent Hill,2026-01-21,23.472,5.3,862,en,False,"When James receives a mysterious letter from his lost love Mary, he is drawn to Silent Hill—a once-familiar town now consumed by darkness. As he searches for her, James faces monstrous creatures and unravels a terrifying truth that will push him to the edge of his sanity."
131634,The Hunger Games: Mockingjay - Part 2,The Hunger Games: Mockingjay - Part 2,2015-11-18,25.6148,6.897,13633,en,False,"As the war between the Capitol and the districts reaches its peak, Katniss Everdeen embarks on a perilous mission to liberate Panem and confront President Snow. Joined by a team of trusted allies, she navigates deadly traps, shifting loyalties, and the heavy cost of rebellion, determined to bring freedom to her people and end the Hunger Games once and for all."
1548708,Sakamoto Days,SAKAMOTO DAYS,2026-04-29,16.8024,7.5,6,ja,False,"After getting married and having a daughter, a retired legendary hitman must protect his family when his past catches up to him."
